tarjeta,perfil,zona_residencia_origen,activa,fecha_baja,ultima_operacion,ultima_secuencia
TC-00000001,estudiante,Zona 11,true,,UPDATE,10641
TC-00000010,estudiante,Mixco,true,,INSERT,16080
TC-00000013,adulto_mayor,Zona 18,true,,UPDATE,27971
TC-00000020,estudiante,Zona 17,true,,UPDATE,17762
TC-00000023,general,Zona 11,true,,UPDATE,13481
TC-00000027,,,false,2026-06-03 08:46:00,DELETE,2028
TC-00000029,trabajador,Zona 13,true,,INSERT,3490
TC-00000030,adulto_mayor,Mixco,true,,UPDATE,30018
TC-00000035,estudiante,Zona 17,true,,INSERT,53
TC-00000038,,,false,2026-06-22 20:22:00,DELETE,15160
TC-00000041,general,Mixco,true,,UPDATE,25329
TC-00000043,estudiante,Zona 12,false,2026-07-09 22:22:00,DELETE,26823
TC-00000044,trabajador,Zona 8,false,2026-07-15 13:29:00,DELETE,30983
TC-00000045,general,Zona 13,true,,UPDATE,27979
TC-00000046,general,Zona 10,false,2026-07-14 10:40:00,DELETE,30343
TC-00000049,trabajador,Zona 12,true,,INSERT,3542
TC-00000054,,,false,2026-07-08 13:33:00,DELETE,26137
TC-00000059,adulto_mayor,Zona 4,true,,UPDATE,25403
TC-00000063,general,Mixco,true,,UPDATE,14948
TC-00000065,estudiante,Zona 4,true,,INSERT,903
TC-00000066,trabajador,Zona 9,true,,UPDATE,18408
TC-00000070,general,Zona 6,true,,UPDATE,7833
TC-00000071,,,false,2026-07-02 10:01:00,DELETE,22015
TC-00000076,adulto_mayor,Zona 12,true,,UPDATE,10141
TC-00000078,trabajador,Zona 18,true,,INSERT,25636
TC-00000082,trabajador,San Miguel Petapa,true,,INSERT,11222
TC-00000084,estudiante,Zona 4,true,,UPDATE,3888
TC-00000091,estudiante,Zona 7,true,,INSERT,26962
TC-00000098,,,false,2026-06-16 19:49:00,DELETE,10970
TC-00000099,general,Zona 7,true,,UPDATE,2649
TC-00000102,adulto_mayor,Villa Nueva,false,2026-06-25 01:56:00,DELETE,17187
TC-00000105,trabajador,Zona 1,true,,UPDATE,17784
TC-00000106,general,Zona 17,true,,UPDATE,8863
TC-00000107,adulto_mayor,Zona 17,true,,UPDATE,26526
TC-00000108,trabajador,Zona 9,true,,INSERT,11968
TC-00000112,adulto_mayor,Zona 12,true,,UPDATE,29278
TC-00000118,,,false,2026-06-23 02:01:00,DELETE,15820
TC-00000125,adulto_mayor,Zona 8,true,,UPDATE,18399
TC-00000128,general,Zona 7,true,,INSERT,24905
TC-00000129,trabajador,Zona 18,true,,UPDATE,12677
TC-00000133,general,Zona 6,false,2026-07-02 22:15:00,DELETE,22036
TC-00000135,estudiante,Zona 13,true,,UPDATE,28030
TC-00000137,estudiante,Zona 1,true,,UPDATE,23723
TC-00000138,trabajador,Zona 13,true,,UPDATE,10922
TC-00000149,trabajador,Zona 11,false,2026-06-12 18:39:00,DELETE,8207
TC-00000155,trabajador,Santa Catarina Pinula,true,,INSERT,10558
TC-00000159,,,false,2026-07-08 21:14:00,DELETE,26131
TC-00000165,estudiante,Zona 13,true,,INSERT,17483
TC-00000166,trabajador,Zona 10,true,,INSERT,20773
TC-00000167,trabajador,Zona 13,true,,INSERT,29835
TC-00000176,,,false,2026-07-06 13:08:00,DELETE,24833
TC-00000178,,,false,2026-06-24 00:22:00,DELETE,16551
TC-00000181,,,false,2026-06-13 23:36:00,DELETE,8966
TC-00000191,trabajador,Zona 6,false,2026-06-25 10:03:00,DELETE,17167
TC-00000193,adulto_mayor,Mixco,true,,UPDATE,22545
TC-00000196,estudiante,Mixco,true,,INSERT,30420
TC-00000201,,,false,2026-06-11 15:24:00,DELETE,7572
TC-00000202,adulto_mayor,Zona 6,true,,UPDATE,6729
TC-00000215,general,San Miguel Petapa,true,,INSERT,9180
TC-00000219,trabajador,Zona 12,true,,UPDATE,30797
TC-00000225,estudiante,San Miguel Petapa,true,,UPDATE,19090
TC-00000226,trabajador,Zona 9,true,,UPDATE,8531
TC-00000228,,,false,2026-07-08 16:21:00,DELETE,26217
TC-00000233,trabajador,Villa Nueva,true,,UPDATE,4494
TC-00000236,,,false,2026-06-13 11:56:00,DELETE,8894
TC-00000237,general,Villa Nueva,true,,UPDATE,26507
TC-00000239,adulto_mayor,Santa Catarina Pinula,true,,UPDATE,9307
TC-00000240,general,Zona 12,true,,UPDATE,3907
TC-00000243,estudiante,Zona 12,true,,UPDATE,1640
TC-00000248,adulto_mayor,Zona 11,true,,UPDATE,9532
TC-00000249,adulto_mayor,Villa Nueva,true,,INSERT,20781
TC-00000252,estudiante,Santa Catarina Pinula,true,,UPDATE,14386
TC-00000254,trabajador,Zona 10,true,,INSERT,1551
TC-00000256,,,false,2026-06-09 05:33:00,DELETE,6143
TC-00000262,general,San Miguel Petapa,true,,UPDATE,25301
TC-00000264,estudiante,San Miguel Petapa,true,,UPDATE,9992
TC-00000265,trabajador,Zona 4,false,2026-06-11 18:14:00,DELETE,7519
TC-00000267,adulto_mayor,Zona 9,true,,UPDATE,1979
TC-00000269,trabajador,San Miguel Petapa,true,,UPDATE,20492
TC-00000270,trabajador,San Miguel Petapa,true,,INSERT,19439
TC-00000272,general,Zona 17,true,,UPDATE,25256
TC-00000277,trabajador,Zona 11,true,,INSERT,22276
TC-00000288,estudiante,Zona 9,true,,UPDATE,21057
TC-00000294,general,Zona 1,true,,INSERT,20921
TC-00000296,trabajador,Villa Nueva,true,,UPDATE,3075
TC-00000299,estudiante,Villa Nueva,true,,UPDATE,10667
TC-00000300,trabajador,Villa Nueva,true,,INSERT,27824
TC-00000302,trabajador,Zona 4,true,,UPDATE,30091
TC-00000303,adulto_mayor,Zona 7,true,,UPDATE,6738
TC-00000318,estudiante,Santa Catarina Pinula,true,,INSERT,15252
TC-00000326,adulto_mayor,Zona 7,true,,UPDATE,10080
TC-00000327,estudiante,Villa Nueva,true,,UPDATE,8087
TC-00000330,trabajador,Zona 17,true,,INSERT,27817
TC-00000332,trabajador,Zona 18,true,,INSERT,23607
TC-00000333,,,false,2026-06-23 15:20:00,DELETE,15854
TC-00000334,trabajador,Zona 4,true,,UPDATE,23710
TC-00000342,trabajador,Zona 8,true,,INSERT,27804
TC-00000347,general,San Miguel Petapa,true,,INSERT,1574
TC-00000356,general,Zona 4,true,,UPDATE,14352
TC-00000359,,,false,2026-07-10 21:03:00,DELETE,27594
TC-00000361,estudiante,Zona 17,true,,UPDATE,5209
TC-00000366,general,Villa Nueva,true,,UPDATE,14258
TC-00000374,trabajador,Zona 4,true,,INSERT,24941
TC-00000376,,,false,2026-06-22 22:21:00,DELETE,15159
TC-00000377,estudiante,Mixco,true,,UPDATE,30792
TC-00000378,adulto_mayor,Zona 1,true,,INSERT,24202
TC-00000379,,,false,2026-06-13 11:49:00,DELETE,8937
TC-00000380,trabajador,Zona 17,true,,INSERT,25619
TC-00000385,trabajador,Zona 11,true,,UPDATE,19093
TC-00000392,,,false,2026-06-02 01:27:00,DELETE,1308
TC-00000393,general,Zona 6,false,2026-06-29 23:56:00,DELETE,19957
TC-00000395,,,false,2026-06-21 21:40:00,DELETE,14432
TC-00000398,trabajador,Zona 4,true,,INSERT,26451
TC-00000400,general,San Miguel Petapa,true,,UPDATE,6757
TC-00000401,general,Villa Nueva,true,,UPDATE,3110
TC-00000406,trabajador,Zona 7,true,,INSERT,15361
TC-00000407,adulto_mayor,Mixco,true,,UPDATE,2311
TC-00000417,trabajador,Zona 7,true,,INSERT,16789
TC-00000418,adulto_mayor,Zona 13,true,,UPDATE,19140
TC-00000422,adulto_mayor,Zona 9,true,,UPDATE,21233
TC-00000425,trabajador,Villa Nueva,true,,UPDATE,7458
TC-00000426,adulto_mayor,Zona 1,true,,UPDATE,29944
TC-00000431,general,Zona 1,true,,UPDATE,25899
TC-00000433,adulto_mayor,San Miguel Petapa,true,,UPDATE,2496
TC-00000442,trabajador,Zona 9,true,,INSERT,20158
TC-00000443,trabajador,Villa Nueva,true,,INSERT,22862
TC-00000447,adulto_mayor,Zona 12,true,,UPDATE,13632
TC-00000448,adulto_mayor,Zona 4,true,,INSERT,7748
TC-00000455,general,Zona 7,true,,UPDATE,19676
TC-00000458,,,false,2026-06-29 10:29:00,DELETE,19967
TC-00000459,estudiante,Zona 17,true,,UPDATE,19128
TC-00000462,general,Zona 10,true,,INSERT,22308
TC-00000464,general,Santa Catarina Pinula,true,,UPDATE,28696
TC-00000465,general,Zona 9,true,,UPDATE,3195
TC-00000468,general,Zona 6,true,,UPDATE,30129
TC-00000470,general,Zona 4,true,,INSERT,13897
TC-00000473,trabajador,Zona 7,true,,INSERT,30519
TC-00000474,estudiante,Zona 6,true,,UPDATE,14268
TC-00000482,adulto_mayor,Zona 13,true,,INSERT,18744
TC-00000484,trabajador,San Miguel Petapa,true,,INSERT,17270
TC-00000496,trabajador,Zona 4,true,,INSERT,23597
TC-00000498,adulto_mayor,Zona 7,true,,UPDATE,18997
TC-00000500,trabajador,Villa Nueva,true,,INSERT,28309
TC-00000503,adulto_mayor,Zona 8,true,,INSERT,2804
TC-00000506,trabajador,Villa Nueva,true,,UPDATE,17071
TC-00000508,trabajador,Zona 11,true,,INSERT,13182
TC-00000513,general,Zona 13,true,,UPDATE,6781
TC-00000518,,,false,2026-06-19 23:33:00,DELETE,13035
TC-00000519,general,Santa Catarina Pinula,true,,UPDATE,28156
TC-00000521,estudiante,Zona 9,true,,INSERT,20712
TC-00000523,,,false,2026-06-30 20:02:00,DELETE,20668
TC-00000527,estudiante,San Miguel Petapa,true,,UPDATE,28126
TC-00000532,general,Zona 7,false,2026-07-11 17:02:00,DELETE,28225
TC-00000535,estudiante,Zona 12,true,,INSERT,1487
TC-00000536,trabajador,Zona 8,true,,UPDATE,17536
TC-00000540,estudiante,San Miguel Petapa,true,,UPDATE,5886
TC-00000542,adulto_mayor,Zona 8,true,,UPDATE,961
TC-00000543,trabajador,Zona 7,true,,UPDATE,16878
TC-00000548,,,false,2026-06-21 00:45:00,DELETE,14486
TC-00000549,trabajador,Villa Nueva,true,,UPDATE,5096
TC-00000552,adulto_mayor,Zona 6,true,,UPDATE,21893
TC-00000557,estudiante,Zona 17,true,,UPDATE,22620
TC-00000561,adulto_mayor,Santa Catarina Pinula,true,,INSERT,20903
TC-00000562,general,Zona 4,true,,INSERT,29708
TC-00000565,general,Zona 17,true,,INSERT,26294
TC-00000571,estudiante,Zona 13,true,,INSERT,18864
TC-00000578,trabajador,Villa Nueva,true,,UPDATE,5411
TC-00000580,estudiante,Santa Catarina Pinula,true,,UPDATE,28805
TC-00000585,,,false,2026-06-23 16:23:00,DELETE,15836
TC-00000586,general,Zona 8,true,,UPDATE,15726
TC-00000587,adulto_mayor,Santa Catarina Pinula,true,,UPDATE,350
TC-00000590,trabajador,Zona 1,true,,UPDATE,23898
TC-00000591,,,false,2026-07-09 16:05:00,DELETE,26877
TC-00000592,trabajador,Zona 11,true,,INSERT,7080
TC-00000599,general,Zona 13,true,,INSERT,20025
TC-00000600,adulto_mayor,Villa Nueva,true,,UPDATE,14086
TC-00000602,trabajador,Santa Catarina Pinula,true,,UPDATE,8808
TC-00000604,,,false,2026-07-05 18:33:00,DELETE,24128
TC-00000606,trabajador,Zona 8,true,,INSERT,20837
TC-00000609,trabajador,Zona 7,true,,INSERT,29900
TC-00000613,general,Zona 11,true,,INSERT,49
TC-00000614,estudiante,Zona 11,true,,INSERT,6344
TC-00000620,trabajador,Zona 8,true,,INSERT,9698
TC-00000623,trabajador,Zona 1,true,,UPDATE,7146
TC-00000629,trabajador,Zona 13,true,,INSERT,12522
TC-00000630,estudiante,Zona 10,true,,INSERT,30474
TC-00000632,,,false,2026-06-14 05:45:00,DELETE,9642
TC-00000636,,,false,2026-07-11 07:43:00,DELETE,28273
TC-00000637,adulto_mayor,Zona 10,false,2026-07-11 20:33:00,DELETE,28239
TC-00000639,estudiante,Zona 13,true,,UPDATE,5843
TC-00000640,general,Zona 9,true,,UPDATE,22551
TC-00000644,general,Zona 8,true,,INSERT,8330
TC-00000650,trabajador,Mixco,true,,UPDATE,12878
TC-00000659,,,false,2026-06-16 16:28:00,DELETE,11019
TC-00000660,general,Zona 12,true,,INSERT,22173
TC-00000661,adulto_mayor,Zona 12,true,,UPDATE,25095
TC-00000663,estudiante,Zona 17,true,,INSERT,29728
TC-00000664,estudiante,Zona 6,true,,INSERT,11075
TC-00000669,trabajador,Santa Catarina Pinula,true,,INSERT,20070
TC-00000672,general,Zona 8,true,,UPDATE,26487
TC-00000676,trabajador,Zona 7,true,,INSERT,18772
TC-00000678,estudiante,Zona 8,true,,UPDATE,16949
TC-00000683,trabajador,Zona 12,false,2026-07-04 07:58:00,DELETE,23402
TC-00000686,adulto_mayor,Zona 10,true,,INSERT,12482
TC-00000693,estudiante,Zona 10,true,,INSERT,9678
TC-00000694,general,Zona 10,true,,INSERT,29066
TC-00000695,general,Zona 10,true,,UPDATE,19004
TC-00000704,trabajador,Zona 1,true,,UPDATE,15647
TC-00000706,estudiante,Santa Catarina Pinula,true,,UPDATE,4554
TC-00000707,general,Zona 11,true,,UPDATE,19222
TC-00000708,estudiante,Zona 17,true,,UPDATE,23014
TC-00000712,,,false,2026-06-19 04:54:00,DELETE,13028
TC-00000713,,,false,2026-06-12 00:38:00,DELETE,8198
TC-00000716,estudiante,Zona 9,true,,UPDATE,3784
TC-00000718,adulto_mayor,San Miguel Petapa,true,,UPDATE,6505
TC-00000720,trabajador,Villa Nueva,true,,UPDATE,17696
TC-00000723,estudiante,Zona 13,true,,INSERT,2294
TC-00000730,trabajador,Zona 11,true,,INSERT,27625
TC-00000731,trabajador,Zona 17,true,,UPDATE,23233
TC-00000733,adulto_mayor,Zona 13,true,,UPDATE,23938
TC-00000734,trabajador,Zona 11,true,,INSERT,181
TC-00000738,adulto_mayor,Zona 6,true,,UPDATE,21689
TC-00000741,adulto_mayor,Zona 9,true,,UPDATE,26575
TC-00000742,general,Zona 17,true,,UPDATE,24005
TC-00000746,trabajador,Zona 7,false,2026-07-11 06:24:00,DELETE,28221
TC-00000748,trabajador,Villa Nueva,true,,INSERT,15392
TC-00000755,estudiante,Zona 11,true,,UPDATE,9286
TC-00000762,adulto_mayor,Zona 18,true,,UPDATE,7496
TC-00000770,general,Zona 1,true,,UPDATE,30658
TC-00000773,trabajador,Zona 6,true,,UPDATE,9304
TC-00000786,general,Zona 1,true,,UPDATE,6104
TC-00000787,estudiante,San Miguel Petapa,true,,INSERT,26334
TC-00000796,estudiante,Zona 13,false,2026-07-02 22:06:00,DELETE,22071
TC-00000802,trabajador,Zona 12,true,,UPDATE,19637
TC-00000807,general,Zona 12,true,,UPDATE,16880
TC-00000812,trabajador,Santa Catarina Pinula,true,,INSERT,159
TC-00000820,estudiante,Zona 10,true,,UPDATE,28186
TC-00000842,trabajador,Mixco,true,,INSERT,926
TC-00000844,trabajador,Zona 9,true,,UPDATE,595
TC-00000845,adulto_mayor,Zona 8,true,,UPDATE,12129
TC-00000846,,,false,2026-06-05 07:03:00,DELETE,3414
TC-00000850,estudiante,Zona 11,true,,INSERT,6428
TC-00000855,adulto_mayor,Zona 1,true,,UPDATE,16961
TC-00000858,estudiante,Zona 17,true,,INSERT,29130
TC-00000859,adulto_mayor,Zona 17,true,,UPDATE,14325
TC-00000860,general,San Miguel Petapa,true,,UPDATE,30623
TC-00000869,estudiante,Zona 11,true,,UPDATE,29489
TC-00000870,general,San Miguel Petapa,true,,UPDATE,19665
TC-00000871,estudiante,San Miguel Petapa,true,,INSERT,8470
TC-00000872,adulto_mayor,Zona 8,true,,UPDATE,27217
TC-00000876,estudiante,San Miguel Petapa,true,,UPDATE,20604
TC-00000885,adulto_mayor,Zona 13,true,,UPDATE,20942
TC-00000886,trabajador,Zona 13,true,,INSERT,22987
TC-00000887,trabajador,Zona 11,true,,INSERT,14550
TC-00000888,adulto_mayor,Zona 8,true,,UPDATE,4436
TC-00000896,trabajador,Zona 6,false,2026-07-15 04:16:00,DELETE,31005
TC-00000899,general,Santa Catarina Pinula,true,,UPDATE,10753
TC-00000900,adulto_mayor,Zona 4,true,,UPDATE,24416
TC-00000904,estudiante,Villa Nueva,true,,UPDATE,26567
TC-00000906,trabajador,Zona 12,true,,INSERT,20023
TC-00000908,estudiante,San Miguel Petapa,true,,UPDATE,16995
TC-00000909,,,false,2026-07-15 17:23:00,DELETE,30992
TC-00000913,trabajador,San Miguel Petapa,true,,UPDATE,21894
TC-00000915,general,Zona 10,true,,INSERT,21445
TC-00000918,trabajador,Zona 4,true,,INSERT,9018
TC-00000919,adulto_mayor,Zona 10,true,,UPDATE,28823
TC-00000920,general,Zona 6,true,,INSERT,27114
TC-00000923,,,false,2026-06-16 19:29:00,DELETE,10984
TC-00000926,general,Zona 13,true,,UPDATE,3176
TC-00000927,adulto_mayor,Santa Catarina Pinula,true,,UPDATE,17542
TC-00000932,general,Zona 6,true,,INSERT,10400
TC-00000939,trabajador,Zona 17,true,,INSERT,27124
TC-00000943,adulto_mayor,Santa Catarina Pinula,true,,UPDATE,12249
TC-00000945,,,false,2026-06-29 11:46:00,DELETE,19938
TC-00000949,,,false,2026-07-08 17:45:00,DELETE,26165
TC-00000954,,,false,2026-07-02 22:23:00,DELETE,22069
TC-00000957,estudiante,Zona 4,true,,UPDATE,28868
TC-00000965,estudiante,Villa Nueva,true,,INSERT,7743
TC-00000968,,,false,2026-07-04 14:29:00,DELETE,23434
TC-00000972,general,Zona 4,true,,UPDATE,12065
TC-00000978,estudiante,Zona 6,true,,UPDATE,28723
TC-00000981,estudiante,Zona 11,true,,UPDATE,26074
TC-00000982,general,Villa Nueva,true,,UPDATE,5231
TC-00000985,estudiante,Zona 8,true,,INSERT,12623
TC-00000993,general,Zona 1,true,,INSERT,24970
TC-00000994,general,Zona 8,true,,UPDATE,30836
TC-00000998,adulto_mayor,Zona 7,true,,UPDATE,21634
TC-00000999,trabajador,Zona 18,true,,UPDATE,17080
TC-00001009,adulto_mayor,Mixco,true,,UPDATE,16223
TC-00001010,general,San Miguel Petapa,true,,INSERT,29680
TC-00001011,general,Mixco,true,,UPDATE,28669
TC-00001012,general,Zona 4,true,,UPDATE,14866
TC-00001016,,,false,2026-07-03 23:14:00,DELETE,22691
TC-00001017,,,false,2026-06-18 04:25:00,DELETE,12386
TC-00001018,general,Zona 6,true,,UPDATE,26588
TC-00001021,estudiante,Zona 12,true,,INSERT,22320
TC-00001025,adulto_mayor,Zona 18,true,,UPDATE,25986
TC-00001026,,,false,2026-06-20 19:15:00,DELETE,13794
TC-00001030,trabajador,Zona 4,false,2026-06-23 13:40:00,DELETE,15839
TC-00001032,estudiante,Villa Nueva,true,,UPDATE,13393
TC-00001035,trabajador,Zona 6,true,,INSERT,26914
TC-00001036,general,San Miguel Petapa,true,,UPDATE,12231
TC-00001042,adulto_mayor,Zona 4,true,,UPDATE,21977
TC-00001043,,,false,2026-06-18 12:32:00,DELETE,12366
TC-00001044,trabajador,Zona 6,true,,INSERT,8433
TC-00001045,adulto_mayor,Zona 12,true,,UPDATE,15552
TC-00001050,estudiante,Zona 6,true,,UPDATE,7244
TC-00001056,adulto_mayor,Zona 17,true,,UPDATE,25822
TC-00001057,adulto_mayor,Santa Catarina Pinula,true,,INSERT,26311
TC-00001063,estudiante,Zona 6,true,,INSERT,19
TC-00001064,adulto_mayor,Zona 6,true,,UPDATE,27396
TC-00001068,adulto_mayor,Zona 6,true,,UPDATE,30837
TC-00001069,general,Zona 9,true,,INSERT,17983
TC-00001076,adulto_mayor,Mixco,true,,UPDATE,26564
TC-00001078,estudiante,Zona 8,true,,INSERT,20200
TC-00001079,general,Zona 8,true,,UPDATE,30151
TC-00001088,estudiante,Zona 17,true,,INSERT,15342
TC-00001089,trabajador,Zona 13,false,2026-07-05 10:33:00,DELETE,24077
TC-00001090,trabajador,San Miguel Petapa,true,,INSERT,13151
TC-00001097,estudiante,Zona 7,true,,UPDATE,16835
TC-00001099,,,false,2026-07-08 06:55:00,DELETE,26193
TC-00001103,general,Zona 1,true,,UPDATE,17808
TC-00001108,trabajador,Mixco,true,,UPDATE,5191
TC-00001109,trabajador,Zona 10,true,,INSERT,17275
TC-00001112,trabajador,Zona 12,true,,INSERT,18148
TC-00001115,estudiante,Zona 7,true,,UPDATE,8773
TC-00001116,general,San Miguel Petapa,true,,UPDATE,17646
TC-00001117,estudiante,Zona 10,true,,UPDATE,23760
TC-00001126,trabajador,Zona 9,true,,INSERT,4304
TC-00001127,trabajador,Villa Nueva,true,,INSERT,4900
TC-00001130,general,Villa Nueva,true,,UPDATE,5975
TC-00001140,trabajador,Zona 18,true,,INSERT,5037
TC-00001142,trabajador,Zona 13,true,,UPDATE,5204
TC-00001146,estudiante,Villa Nueva,true,,INSERT,17284
TC-00001147,trabajador,Zona 10,true,,INSERT,11877
TC-00001148,estudiante,Mixco,true,,UPDATE,25353
TC-00001149,estudiante,Mixco,true,,INSERT,11193
TC-00001150,adulto_mayor,Zona 18,true,,UPDATE,13449
TC-00001153,trabajador,Mixco,true,,INSERT,2872
TC-00001157,general,Zona 18,true,,UPDATE,30139
TC-00001159,trabajador,Santa Catarina Pinula,true,,INSERT,26933
TC-00001160,trabajador,Zona 9,true,,INSERT,30426
TC-00001161,general,Mixco,true,,UPDATE,17718
TC-00001162,trabajador,Santa Catarina Pinula,true,,UPDATE,12927
TC-00001163,trabajador,Zona 17,false,2026-07-09 17:40:00,DELETE,26874
TC-00001168,trabajador,Zona 10,true,,UPDATE,19894
TC-00001169,trabajador,Zona 13,true,,INSERT,27043
TC-00001176,general,Zona 18,true,,UPDATE,23239
TC-00001177,,,false,2026-06-29 00:30:00,DELETE,19987
TC-00001183,,,false,2026-07-03 01:05:00,DELETE,22682
TC-00001186,trabajador,Zona 18,true,,INSERT,12545
TC-00001188,general,Zona 11,true,,UPDATE,7185
TC-00001190,estudiante,Zona 17,true,,UPDATE,21934
TC-00001194,trabajador,Zona 13,true,,INSERT,5734
TC-00001204,trabajador,Villa Nueva,true,,INSERT,24949
TC-00001207,adulto_mayor,Zona 11,true,,UPDATE,14876
TC-00001211,trabajador,Zona 6,true,,UPDATE,16852
TC-00001212,general,Zona 7,true,,UPDATE,30646
TC-00001217,trabajador,Mixco,true,,UPDATE,19901
TC-00001220,,,false,2026-06-24 01:10:00,DELETE,16490
TC-00001221,trabajador,Zona 4,true,,UPDATE,13439
TC-00001225,estudiante,Mixco,true,,UPDATE,30203
TC-00001237,general,Villa Nueva,true,,INSERT,4366
TC-00001238,general,Zona 4,true,,INSERT,15248
TC-00001243,adulto_mayor,Mixco,true,,UPDATE,21793
TC-00001247,adulto_mayor,San Miguel Petapa,true,,UPDATE,26112
TC-00001248,estudiante,Zona 17,true,,UPDATE,7996
TC-00001251,trabajador,Zona 12,true,,INSERT,27678
TC-00001255,general,Zona 7,true,,UPDATE,14879
TC-00001260,adulto_mayor,Santa Catarina Pinula,true,,UPDATE,19034
TC-00001263,adulto_mayor,Zona 6,true,,UPDATE,30762
TC-00001265,adulto_mayor,Santa Catarina Pinula,true,,UPDATE,25917
TC-00001267,trabajador,Zona 13,true,,UPDATE,10671
TC-00001271,estudiante,Zona 7,true,,UPDATE,30700
TC-00001272,trabajador,Zona 12,true,,INSERT,22955
TC-00001273,,,false,2026-06-27 18:42:00,DELETE,18570
TC-00001274,adulto_mayor,Zona 17,true,,UPDATE,30607
TC-00001276,general,Santa Catarina Pinula,true,,INSERT,4927
TC-00001277,trabajador,Zona 8,true,,INSERT,13264
TC-00001280,estudiante,Zona 1,true,,UPDATE,2334
TC-00001282,trabajador,Mixco,true,,INSERT,18778
TC-00001292,adulto_mayor,Zona 9,true,,INSERT,20718
TC-00001297,adulto_mayor,Zona 8,true,,UPDATE,20428
TC-00001306,general,Zona 4,true,,UPDATE,14336
TC-00001308,estudiante,Zona 6,true,,UPDATE,2541
TC-00001312,estudiante,Zona 10,true,,UPDATE,15059
TC-00001314,estudiante,Zona 12,true,,UPDATE,6682
TC-00001315,general,Zona 18,true,,UPDATE,30870
TC-00001316,trabajador,Mixco,true,,INSERT,14704
TC-00001317,trabajador,Zona 1,true,,UPDATE,14862
TC-00001323,trabajador,Zona 11,true,,UPDATE,976
TC-00001327,adulto_mayor,Santa Catarina Pinula,true,,UPDATE,29573
TC-00001328,general,Zona 8,false,2026-07-08 03:12:00,DELETE,26214
TC-00001335,trabajador,Villa Nueva,true,,UPDATE,20996
TC-00001337,trabajador,San Miguel Petapa,true,,INSERT,15366
TC-00001338,general,Santa Catarina Pinula,true,,UPDATE,17814
TC-00001339,general,Villa Nueva,true,,UPDATE,10866
TC-00001340,,,false,2026-06-25 10:29:00,DELETE,17218
TC-00001341,trabajador,Zona 18,true,,INSERT,29050
TC-00001342,,,false,2026-06-09 07:13:00,DELETE,6129
TC-00001343,,,false,2026-06-26 05:41:00,DELETE,17870
TC-00001344,trabajador,Zona 12,true,,UPDATE,10228
TC-00001348,trabajador,Zona 7,false,2026-07-02 00:52:00,DELETE,22037
TC-00001351,trabajador,Mixco,true,,INSERT,14498
TC-00001352,,,false,2026-06-14 09:03:00,DELETE,9577
TC-00001353,,,false,2026-06-23 15:10:00,DELETE,15848
TC-00001358,trabajador,Zona 6,true,,UPDATE,12212
TC-00001360,,,false,2026-06-19 09:39:00,DELETE,13072
TC-00001365,adulto_mayor,Zona 6,true,,UPDATE,13548
TC-00001370,trabajador,Zona 12,false,2026-07-15 10:26:00,DELETE,30969
TC-00001379,general,Zona 4,true,,UPDATE,14187
TC-00001380,adulto_mayor,San Miguel Petapa,true,,UPDATE,30860
TC-00001382,,,false,2026-06-17 10:11:00,DELETE,11711
TC-00001384,adulto_mayor,Zona 13,true,,UPDATE,14341
TC-00001386,estudiante,Zona 8,true,,INSERT,18052
TC-00001388,adulto_mayor,Zona 17,true,,UPDATE,14338
TC-00001389,general,Zona 10,true,,UPDATE,19100
TC-00001390,trabajador,Mixco,true,,UPDATE,20941
TC-00001391,adulto_mayor,Zona 1,true,,UPDATE,5326
TC-00001398,general,Zona 6,true,,UPDATE,28781
TC-00001399,adulto_mayor,Zona 13,false,2026-06-07 10:23:00,DELETE,4748
TC-00001400,general,Villa Nueva,true,,UPDATE,8051
TC-00001401,trabajador,Zona 13,true,,INSERT,16585
TC-00001409,trabajador,Zona 10,true,,UPDATE,431
TC-00001410,general,Zona 7,true,,UPDATE,25314
TC-00001411,adulto_mayor,Zona 18,true,,UPDATE,16273
TC-00001413,estudiante,Zona 11,true,,INSERT,6434
TC-00001416,estudiante,Zona 9,true,,UPDATE,14814
TC-00001419,general,Zona 8,true,,UPDATE,15520
TC-00001420,trabajador,Zona 4,true,,INSERT,30507
TC-00001424,trabajador,Zona 11,true,,INSERT,16681
TC-00001425,,,false,2026-06-14 23:31:00,DELETE,9645
TC-00001435,trabajador,Zona 18,true,,UPDATE,21642
TC-00001436,estudiante,Zona 4,true,,UPDATE,15549
TC-00001438,trabajador,Zona 17,true,,INSERT,8351
TC-00001441,trabajador,Mixco,true,,INSERT,26290
TC-00001442,trabajador,Santa Catarina Pinula,true,,INSERT,10496
TC-00001443,general,Santa Catarina Pinula,true,,UPDATE,21237
TC-00001447,trabajador,Zona 1,true,,INSERT,11245
TC-00001457,trabajador,Zona 18,true,,INSERT,11842
TC-00001458,general,Zona 17,true,,UPDATE,18289
TC-00001465,estudiante,Villa Nueva,true,,UPDATE,7289
TC-00001466,estudiante,Zona 1,true,,INSERT,8316
TC-00001467,adulto_mayor,Zona 8,true,,UPDATE,28072
TC-00001469,estudiante,Zona 7,true,,UPDATE,5377
TC-00001470,,,false,2026-06-01 00:29:00,DELETE,640
TC-00001471,,,false,2026-06-07 17:06:00,DELETE,4756
TC-00001475,estudiante,Zona 1,true,,UPDATE,12861
TC-00001478,trabajador,Zona 13,true,,UPDATE,13458
TC-00001482,,,false,2026-07-02 14:57:00,DELETE,22027
TC-00001484,,,false,2026-07-07 10:31:00,DELETE,25492
TC-00001485,general,Zona 10,true,,INSERT,28454
TC-00001487,estudiante,Zona 4,true,,INSERT,15879
TC-00001488,adulto_mayor,Zona 12,true,,UPDATE,18479
TC-00001491,adulto_mayor,Zona 17,true,,INSERT,20760
TC-00001495,,,false,2026-06-17 18:58:00,DELETE,11691
TC-00001496,trabajador,San Miguel Petapa,true,,UPDATE,28574
TC-00001497,general,Zona 4,true,,UPDATE,5802
TC-00001499,trabajador,Mixco,true,,UPDATE,22554
TC-00001513,adulto_mayor,Zona 7,true,,UPDATE,9371
TC-00001517,trabajador,San Miguel Petapa,true,,INSERT,18176
TC-00001519,estudiante,San Miguel Petapa,true,,UPDATE,11393
TC-00001523,estudiante,Zona 12,true,,INSERT,16761
TC-00001536,trabajador,Zona 7,true,,INSERT,22126
TC-00001549,trabajador,Santa Catarina Pinula,true,,INSERT,28339
TC-00001552,estudiante,Mixco,true,,UPDATE,6807
TC-00001557,general,Zona 12,true,,UPDATE,27247
TC-00001560,estudiante,Santa Catarina Pinula,true,,INSERT,19543
TC-00001561,adulto_mayor,Zona 7,true,,UPDATE,3097
TC-00001567,,,false,2026-06-29 23:46:00,DELETE,19985
TC-00001569,adulto_mayor,Mixco,true,,UPDATE,26573
TC-00001573,adulto_mayor,Zona 11,true,,UPDATE,22385
TC-00001574,trabajador,Zona 13,true,,UPDATE,17680
TC-00001576,estudiante,Zona 10,true,,UPDATE,25951
TC-00001577,adulto_mayor,San Miguel Petapa,true,,UPDATE,3201
TC-00001578,estudiante,Zona 8,true,,UPDATE,6534
TC-00001583,trabajador,Zona 18,true,,INSERT,3523
TC-00001588,general,Zona 6,true,,UPDATE,23788
TC-00001590,trabajador,Zona 13,true,,UPDATE,14087
TC-00001595,trabajador,Villa Nueva,true,,INSERT,23627
TC-00001606,adulto_mayor,Zona 11,true,,UPDATE,24413
TC-00001607,trabajador,Villa Nueva,true,,UPDATE,19220
TC-00001608,trabajador,Zona 6,true,,UPDATE,24505
TC-00001609,adulto_mayor,San Miguel Petapa,true,,UPDATE,28867
TC-00001611,trabajador,Zona 17,true,,INSERT,14659
TC-00001613,trabajador,Zona 7,true,,INSERT,48
TC-00001618,trabajador,Zona 11,true,,INSERT,18794
TC-00001619,adulto_mayor,Zona 6,true,,UPDATE,2633
TC-00001621,general,Zona 13,true,,UPDATE,6479
TC-00001624,trabajador,Mixco,false,2026-07-12 02:55:00,DELETE,28920
TC-00001625,general,Zona 18,true,,UPDATE,4668
TC-00001630,trabajador,Zona 12,true,,INSERT,23671
TC-00001636,adulto_mayor,Zona 1,true,,UPDATE,19571
TC-00001638,general,Zona 9,true,,UPDATE,25814
TC-00001639,adulto_mayor,Zona 9,true,,UPDATE,25205
TC-00001646,estudiante,Zona 4,true,,INSERT,89
TC-00001649,general,Zona 12,true,,UPDATE,15706
TC-00001650,estudiante,Zona 10,true,,INSERT,17346
TC-00001651,estudiante,Santa Catarina Pinula,true,,INSERT,26326
TC-00001652,estudiante,Zona 13,true,,UPDATE,15671
TC-00001655,trabajador,Zona 13,true,,UPDATE,4386
TC-00001659,trabajador,Zona 18,true,,INSERT,9060
TC-00001660,trabajador,Mixco,true,,INSERT,16679
TC-00001668,trabajador,Santa Catarina Pinula,true,,INSERT,6915
TC-00001669,general,Zona 1,true,,UPDATE,23969
TC-00001670,general,Santa Catarina Pinula,true,,UPDATE,23732
TC-00001672,estudiante,Zona 1,true,,UPDATE,3180
TC-00001674,,,false,2026-07-15 17:52:00,DELETE,30980
TC-00001675,estudiante,Zona 13,true,,UPDATE,28878
TC-00001680,adulto_mayor,Santa Catarina Pinula,true,,UPDATE,10643
TC-00001683,trabajador,Zona 18,true,,UPDATE,16447
TC-00001686,trabajador,Zona 4,true,,INSERT,8364
TC-00001699,estudiante,Zona 10,true,,UPDATE,23050
TC-00001700,trabajador,Zona 6,true,,INSERT,2281
TC-00001704,general,Zona 13,false,2026-06-26 09:16:00,DELETE,17852
TC-00001708,estudiante,Zona 13,true,,INSERT,9185
TC-00001709,adulto_mayor,Zona 4,true,,INSERT,16695
TC-00001710,estudiante,Mixco,true,,UPDATE,17126
TC-00001712,,,false,2026-06-02 11:00:00,DELETE,1369
TC-00001714,general,San Miguel Petapa,true,,UPDATE,26725
TC-00001717,estudiante,Zona 13,true,,UPDATE,14885
TC-00001718,adulto_mayor,Zona 7,true,,UPDATE,23774
TC-00001720,general,Zona 10,true,,INSERT,24319
TC-00001721,trabajador,San Miguel Petapa,true,,INSERT,22848
TC-00001727,trabajador,Zona 10,true,,UPDATE,10255
TC-00001729,trabajador,Zona 18,true,,INSERT,5751
TC-00001730,,,false,2026-06-23 18:25:00,DELETE,15815
TC-00001732,general,Santa Catarina Pinula,true,,INSERT,30476
TC-00001734,trabajador,Santa Catarina Pinula,true,,INSERT,27679
TC-00001735,general,Zona 7,true,,UPDATE,6461
TC-00001741,,,false,2026-06-02 05:05:00,DELETE,1291
TC-00001742,estudiante,Zona 9,true,,INSERT,27608
TC-00001747,trabajador,Santa Catarina Pinula,true,,INSERT,20896
TC-00001748,general,Zona 10,true,,UPDATE,27182
TC-00001749,trabajador,Zona 7,true,,INSERT,6967
TC-00001750,estudiante,Santa Catarina Pinula,true,,INSERT,15965
TC-00001756,trabajador,Zona 17,true,,INSERT,23689
TC-00001760,general,Zona 7,true,,UPDATE,12686
TC-00001765,adulto_mayor,Zona 7,true,,UPDATE,9953
TC-00001767,trabajador,Zona 6,true,,INSERT,21507
TC-00001769,,,false,2026-07-14 00:54:00,DELETE,30312
TC-00001775,trabajador,Zona 7,true,,INSERT,11903
TC-00001776,adulto_mayor,Zona 12,true,,INSERT,18677
TC-00001777,trabajador,Zona 11,true,,INSERT,18803
TC-00001780,,,false,2026-06-27 18:22:00,DELETE,18612
TC-00001782,estudiante,Zona 1,true,,UPDATE,12842
TC-00001787,estudiante,Mixco,true,,INSERT,23543
TC-00001791,estudiante,Zona 18,true,,UPDATE,30036
TC-00001793,,,false,2026-06-30 01:10:00,DELETE,20654
TC-00001800,adulto_mayor,Zona 13,true,,UPDATE,25830
TC-00001801,adulto_mayor,Zona 11,true,,INSERT,9015
TC-00001803,trabajador,San Miguel Petapa,true,,UPDATE,6062
TC-00001809,trabajador,Zona 9,true,,UPDATE,11586
TC-00001814,adulto_mayor,San Miguel Petapa,true,,UPDATE,25246
TC-00001819,estudiante,Zona 10,true,,INSERT,14680
TC-00001821,estudiante,Zona 11,true,,INSERT,9681
TC-00001823,,,false,2026-06-12 02:27:00,DELETE,8217
TC-00001825,trabajador,Zona 13,true,,UPDATE,25328
TC-00001829,trabajador,Santa Catarina Pinula,true,,UPDATE,13359
TC-00001831,estudiante,Santa Catarina Pinula,true,,UPDATE,15586
TC-00001837,trabajador,Zona 12,true,,UPDATE,25279
TC-00001840,,,false,2026-06-10 22:06:00,DELETE,6834
TC-00001842,estudiante,San Miguel Petapa,true,,UPDATE,27476
TC-00001843,estudiante,Santa Catarina Pinula,true,,INSERT,15235
TC-00001844,trabajador,San Miguel Petapa,true,,UPDATE,22595
TC-00001846,trabajador,Zona 4,true,,INSERT,6427
TC-00001848,trabajador,Santa Catarina Pinula,true,,INSERT,27076
TC-00001850,general,Zona 7,true,,INSERT,29157
TC-00001860,trabajador,Zona 13,true,,UPDATE,16998
TC-00001861,general,Villa Nueva,true,,INSERT,873
TC-00001864,trabajador,Zona 1,true,,INSERT,29865
TC-00001871,estudiante,Zona 1,true,,UPDATE,28682
TC-00001876,trabajador,San Miguel Petapa,true,,UPDATE,11567
TC-00001877,estudiante,Zona 1,true,,INSERT,25737
TC-00001883,trabajador,Zona 8,true,,UPDATE,30818
TC-00001888,estudiante,Villa Nueva,true,,UPDATE,25123
TC-00001889,adulto_mayor,Zona 11,true,,UPDATE,12024
TC-00001894,general,San Miguel Petapa,true,,UPDATE,22346
TC-00001898,trabajador,Zona 13,true,,UPDATE,6537
TC-00001906,adulto_mayor,Zona 9,true,,UPDATE,28160
TC-00001908,adulto_mayor,Zona 12,true,,INSERT,22944
TC-00001912,adulto_mayor,Zona 7,true,,INSERT,173
TC-00001914,,,false,2026-06-26 18:44:00,DELETE,17853
TC-00001915,general,Zona 13,true,,UPDATE,24000
TC-00001918,general,Zona 7,true,,UPDATE,2650
TC-00001924,trabajador,Zona 10,true,,UPDATE,2493
TC-00001928,,,false,2026-06-09 13:56:00,DELETE,6140
TC-00001933,trabajador,Mixco,true,,UPDATE,17768
TC-00001934,trabajador,Santa Catarina Pinula,true,,INSERT,19560
TC-00001936,general,Zona 4,true,,UPDATE,5798
TC-00001937,trabajador,Zona 18,true,,INSERT,24855
TC-00001939,adulto_mayor,Santa Catarina Pinula,true,,UPDATE,20342
TC-00001941,estudiante,Zona 18,true,,INSERT,21530
TC-00001942,trabajador,Santa Catarina Pinula,true,,UPDATE,29578
TC-00001945,trabajador,Zona 12,true,,INSERT,2786
TC-00001947,general,Zona 12,true,,UPDATE,1072
TC-00001950,trabajador,Mixco,true,,INSERT,6440
TC-00001952,trabajador,Zona 10,true,,UPDATE,7440
TC-00001956,estudiante,Zona 4,true,,UPDATE,21926
TC-00001960,estudiante,Zona 4,true,,UPDATE,21155
TC-00001963,general,Villa Nueva,false,2026-07-08 21:11:00,DELETE,26210
TC-00001967,adulto_mayor,Zona 13,true,,UPDATE,3134
TC-00001968,estudiante,Zona 10,true,,UPDATE,524
TC-00001970,estudiante,Zona 10,true,,UPDATE,28813
TC-00001975,estudiante,Villa Nueva,true,,UPDATE,21093
TC-00001980,estudiante,Zona 12,true,,INSERT,20702
TC-00001986,general,Mixco,true,,UPDATE,13710
TC-00001988,general,Mixco,true,,UPDATE,4391
TC-00001990,general,Zona 7,true,,UPDATE,4682
TC-00001994,trabajador,Villa Nueva,true,,INSERT,2242
TC-00001995,estudiante,Zona 10,true,,UPDATE,7345
TC-00001996,trabajador,Santa Catarina Pinula,true,,INSERT,24162
TC-00001997,general,Mixco,true,,INSERT,25650
TC-00001998,estudiante,Zona 13,true,,UPDATE,10102
TC-00001999,estudiante,Zona 12,true,,UPDATE,25289
TC-00002001,trabajador,Zona 8,true,,UPDATE,6014
TC-00002009,trabajador,Zona 1,true,,INSERT,17413
TC-00002013,estudiante,Villa Nueva,true,,INSERT,20793
TC-00002016,,,false,2026-06-17 10:57:00,DELETE,11721
TC-00002017,,,false,2026-06-17 19:05:00,DELETE,11649
TC-00002022,,,false,2026-07-03 21:05:00,DELETE,22713
TC-00002026,adulto_mayor,Zona 11,false,2026-06-28 20:01:00,DELETE,19315
TC-00002027,estudiante,Zona 18,true,,INSERT,21545
TC-00002028,,,false,2026-07-13 15:07:00,DELETE,29642
TC-00002035,general,Villa Nueva,true,,INSERT,24997
TC-00002036,trabajador,Zona 11,true,,UPDATE,22486
TC-00002037,general,Zona 13,true,,UPDATE,19586
TC-00002041,trabajador,Zona 13,true,,UPDATE,19098
TC-00002046,estudiante,Zona 17,true,,UPDATE,15517
TC-00002047,,,false,2026-06-02 06:41:00,DELETE,1342
TC-00002050,general,Zona 17,true,,INSERT,21565
TC-00002059,trabajador,Villa Nueva,true,,INSERT,27148
TC-00002067,,,false,2026-07-13 10:16:00,DELETE,29659
TC-00002069,general,Zona 13,true,,INSERT,29745
TC-00002070,trabajador,Zona 10,true,,UPDATE,15473
TC-00002075,,,false,2026-06-20 14:04:00,DELETE,13739
TC-00002076,trabajador,Zona 6,true,,INSERT,2292
TC-00002082,estudiante,Zona 4,true,,INSERT,20928
TC-00002086,trabajador,Zona 8,true,,INSERT,18824
TC-00002095,trabajador,Zona 17,true,,INSERT,17367
TC-00002096,estudiante,Zona 6,true,,UPDATE,14161
TC-00002100,trabajador,Villa Nueva,true,,UPDATE,5185
TC-00002104,trabajador,Santa Catarina Pinula,true,,UPDATE,30144
TC-00002108,general,Zona 18,true,,INSERT,11881
TC-00002109,adulto_mayor,Zona 1,true,,UPDATE,8671
TC-00002111,adulto_mayor,Zona 1,true,,UPDATE,28600
TC-00002113,estudiante,Zona 7,true,,UPDATE,3810
TC-00002114,general,San Miguel Petapa,true,,UPDATE,28049
TC-00002120,estudiante,Zona 1,true,,INSERT,30505
TC-00002122,trabajador,Zona 8,true,,INSERT,10526
TC-00002123,,,false,2026-07-09 21:14:00,DELETE,26900
TC-00002125,trabajador,Zona 10,true,,UPDATE,9393
TC-00002126,adulto_mayor,Zona 18,true,,UPDATE,3163
TC-00002131,estudiante,Zona 17,true,,UPDATE,23778
TC-00002133,estudiante,Zona 18,true,,INSERT,25022
TC-00002135,,,false,2026-06-28 17:55:00,DELETE,19238
TC-00002137,trabajador,Villa Nueva,true,,UPDATE,7296
TC-00002138,adulto_mayor,Zona 9,false,2026-07-11 18:40:00,DELETE,28229
TC-00002140,trabajador,Zona 11,true,,INSERT,26446
TC-00002141,,,false,2026-07-10 20:47:00,DELETE,27544
TC-00002142,estudiante,Zona 6,true,,UPDATE,16957
TC-00002150,adulto_mayor,Zona 18,true,,UPDATE,30193
TC-00002156,estudiante,Mixco,true,,UPDATE,10781
TC-00002157,adulto_mayor,Zona 11,true,,UPDATE,12799
TC-00002161,estudiante,Santa Catarina Pinula,true,,UPDATE,12314
TC-00002165,estudiante,Zona 17,true,,UPDATE,23312
TC-00002168,estudiante,Zona 6,true,,UPDATE,19084
TC-00002170,adulto_mayor,Zona 6,true,,UPDATE,7384
TC-00002173,general,Zona 17,true,,UPDATE,5837
TC-00002180,general,Zona 18,true,,UPDATE,6770
TC-00002186,general,Zona 9,true,,UPDATE,14858
TC-00002189,,,false,2026-06-07 15:32:00,DELETE,4812
TC-00002194,trabajador,Santa Catarina Pinula,false,2026-07-09 11:08:00,DELETE,26871
TC-00002195,general,Zona 17,true,,UPDATE,19810
TC-00002198,estudiante,Zona 11,true,,UPDATE,26530
TC-00002203,,,false,2026-06-04 11:57:00,DELETE,2703
TC-00002213,trabajador,Zona 6,true,,INSERT,7090
TC-00002217,trabajador,Zona 7,true,,UPDATE,8014
TC-00002235,general,Zona 17,true,,INSERT,12553
TC-00002238,general,Zona 11,true,,UPDATE,30691
TC-00002243,,,false,2026-06-11 21:49:00,DELETE,7554
TC-00002244,trabajador,Zona 8,true,,INSERT,23508
TC-00002253,,,false,2026-07-14 04:57:00,DELETE,30274
TC-00002264,estudiante,Zona 18,true,,UPDATE,27316
TC-00002268,trabajador,San Miguel Petapa,true,,INSERT,25566
TC-00002271,trabajador,Zona 11,true,,INSERT,24291
TC-00002273,trabajador,Zona 17,true,,INSERT,19346
TC-00002279,trabajador,Zona 12,true,,INSERT,5610
TC-00002280,estudiante,Zona 11,true,,UPDATE,10830
TC-00002281,general,Zona 7,true,,INSERT,13875
TC-00002285,trabajador,Zona 7,false,2026-06-27 20:38:00,DELETE,18618
TC-00002290,adulto_mayor,Zona 17,true,,UPDATE,30108
TC-00002292,,,false,2026-06-05 13:28:00,DELETE,3397
TC-00002293,trabajador,Mixco,true,,INSERT,5556
TC-00002296,adulto_mayor,Zona 13,true,,UPDATE,23061
TC-00002297,general,Santa Catarina Pinula,true,,INSERT,13817
TC-00002300,,,false,2026-06-16 00:41:00,DELETE,10964
TC-00002309,adulto_mayor,Mixco,true,,UPDATE,13583
TC-00002311,estudiante,Zona 6,true,,UPDATE,5154
TC-00002314,adulto_mayor,Zona 7,true,,UPDATE,14234
TC-00002319,trabajador,Zona 4,true,,UPDATE,26009
TC-00002320,trabajador,Santa Catarina Pinula,true,,UPDATE,28755
TC-00002334,estudiante,Zona 1,true,,UPDATE,30601
TC-00002335,estudiante,Santa Catarina Pinula,true,,INSERT,29080
TC-00002337,,,false,2026-06-29 20:45:00,DELETE,19940
TC-00002338,estudiante,San Miguel Petapa,true,,UPDATE,16808
TC-00002340,adulto_mayor,Villa Nueva,true,,UPDATE,2521
TC-00002341,general,Zona 8,true,,UPDATE,8864
TC-00002344,estudiante,Zona 12,true,,UPDATE,280
TC-00002346,,,false,2026-06-15 07:58:00,DELETE,10269
TC-00002347,,,false,2026-06-28 14:07:00,DELETE,19261
TC-00002349,trabajador,Santa Catarina Pinula,true,,INSERT,6377
TC-00002351,adulto_mayor,Zona 17,true,,UPDATE,21825
TC-00002353,trabajador,Zona 17,true,,UPDATE,19636
TC-00002355,general,Zona 4,true,,UPDATE,1102
TC-00002358,trabajador,Zona 8,true,,INSERT,18138
TC-00002362,general,Zona 4,true,,UPDATE,14141
TC-00002371,,,false,2026-06-11 02:08:00,DELETE,7566
TC-00002374,,,false,2026-07-02 04:52:00,DELETE,22020
TC-00002380,general,Zona 12,true,,UPDATE,5113
TC-00002385,general,Zona 17,true,,INSERT,28504
TC-00002393,,,false,2026-06-21 00:38:00,DELETE,14459
TC-00002397,adulto_mayor,Zona 7,true,,UPDATE,18946
TC-00002399,trabajador,Zona 12,true,,INSERT,22995
TC-00002400,adulto_mayor,Zona 13,true,,UPDATE,27402
TC-00002402,adulto_mayor,Zona 6,true,,UPDATE,23896
TC-00002403,general,Zona 10,true,,INSERT,26224
TC-00002409,trabajador,Zona 18,true,,INSERT,29181
TC-00002415,trabajador,Zona 9,true,,INSERT,9158
TC-00002421,estudiante,Zona 17,true,,UPDATE,25868
TC-00002423,trabajador,Villa Nueva,true,,INSERT,9165
TC-00002425,general,Zona 10,true,,UPDATE,25886
TC-00002426,general,Zona 17,true,,UPDATE,13537
TC-00002430,estudiante,Zona 9,false,2026-07-03 03:02:00,DELETE,22714
TC-00002434,adulto_mayor,San Miguel Petapa,true,,UPDATE,8139
TC-00002447,general,Mixco,true,,UPDATE,1277
TC-00002450,adulto_mayor,Zona 11,true,,UPDATE,23863
TC-00002453,general,Zona 13,true,,UPDATE,15708
TC-00002454,general,Zona 17,true,,UPDATE,19058
TC-00002457,general,Zona 13,true,,INSERT,9812
TC-00002459,estudiante,Villa Nueva,true,,INSERT,20757
TC-00002463,trabajador,Villa Nueva,true,,INSERT,21591
TC-00002465,adulto_mayor,Zona 6,true,,UPDATE,16281
TC-00002468,estudiante,Zona 13,false,2026-07-11 13:20:00,DELETE,28234
TC-00002474,trabajador,Zona 7,true,,INSERT,27756
TC-00002475,general,Zona 10,true,,UPDATE,3943
TC-00002483,trabajador,Santa Catarina Pinula,false,2026-06-18 22:36:00,DELETE,12377
TC-00002486,trabajador,Zona 6,true,,UPDATE,17732
TC-00002492,general,Zona 7,false,2026-07-08 12:00:00,DELETE,26158
TC-00002498,adulto_mayor,Zona 6,false,2026-07-14 21:58:00,DELETE,30299
TC-00002499,trabajador,Zona 17,true,,INSERT,24851
TC-00002500,,,false,2026-06-04 21:00:00,DELETE,2685
TC-00002505,,,false,2026-06-20 22:48:00,DELETE,13759
TC-00002506,trabajador,Zona 4,true,,INSERT,18739
TC-00002516,trabajador,Zona 6,true,,INSERT,2239
TC-00002523,estudiante,Zona 18,true,,INSERT,15319
TC-00002529,trabajador,Zona 12,true,,UPDATE,28551
TC-00002531,trabajador,Zona 13,true,,UPDATE,10760
TC-00002537,estudiante,Zona 18,true,,UPDATE,12849
TC-00002541,trabajador,Zona 12,true,,UPDATE,27475
TC-00002545,,,false,2026-06-08 09:27:00,DELETE,5518
TC-00002548,trabajador,Zona 12,true,,UPDATE,30068
TC-00002551,trabajador,Zona 4,true,,UPDATE,11401
TC-00002553,trabajador,Zona 1,true,,UPDATE,24677
TC-00002562,estudiante,Zona 12,true,,UPDATE,17829
TC-00002570,general,Zona 13,true,,UPDATE,20339
TC-00002572,trabajador,Zona 13,true,,INSERT,18761
TC-00002573,estudiante,Zona 7,true,,INSERT,2795
TC-00002574,trabajador,Zona 17,true,,INSERT,4266
TC-00002580,estudiante,Zona 12,true,,UPDATE,18931
TC-00002582,trabajador,Mixco,false,2026-06-21 14:46:00,DELETE,14450
TC-00002584,adulto_mayor,Villa Nueva,true,,UPDATE,27403
TC-00002585,trabajador,Zona 1,true,,UPDATE,19762
TC-00002587,estudiante,Zona 10,true,,UPDATE,10774
TC-00002592,adulto_mayor,San Miguel Petapa,true,,UPDATE,5245
TC-00002596,trabajador,Zona 9,true,,UPDATE,20272
TC-00002600,trabajador,Zona 9,true,,INSERT,3528
TC-00002603,,,false,2026-06-05 18:15:00,DELETE,3398
TC-00002604,general,Zona 13,true,,INSERT,11271
TC-00002611,trabajador,Zona 7,false,2026-07-15 02:20:00,DELETE,31042
TC-00002617,general,Zona 10,true,,UPDATE,22455
TC-00002618,estudiante,Zona 17,true,,UPDATE,3852
TC-00002620,general,Villa Nueva,true,,INSERT,17311
TC-00002621,trabajador,Zona 1,true,,UPDATE,28854
TC-00002624,adulto_mayor,Zona 4,true,,UPDATE,14277
TC-00002627,trabajador,Santa Catarina Pinula,true,,INSERT,7129
TC-00002631,general,Zona 1,true,,INSERT,2781
TC-00002635,adulto_mayor,Zona 13,true,,UPDATE,28036
TC-00002638,adulto_mayor,Zona 18,true,,UPDATE,30606
TC-00002642,adulto_mayor,Zona 7,true,,UPDATE,6744
TC-00002649,trabajador,Zona 6,true,,INSERT,25656
TC-00002650,general,Zona 12,true,,UPDATE,590
TC-00002653,adulto_mayor,Villa Nueva,true,,INSERT,9206
TC-00002656,general,Mixco,true,,UPDATE,14090
TC-00002657,,,false,2026-06-27 19:27:00,DELETE,18614
TC-00002658,estudiante,Zona 17,true,,UPDATE,19110
TC-00002662,trabajador,Zona 1,true,,UPDATE,1019
TC-00002663,estudiante,Zona 10,false,2026-07-12 03:44:00,DELETE,28928
TC-00002664,general,Zona 12,true,,UPDATE,16131
TC-00002665,estudiante,Zona 7,true,,UPDATE,24009
TC-00002678,adulto_mayor,Zona 9,true,,UPDATE,25186
TC-00002691,estudiante,Zona 6,true,,UPDATE,10878
TC-00002699,trabajador,Santa Catarina Pinula,true,,INSERT,23596
TC-00002704,estudiante,Santa Catarina Pinula,false,2026-07-01 19:30:00,DELETE,21342
TC-00002709,trabajador,Zona 18,false,2026-06-28 15:09:00,DELETE,19288
TC-00002710,adulto_mayor,Zona 10,true,,UPDATE,21111
TC-00002720,estudiante,Villa Nueva,true,,UPDATE,2505
TC-00002721,estudiante,Zona 17,true,,INSERT,2958
TC-00002722,adulto_mayor,Mixco,true,,INSERT,8303
TC-00002723,general,Zona 17,true,,INSERT,22197
TC-00002724,trabajador,Zona 11,true,,INSERT,2883
TC-00002732,general,San Miguel Petapa,true,,UPDATE,521
TC-00002733,trabajador,San Miguel Petapa,true,,UPDATE,21115
TC-00002737,,,false,2026-06-15 06:47:00,DELETE,10306
TC-00002738,trabajador,Zona 10,true,,INSERT,19494
TC-00002740,,,false,2026-06-18 11:03:00,DELETE,12332
TC-00002741,,,false,2026-06-03 12:33:00,DELETE,2055
TC-00002744,trabajador,Zona 9,true,,UPDATE,28795
TC-00002746,trabajador,Zona 8,true,,UPDATE,18339
TC-00002755,general,Villa Nueva,true,,UPDATE,28073
TC-00002762,trabajador,Villa Nueva,true,,INSERT,19364
TC-00002764,trabajador,Zona 8,true,,INSERT,23626
TC-00002765,trabajador,Zona 6,true,,INSERT,840
TC-00002769,trabajador,Zona 8,true,,UPDATE,16997
TC-00002770,estudiante,Zona 4,true,,UPDATE,14787
TC-00002773,general,Zona 12,true,,UPDATE,30694
TC-00002774,trabajador,San Miguel Petapa,true,,INSERT,15960
TC-00002775,estudiante,Zona 12,true,,INSERT,121
TC-00002777,adulto_mayor,Zona 13,true,,UPDATE,9385
TC-00002783,estudiante,Zona 6,true,,UPDATE,27848
TC-00002793,general,Zona 10,true,,UPDATE,19763
TC-00002799,estudiante,Zona 17,true,,UPDATE,5923
TC-00002800,estudiante,Zona 7,true,,INSERT,6446
TC-00002802,trabajador,Santa Catarina Pinula,true,,INSERT,25624
TC-00002803,trabajador,Mixco,true,,UPDATE,26604
TC-00002809,estudiante,Zona 4,false,2026-06-25 02:46:00,DELETE,17170
TC-00002810,estudiante,San Miguel Petapa,true,,UPDATE,13671
TC-00002818,general,Zona 18,true,,UPDATE,4724
TC-00002819,adulto_mayor,Zona 6,true,,UPDATE,24007
TC-00002823,trabajador,Zona 1,true,,UPDATE,27261
TC-00002834,adulto_mayor,Zona 9,true,,UPDATE,5182
TC-00002839,trabajador,Zona 10,true,,UPDATE,28729
TC-00002840,adulto_mayor,Villa Nueva,true,,INSERT,2895
TC-00002843,trabajador,Zona 4,true,,INSERT,29214
TC-00002856,,,false,2026-07-14 20:48:00,DELETE,30279
TC-00002865,trabajador,Mixco,true,,INSERT,4917
TC-00002868,trabajador,Zona 6,true,,INSERT,26975
TC-00002871,trabajador,Zona 13,true,,INSERT,725
TC-00002876,adulto_mayor,Zona 7,true,,UPDATE,30871
TC-00002885,general,Zona 6,true,,INSERT,3633
TC-00002887,adulto_mayor,Zona 7,true,,UPDATE,18186
TC-00002889,,,false,2026-07-07 13:58:00,DELETE,25503
TC-00002891,trabajador,Zona 9,true,,INSERT,25037
TC-00002908,adulto_mayor,Zona 13,true,,UPDATE,395
TC-00002910,general,San Miguel Petapa,true,,INSERT,25545
TC-00002911,estudiante,Zona 7,true,,INSERT,18809
TC-00002914,,,false,2026-07-10 06:39:00,DELETE,27527
TC-00002920,,,false,2026-06-06 10:01:00,DELETE,4080
TC-00002922,trabajador,Zona 9,true,,INSERT,6925
TC-00002923,,,false,2026-06-17 07:37:00,DELETE,11712
TC-00002928,trabajador,Zona 10,true,,INSERT,13345
TC-00002931,,,false,2026-07-02 22:58:00,DELETE,21999
TC-00002932,general,Zona 8,true,,UPDATE,19212
TC-00002935,,,false,2026-06-19 23:15:00,DELETE,13067
TC-00002939,trabajador,Zona 6,true,,INSERT,18848
TC-00002947,trabajador,Zona 8,true,,INSERT,7725
TC-00002948,trabajador,Mixco,true,,INSERT,29888
TC-00002950,trabajador,San Miguel Petapa,true,,UPDATE,22422
TC-00002955,estudiante,Santa Catarina Pinula,true,,UPDATE,307
TC-00002957,,,false,2026-06-02 11:09:00,DELETE,1300
TC-00002958,adulto_mayor,Zona 18,true,,UPDATE,25418
TC-00002959,general,Zona 4,true,,UPDATE,21881
TC-00002961,,,false,2026-07-09 21:51:00,DELETE,26863
TC-00002962,estudiante,Zona 11,true,,UPDATE,1114
TC-00002963,trabajador,Villa Nueva,true,,INSERT,29879
TC-00002965,estudiante,San Miguel Petapa,true,,UPDATE,5175
TC-00002966,general,Zona 9,true,,INSERT,25746
TC-00002967,general,Zona 6,true,,INSERT,7098
TC-00002969,general,Santa Catarina Pinula,true,,UPDATE,23167
TC-00002971,trabajador,Zona 4,true,,INSERT,17323
TC-00002975,estudiante,Zona 12,true,,INSERT,24354
TC-00002983,adulto_mayor,Villa Nueva,true,,UPDATE,10060
TC-00002985,adulto_mayor,Zona 10,true,,UPDATE,11496
TC-00002991,,,false,2026-07-14 15:03:00,DELETE,30290
TC-00002992,estudiante,Zona 18,true,,UPDATE,7913
TC-00002997,adulto_mayor,Zona 11,true,,INSERT,6987
TC-00002998,trabajador,San Miguel Petapa,true,,INSERT,8419
TC-00002999,estudiante,Mixco,true,,INSERT,20046
TC-00003001,estudiante,San Miguel Petapa,true,,UPDATE,28093
TC-00003002,general,Villa Nueva,true,,UPDATE,30063
TC-00003004,general,Santa Catarina Pinula,true,,INSERT,1401
TC-00003005,,,false,2026-06-12 21:46:00,DELETE,8248
TC-00003007,general,San Miguel Petapa,true,,UPDATE,30050
TC-00003008,trabajador,Zona 6,false,2026-06-28 21:53:00,DELETE,19264
TC-00003011,,,false,2026-06-29 14:51:00,DELETE,19955
TC-00003015,general,Zona 8,true,,INSERT,13195
TC-00003020,general,Zona 6,true,,UPDATE,17760
TC-00003024,estudiante,Zona 11,true,,UPDATE,13358
TC-00003027,general,Zona 17,true,,INSERT,27717
TC-00003029,trabajador,Zona 18,true,,INSERT,20815
TC-00003030,estudiante,Zona 13,true,,UPDATE,8731
TC-00003031,estudiante,Zona 1,true,,UPDATE,1140
TC-00003032,,,false,2026-07-04 23:09:00,DELETE,23428
TC-00003035,trabajador,Zona 17,true,,INSERT,18670
TC-00003039,trabajador,Mixco,true,,UPDATE,25272
TC-00003040,estudiante,Villa Nueva,true,,UPDATE,5828
TC-00003048,trabajador,Zona 6,true,,UPDATE,14733
TC-00003051,,,false,2026-06-30 05:41:00,DELETE,20611
TC-00003052,general,Zona 10,true,,INSERT,30409
TC-00003053,trabajador,Zona 8,true,,UPDATE,6504
TC-00003055,adulto_mayor,Zona 1,true,,UPDATE,19640
TC-00003056,adulto_mayor,Zona 18,true,,UPDATE,27207
TC-00003059,adulto_mayor,Zona 18,false,2026-06-15 23:43:00,DELETE,10277
TC-00003067,general,Zona 1,true,,UPDATE,19141
TC-00003069,general,Zona 6,true,,INSERT,7616
TC-00003071,trabajador,Zona 7,true,,UPDATE,14739
TC-00003072,adulto_mayor,Zona 9,true,,UPDATE,17703
TC-00003074,trabajador,Zona 8,true,,INSERT,12488
TC-00003079,adulto_mayor,Mixco,false,2026-07-12 14:42:00,DELETE,28899
TC-00003085,trabajador,Zona 6,true,,INSERT,4897
TC-00003087,general,Zona 11,true,,UPDATE,23037
TC-00003091,adulto_mayor,Zona 13,true,,UPDATE,19588
TC-00003092,estudiante,Zona 7,true,,UPDATE,1685
TC-00003102,estudiante,Zona 18,true,,UPDATE,19618
TC-00003103,,,false,2026-06-21 11:26:00,DELETE,14484
TC-00003104,estudiante,Zona 10,true,,UPDATE,8109
TC-00003105,,,false,2026-06-29 15:54:00,DELETE,19952
TC-00003106,adulto_mayor,Mixco,true,,UPDATE,448
TC-00003107,general,Villa Nueva,true,,INSERT,18180
TC-00003111,general,Zona 9,true,,INSERT,22860
TC-00003112,trabajador,Mixco,true,,INSERT,20045
TC-00003116,adulto_mayor,Zona 12,true,,UPDATE,23013
TC-00003120,estudiante,Zona 1,true,,UPDATE,17527
TC-00003122,general,Zona 8,true,,UPDATE,15056
TC-00003123,estudiante,Zona 11,true,,UPDATE,19083
TC-00003124,estudiante,Zona 4,true,,INSERT,21404
TC-00003125,estudiante,San Miguel Petapa,true,,UPDATE,26786
TC-00003126,trabajador,Mixco,true,,INSERT,25576
TC-00003127,estudiante,San Miguel Petapa,true,,UPDATE,29498
TC-00003134,adulto_mayor,Zona 8,true,,UPDATE,19625
TC-00003146,general,Santa Catarina Pinula,true,,UPDATE,18357
TC-00003147,trabajador,Zona 10,true,,UPDATE,15515
TC-00003148,estudiante,Villa Nueva,true,,UPDATE,21101
TC-00003151,adulto_mayor,Zona 6,true,,UPDATE,8714
TC-00003152,,,false,2026-06-02 04:32:00,DELETE,1333
TC-00003156,general,Zona 13,true,,INSERT,24183
TC-00003159,,,false,2026-07-01 19:29:00,DELETE,21363
TC-00003161,adulto_mayor,Zona 7,true,,INSERT,6248
TC-00003164,general,Zona 18,true,,INSERT,22850
TC-00003170,general,Zona 18,true,,INSERT,4162
TC-00003180,trabajador,Zona 9,true,,UPDATE,20445
TC-00003182,trabajador,Mixco,true,,UPDATE,14992
TC-00003186,general,Zona 10,true,,UPDATE,9526
TC-00003187,general,Mixco,true,,INSERT,22866
TC-00003188,estudiante,Zona 8,false,2026-07-04 04:28:00,DELETE,23459
TC-00003195,,,false,2026-06-14 11:04:00,DELETE,9598
TC-00003197,estudiante,Zona 11,true,,INSERT,13949
TC-00003201,general,Santa Catarina Pinula,true,,INSERT,20768
TC-00003202,estudiante,Mixco,true,,UPDATE,1763
TC-00003204,trabajador,Zona 12,true,,INSERT,13270
TC-00003208,trabajador,Zona 4,true,,UPDATE,7851
TC-00003210,trabajador,Zona 9,true,,INSERT,26996
TC-00003219,estudiante,Zona 12,true,,INSERT,25612
TC-00003222,,,false,2026-06-05 19:58:00,DELETE,3449
TC-00003226,general,Zona 17,true,,INSERT,13822
TC-00003227,,,false,2026-06-05 13:56:00,DELETE,3408
TC-00003228,estudiante,Zona 13,true,,UPDATE,17708
TC-00003235,trabajador,Villa Nueva,true,,INSERT,823
TC-00003236,adulto_mayor,Zona 13,true,,INSERT,4958
TC-00003239,adulto_mayor,Zona 7,true,,UPDATE,26125
TC-00003242,trabajador,Santa Catarina Pinula,true,,UPDATE,5196
TC-00003244,trabajador,Zona 4,true,,INSERT,20748
TC-00003245,,,false,2026-07-06 23:46:00,DELETE,24753
TC-00003247,adulto_mayor,San Miguel Petapa,true,,UPDATE,12864
TC-00003248,trabajador,Zona 7,true,,UPDATE,12244
TC-00003252,general,Villa Nueva,true,,INSERT,713
TC-00003260,estudiante,Zona 12,false,2026-07-05 03:20:00,DELETE,24086
TC-00003261,general,Zona 18,true,,INSERT,18066
TC-00003263,,,false,2026-07-04 18:44:00,DELETE,23431
TC-00003267,estudiante,Santa Catarina Pinula,true,,UPDATE,19111
TC-00003270,trabajador,Zona 17,true,,UPDATE,27410
TC-00003271,trabajador,Zona 17,true,,INSERT,15309
TC-00003272,trabajador,Zona 7,true,,UPDATE,10839
TC-00003275,estudiante,Zona 4,true,,UPDATE,8610
TC-00003279,estudiante,Villa Nueva,true,,UPDATE,28195
TC-00003281,,,false,2026-07-01 22:15:00,DELETE,21350
TC-00003282,trabajador,Mixco,true,,UPDATE,8817
TC-00003285,trabajador,San Miguel Petapa,true,,INSERT,20755
TC-00003289,trabajador,Zona 13,true,,INSERT,30514
TC-00003290,general,Zona 17,true,,INSERT,16609
TC-00003293,trabajador,Zona 12,true,,INSERT,4286
TC-00003294,estudiante,Mixco,true,,UPDATE,15637
TC-00003300,general,Zona 13,true,,INSERT,27632
TC-00003302,estudiante,Zona 4,true,,UPDATE,27995
TC-00003305,general,Zona 4,true,,INSERT,10537
TC-00003310,trabajador,Zona 7,true,,INSERT,11914
TC-00003312,,,false,2026-06-05 08:24:00,DELETE,3433
TC-00003313,trabajador,Zona 7,true,,INSERT,8506
TC-00003315,estudiante,Zona 18,true,,UPDATE,4474
TC-00003316,trabajador,Zona 9,true,,UPDATE,29970
TC-00003320,trabajador,Mixco,true,,INSERT,26921
TC-00003321,adulto_mayor,Zona 9,true,,INSERT,26322
TC-00003322,estudiante,Zona 7,true,,INSERT,26379
TC-00003325,estudiante,Zona 11,true,,INSERT,29748
TC-00003329,estudiante,Mixco,false,2026-07-05 14:50:00,DELETE,24067
TC-00003332,adulto_mayor,Zona 11,true,,UPDATE,28725
TC-00003335,general,San Miguel Petapa,true,,INSERT,30421
TC-00003336,trabajador,Zona 7,true,,INSERT,18742
TC-00003350,trabajador,Zona 13,true,,INSERT,5663
TC-00003351,estudiante,San Miguel Petapa,true,,UPDATE,25415
TC-00003352,estudiante,Zona 6,true,,INSERT,24229
TC-00003355,adulto_mayor,Zona 9,true,,UPDATE,18218
TC-00003359,trabajador,Mixco,true,,UPDATE,17122
TC-00003363,estudiante,Zona 10,true,,INSERT,20193
TC-00003365,adulto_mayor,Zona 7,true,,UPDATE,19789
TC-00003368,trabajador,Zona 18,true,,INSERT,7032
TC-00003369,general,Santa Catarina Pinula,true,,UPDATE,30816
TC-00003370,estudiante,Zona 11,true,,UPDATE,24735
TC-00003373,trabajador,Villa Nueva,true,,INSERT,7817
TC-00003377,,,false,2026-06-08 09:21:00,DELETE,5451
TC-00003378,general,Santa Catarina Pinula,true,,UPDATE,13605
TC-00003383,adulto_mayor,Zona 17,true,,UPDATE,18956
TC-00003392,adulto_mayor,Zona 18,true,,UPDATE,3182
TC-00003396,estudiante,Zona 10,true,,UPDATE,27168
TC-00003400,estudiante,Zona 4,true,,INSERT,8353
TC-00003401,trabajador,Zona 13,true,,UPDATE,3266
TC-00003402,adulto_mayor,Zona 9,true,,UPDATE,17809
TC-00003408,trabajador,Zona 17,true,,UPDATE,27862
TC-00003409,,,false,2026-06-06 18:42:00,DELETE,4093
TC-00003411,general,Zona 6,true,,INSERT,26336
TC-00003416,estudiante,Zona 6,true,,UPDATE,19026
TC-00003423,estudiante,Zona 6,true,,UPDATE,8045
TC-00003424,trabajador,Zona 8,true,,INSERT,816
TC-00003425,,,false,2026-06-25 11:28:00,DELETE,17186
TC-00003426,estudiante,Zona 7,true,,INSERT,12457
TC-00003428,general,Santa Catarina Pinula,true,,INSERT,7648
TC-00003448,trabajador,Zona 1,true,,UPDATE,21014
TC-00003449,adulto_mayor,Zona 11,true,,UPDATE,2657
TC-00003451,trabajador,Zona 4,true,,INSERT,1453
TC-00003456,,,false,2026-06-18 23:37:00,DELETE,12359
TC-00003457,estudiante,Zona 12,true,,UPDATE,21292
TC-00003458,adulto_mayor,Zona 17,true,,UPDATE,5934
TC-00003459,,,false,2026-06-13 15:55:00,DELETE,8890
TC-00003461,trabajador,Zona 4,true,,INSERT,17488
TC-00003465,estudiante,Zona 7,true,,UPDATE,2370
TC-00003469,adulto_mayor,Mixco,true,,UPDATE,29488
TC-00003472,adulto_mayor,Zona 6,true,,UPDATE,7324
TC-00003473,adulto_mayor,Zona 17,true,,UPDATE,6601
TC-00003474,,,false,2026-07-09 22:46:00,DELETE,26843
TC-00003475,general,Zona 11,true,,UPDATE,16286
TC-00003477,,,false,2026-06-09 04:26:00,DELETE,6197
TC-00003484,trabajador,Zona 12,true,,INSERT,25633
TC-00003489,trabajador,Zona 1,true,,UPDATE,7299
TC-00003490,general,Zona 1,true,,INSERT,3549
TC-00003492,estudiante,Zona 4,true,,UPDATE,21259
TC-00003494,trabajador,Zona 7,true,,UPDATE,29966
TC-00003500,,,false,2026-06-13 13:45:00,DELETE,8963
TC-00003501,adulto_mayor,Zona 8,true,,UPDATE,10047
TC-00003503,estudiante,Zona 13,true,,INSERT,8515
TC-00003504,general,Zona 17,true,,UPDATE,21286
TC-00003505,trabajador,Zona 17,true,,INSERT,26919
TC-00003507,adulto_mayor,Villa Nueva,true,,UPDATE,7295
TC-00003515,adulto_mayor,Zona 1,true,,UPDATE,28668
TC-00003519,trabajador,Zona 11,true,,UPDATE,22358
TC-00003520,,,false,2026-06-25 23:17:00,DELETE,17249
TC-00003522,general,Zona 13,true,,INSERT,24898
TC-00003523,estudiante,Zona 7,true,,INSERT,6931
TC-00003524,trabajador,San Miguel Petapa,true,,INSERT,2918
TC-00003525,trabajador,Zona 7,true,,INSERT,26359
TC-00003528,estudiante,Zona 10,true,,UPDATE,494
TC-00003529,adulto_mayor,San Miguel Petapa,true,,UPDATE,17749
TC-00003531,general,Zona 1,true,,UPDATE,28836
TC-00003534,trabajador,Zona 18,true,,UPDATE,17595
TC-00003536,general,Zona 18,true,,INSERT,15186
TC-00003537,general,Zona 13,true,,INSERT,25630
TC-00003540,trabajador,Santa Catarina Pinula,true,,INSERT,18153
TC-00003543,adulto_mayor,Zona 7,true,,UPDATE,27429
TC-00003551,trabajador,Zona 7,true,,UPDATE,23920
TC-00003557,trabajador,Zona 13,true,,INSERT,11875
TC-00003558,estudiante,San Miguel Petapa,true,,UPDATE,1032
TC-00003567,estudiante,Zona 7,true,,UPDATE,15609
TC-00003569,general,Zona 8,true,,UPDATE,22642
TC-00003570,trabajador,San Miguel Petapa,true,,INSERT,24294
TC-00003571,trabajador,Zona 1,true,,INSERT,20937
TC-00003572,general,Zona 7,false,2026-06-10 10:26:00,DELETE,6897
TC-00003573,estudiante,Zona 4,true,,INSERT,25681
TC-00003574,estudiante,Zona 18,true,,UPDATE,1262
TC-00003576,estudiante,Zona 10,true,,UPDATE,24686
TC-00003578,adulto_mayor,Zona 12,true,,UPDATE,1793
TC-00003579,trabajador,Zona 10,true,,UPDATE,21925
TC-00003584,adulto_mayor,Zona 7,true,,UPDATE,10681
TC-00003587,adulto_mayor,Santa Catarina Pinula,true,,UPDATE,975
TC-00003588,trabajador,Zona 7,true,,UPDATE,15573
TC-00003591,adulto_mayor,Zona 11,true,,UPDATE,23744
TC-00003594,trabajador,Zona 17,true,,UPDATE,283
TC-00003600,general,Zona 9,true,,INSERT,3573
TC-00003604,general,Zona 11,true,,INSERT,19367
TC-00003607,estudiante,Zona 10,true,,INSERT,11232
TC-00003608,trabajador,Zona 7,true,,UPDATE,7404
TC-00003609,trabajador,Zona 4,true,,UPDATE,3707
TC-00003610,trabajador,Santa Catarina Pinula,true,,INSERT,10367
TC-00003616,general,Mixco,true,,INSERT,28362
TC-00003623,trabajador,Zona 12,true,,UPDATE,413
TC-00003625,,,false,2026-06-19 13:05:00,DELETE,13065
TC-00003626,general,Zona 6,true,,INSERT,786
TC-00003627,,,false,2026-06-15 11:11:00,DELETE,10328
TC-00003628,general,Zona 11,true,,INSERT,16110
TC-00003636,estudiante,Zona 13,true,,INSERT,6278
TC-00003642,estudiante,Santa Catarina Pinula,true,,INSERT,27079
TC-00003643,estudiante,Zona 12,true,,UPDATE,5121
TC-00003647,adulto_mayor,Zona 6,true,,UPDATE,5795
TC-00003652,estudiante,Zona 13,true,,UPDATE,1852
TC-00003654,adulto_mayor,Zona 4,true,,UPDATE,20959
TC-00003659,,,false,2026-06-14 20:56:00,DELETE,9635
TC-00003661,trabajador,Zona 11,true,,INSERT,25546
TC-00003665,trabajador,Zona 10,true,,INSERT,25605
TC-00003668,trabajador,Zona 17,true,,INSERT,5719
TC-00003669,adulto_mayor,Zona 17,true,,UPDATE,5864
TC-00003671,trabajador,Zona 10,true,,INSERT,22169
TC-00003674,trabajador,Zona 1,true,,INSERT,2779
TC-00003675,trabajador,Zona 9,true,,UPDATE,8164
TC-00003677,trabajador,Zona 1,true,,UPDATE,12081
TC-00003684,trabajador,Zona 9,true,,INSERT,29723
TC-00003687,estudiante,Zona 7,true,,INSERT,11157
TC-00003691,adulto_mayor,Zona 18,true,,UPDATE,29366
TC-00003693,estudiante,Zona 8,true,,UPDATE,28546
TC-00003696,general,Zona 8,true,,UPDATE,16179
TC-00003697,,,false,2026-06-16 04:17:00,DELETE,10963
TC-00003703,adulto_mayor,Zona 18,true,,INSERT,16633
TC-00003708,adulto_mayor,Zona 11,true,,UPDATE,2611
TC-00003714,trabajador,Zona 18,true,,UPDATE,30673
TC-00003715,estudiante,Zona 4,true,,UPDATE,25893
TC-00003716,adulto_mayor,Villa Nueva,true,,INSERT,22934
TC-00003725,trabajador,Zona 9,true,,INSERT,23628
TC-00003736,trabajador,Zona 7,true,,UPDATE,10670
TC-00003741,estudiante,Zona 6,true,,INSERT,16780
TC-00003742,estudiante,Zona 18,true,,UPDATE,16190
TC-00003748,,,false,2026-06-06 11:57:00,DELETE,4120
TC-00003751,estudiante,Zona 1,true,,UPDATE,24537
TC-00003752,trabajador,Villa Nueva,true,,UPDATE,14328
TC-00003754,general,Zona 11,false,2026-07-05 02:02:00,DELETE,24107
TC-00003757,trabajador,Zona 4,true,,INSERT,28305
TC-00003768,trabajador,Zona 11,true,,UPDATE,13399
TC-00003769,estudiante,Zona 12,true,,UPDATE,20328
TC-00003771,estudiante,Zona 12,true,,UPDATE,25923
TC-00003774,general,Zona 4,true,,INSERT,19504
TC-00003776,,,false,2026-06-08 16:57:00,DELETE,5434
TC-00003781,estudiante,Zona 18,true,,INSERT,27640
TC-00003787,trabajador,Mixco,true,,INSERT,7124
TC-00003789,,,false,2026-06-05 19:36:00,DELETE,3415
TC-00003790,estudiante,Zona 8,true,,UPDATE,20273
TC-00003795,trabajador,Zona 10,true,,INSERT,15360
TC-00003797,trabajador,Zona 8,true,,INSERT,25007
TC-00003801,general,Zona 8,true,,UPDATE,21755
TC-00003803,adulto_mayor,Zona 18,true,,UPDATE,12255
TC-00003808,adulto_mayor,Zona 7,true,,UPDATE,28087
TC-00003813,general,Mixco,true,,UPDATE,1288
TC-00003822,trabajador,Zona 7,true,,INSERT,12529
TC-00003823,trabajador,Zona 10,true,,INSERT,7746
TC-00003826,trabajador,Zona 7,true,,UPDATE,25908
TC-00003831,adulto_mayor,Zona 10,true,,INSERT,8347
TC-00003833,estudiante,Zona 10,true,,UPDATE,1782
TC-00003836,trabajador,Zona 17,true,,UPDATE,19075
TC-00003837,trabajador,Zona 9,true,,INSERT,16035
TC-00003838,general,Zona 1,true,,UPDATE,24434
TC-00003839,trabajador,San Miguel Petapa,true,,INSERT,21497
TC-00003840,,,false,2026-06-15 14:38:00,DELETE,10315
TC-00003841,adulto_mayor,Zona 6,true,,UPDATE,23805
TC-00003842,general,Zona 13,true,,UPDATE,5770
TC-00003847,adulto_mayor,Villa Nueva,true,,UPDATE,18260
TC-00003854,adulto_mayor,Zona 6,true,,INSERT,22233
TC-00003855,,,false,2026-06-29 04:53:00,DELETE,19927
TC-00003863,general,Villa Nueva,true,,UPDATE,5201
TC-00003871,general,San Miguel Petapa,true,,UPDATE,21871
TC-00003874,trabajador,Zona 9,true,,INSERT,4185
TC-00003876,,,false,2026-06-28 05:49:00,DELETE,19273
TC-00003881,trabajador,Villa Nueva,false,2026-06-19 06:38:00,DELETE,13022
TC-00003886,trabajador,Zona 13,true,,UPDATE,17157
TC-00003892,adulto_mayor,Santa Catarina Pinula,true,,UPDATE,6698
TC-00003893,adulto_mayor,Mixco,true,,UPDATE,19602
TC-00003894,estudiante,Zona 7,true,,UPDATE,14864
TC-00003901,trabajador,Zona 6,true,,UPDATE,9362
TC-00003902,adulto_mayor,Zona 13,true,,UPDATE,26048
TC-00003904,,,false,2026-06-02 21:55:00,DELETE,1363
TC-00003905,trabajador,Zona 7,true,,INSERT,13115
TC-00003908,estudiante,Zona 13,true,,UPDATE,13496
TC-00003915,,,false,2026-06-06 01:17:00,DELETE,4112
TC-00003918,trabajador,Villa Nueva,false,2026-07-02 02:41:00,DELETE,22000
TC-00003919,general,Santa Catarina Pinula,true,,INSERT,7114
TC-00003921,trabajador,Zona 6,true,,INSERT,68
TC-00003923,general,Zona 17,true,,UPDATE,22638
TC-00003928,adulto_mayor,Zona 6,true,,UPDATE,22439
TC-00003933,general,Zona 17,true,,UPDATE,26512
TC-00003936,trabajador,Zona 9,true,,UPDATE,5217
TC-00003944,,,false,2026-06-12 04:52:00,DELETE,8205
TC-00003946,,,false,2026-06-16 16:32:00,DELETE,11030
TC-00003947,general,Zona 11,true,,UPDATE,30132
TC-00003959,trabajador,San Miguel Petapa,true,,INSERT,28414
TC-00003961,trabajador,Zona 1,false,2026-06-27 08:49:00,DELETE,18609
TC-00003963,,,false,2026-07-14 14:22:00,DELETE,30308
TC-00003967,,,false,2026-06-10 09:25:00,DELETE,6843
TC-00003968,trabajador,Zona 13,true,,INSERT,6277
TC-00003970,general,Zona 7,true,,UPDATE,29976
TC-00003984,,,false,2026-06-16 16:20:00,DELETE,10996
TC-00003985,trabajador,Zona 8,true,,INSERT,18002
TC-00003988,trabajador,Santa Catarina Pinula,true,,INSERT,22180
TC-00003989,trabajador,Zona 13,true,,INSERT,23536
TC-00003990,adulto_mayor,Zona 6,true,,UPDATE,3055
TC-00003996,,,false,2026-06-07 10:08:00,DELETE,4742
TC-00003999,estudiante,Mixco,true,,INSERT,20901
TC-00004001,trabajador,Zona 10,true,,INSERT,7601
TC-00004002,general,Zona 10,true,,UPDATE,7478
TC-00004004,trabajador,Santa Catarina Pinula,false,2026-06-27 09:00:00,DELETE,18606
TC-00004008,general,Zona 1,true,,UPDATE,5929
TC-00004009,adulto_mayor,Zona 17,true,,UPDATE,20556
TC-00004010,estudiante,Zona 6,true,,UPDATE,24570
TC-00004013,general,Zona 10,true,,INSERT,10368
TC-00004014,adulto_mayor,Zona 17,true,,UPDATE,22448
TC-00004027,trabajador,San Miguel Petapa,true,,UPDATE,17102
TC-00004030,trabajador,Zona 6,true,,INSERT,7689
TC-00004031,adulto_mayor,Zona 10,true,,UPDATE,17735
TC-00004035,trabajador,Santa Catarina Pinula,true,,INSERT,13169
TC-00004036,,,false,2026-07-11 16:36:00,DELETE,28242
TC-00004040,adulto_mayor,Mixco,true,,UPDATE,9484
TC-00004041,trabajador,Zona 1,true,,INSERT,9673
TC-00004043,,,false,2026-06-02 18:01:00,DELETE,1336
TC-00004044,general,Mixco,true,,INSERT,12518
TC-00004045,estudiante,Zona 10,true,,INSERT,22089
TC-00004046,trabajador,Zona 17,true,,UPDATE,3123
TC-00004047,general,Zona 17,true,,INSERT,26433
TC-00004049,estudiante,Zona 12,true,,UPDATE,20979
TC-00004054,trabajador,Zona 1,true,,UPDATE,6008
TC-00004055,general,Zona 7,true,,UPDATE,18324
TC-00004056,trabajador,Zona 12,true,,INSERT,10494
TC-00004061,trabajador,Zona 9,true,,UPDATE,1876
TC-00004065,adulto_mayor,Villa Nueva,true,,UPDATE,16851
TC-00004069,trabajador,Villa Nueva,true,,UPDATE,28051
TC-00004071,trabajador,Zona 8,true,,UPDATE,10657
TC-00004075,trabajador,Mixco,true,,INSERT,27619
TC-00004077,general,Zona 11,true,,INSERT,11749
TC-00004078,estudiante,Mixco,true,,INSERT,5064
TC-00004082,adulto_mayor,Zona 1,true,,INSERT,24159
TC-00004083,estudiante,Zona 18,true,,UPDATE,15563
TC-00004087,trabajador,Zona 6,true,,INSERT,50
TC-00004088,estudiante,Zona 11,true,,INSERT,1548
TC-00004094,,,false,2026-06-19 01:36:00,DELETE,13058
TC-00004098,trabajador,Zona 17,true,,UPDATE,24391
TC-00004108,estudiante,Zona 9,true,,INSERT,18055
TC-00004123,adulto_mayor,Zona 10,true,,INSERT,20190
TC-00004125,trabajador,Zona 10,true,,UPDATE,1831
TC-00004128,estudiante,Villa Nueva,true,,INSERT,30442
TC-00004131,trabajador,Zona 8,true,,UPDATE,21187
TC-00004132,trabajador,Zona 8,true,,UPDATE,28662
TC-00004134,adulto_mayor,Zona 10,true,,UPDATE,8776
TC-00004138,trabajador,Zona 17,true,,INSERT,22946
TC-00004139,trabajador,Zona 1,true,,INSERT,26221
TC-00004146,,,false,2026-07-13 03:05:00,DELETE,29593
TC-00004147,general,Santa Catarina Pinula,true,,UPDATE,26032
TC-00004148,,,false,2026-07-04 08:28:00,DELETE,23400
TC-00004151,estudiante,Zona 6,true,,INSERT,24168
TC-00004153,general,Zona 1,true,,INSERT,6447
TC-00004155,general,Zona 18,true,,INSERT,8362
TC-00004158,trabajador,Zona 10,true,,INSERT,27806
TC-00004164,general,Zona 12,true,,UPDATE,30853
TC-00004168,trabajador,Santa Catarina Pinula,true,,INSERT,26983
TC-00004176,,,false,2026-07-14 04:23:00,DELETE,30332
TC-00004177,adulto_mayor,Zona 7,true,,UPDATE,8099
TC-00004179,trabajador,Zona 7,true,,UPDATE,3024
TC-00004182,estudiante,Zona 10,true,,UPDATE,3724
TC-00004186,general,Zona 12,true,,UPDATE,12173
TC-00004187,estudiante,Zona 12,true,,UPDATE,20591
TC-00004193,estudiante,Zona 9,true,,INSERT,8491
TC-00004197,trabajador,Mixco,true,,INSERT,14607
TC-00004200,estudiante,Villa Nueva,true,,UPDATE,11418
TC-00004201,general,Zona 7,true,,INSERT,5011
TC-00004209,trabajador,Zona 13,true,,INSERT,29883
TC-00004211,trabajador,Zona 12,true,,UPDATE,10780
TC-00004212,,,false,2026-07-13 12:09:00,DELETE,29651
TC-00004219,estudiante,Zona 4,true,,UPDATE,2425
TC-00004220,estudiante,Zona 6,true,,UPDATE,16864
TC-00004224,trabajador,Villa Nueva,true,,INSERT,28445
TC-00004225,estudiante,Mixco,true,,UPDATE,26129
TC-00004228,general,San Miguel Petapa,true,,INSERT,26233
TC-00004234,general,Mixco,true,,INSERT,8467
TC-00004238,general,Villa Nueva,true,,UPDATE,11324
TC-00004243,general,Santa Catarina Pinula,true,,UPDATE,16975
TC-00004244,trabajador,Villa Nueva,true,,INSERT,25691
TC-00004245,estudiante,Santa Catarina Pinula,true,,INSERT,19508
TC-00004252,trabajador,Zona 8,true,,INSERT,10458
TC-00004253,,,false,2026-07-02 03:14:00,DELETE,22075
TC-00004257,,,false,2026-06-23 06:06:00,DELETE,15790
TC-00004261,estudiante,Zona 10,false,2026-06-25 19:06:00,DELETE,17244
TC-00004262,trabajador,Villa Nueva,true,,UPDATE,28592
TC-00004263,general,Zona 12,true,,INSERT,24186
TC-00004265,trabajador,Santa Catarina Pinula,true,,INSERT,19441
TC-00004270,trabajador,Zona 13,true,,INSERT,4220
TC-00004271,general,Zona 10,true,,UPDATE,19073
TC-00004274,trabajador,Zona 17,true,,INSERT,16077
TC-00004277,estudiante,Zona 4,true,,UPDATE,30813
TC-00004283,,,false,2026-06-22 10:46:00,DELETE,15098
TC-00004285,trabajador,Mixco,true,,INSERT,18688
TC-00004288,adulto_mayor,San Miguel Petapa,true,,UPDATE,29383
TC-00004293,trabajador,Zona 12,true,,UPDATE,24048
TC-00004294,general,Mixco,true,,UPDATE,26774
TC-00004295,trabajador,Zona 7,true,,UPDATE,17625
TC-00004296,,,false,2026-06-13 15:44:00,DELETE,8903
TC-00004303,,,false,2026-07-14 13:20:00,DELETE,30288
TC-00004314,trabajador,Zona 7,true,,INSERT,29055
TC-00004317,trabajador,Zona 4,true,,UPDATE,23241
TC-00004324,general,Zona 4,true,,UPDATE,27941
TC-00004325,trabajador,Santa Catarina Pinula,true,,INSERT,25001
TC-00004329,general,San Miguel Petapa,false,2026-07-12 00:58:00,DELETE,28894
TC-00004330,trabajador,Santa Catarina Pinula,true,,INSERT,24372
TC-00004335,general,Zona 18,true,,UPDATE,23353
TC-00004336,trabajador,Zona 8,true,,INSERT,24912
TC-00004340,general,Zona 1,true,,UPDATE,4570
TC-00004341,trabajador,Zona 13,true,,UPDATE,14851
TC-00004346,general,Zona 7,true,,INSERT,3564
TC-00004347,trabajador,Zona 17,true,,UPDATE,21768
TC-00004349,estudiante,Zona 8,true,,INSERT,15208
TC-00004352,estudiante,Zona 8,true,,INSERT,138
TC-00004353,trabajador,Santa Catarina Pinula,true,,INSERT,24307
TC-00004361,adulto_mayor,Zona 6,true,,UPDATE,19047
TC-00004362,trabajador,Zona 13,true,,UPDATE,5116
TC-00004370,,,false,2026-07-13 00:11:00,DELETE,29582
TC-00004377,trabajador,Zona 10,true,,INSERT,22206
TC-00004382,adulto_mayor,Zona 8,true,,INSERT,10503
TC-00004388,adulto_mayor,Zona 9,true,,INSERT,29081
TC-00004389,trabajador,Zona 17,false,2026-07-15 09:49:00,DELETE,31043
TC-00004393,trabajador,Zona 9,true,,UPDATE,23261
TC-00004405,adulto_mayor,Zona 17,true,,UPDATE,1062
TC-00004406,general,Zona 11,true,,UPDATE,9511
TC-00004414,general,Zona 17,true,,INSERT,9692
TC-00004415,estudiante,Zona 13,true,,INSERT,20713
TC-00004422,general,Villa Nueva,true,,INSERT,20711
TC-00004430,estudiante,Zona 6,true,,INSERT,11892
TC-00004432,estudiante,Zona 1,true,,INSERT,27723
TC-00004434,trabajador,Zona 18,true,,UPDATE,3745
TC-00004436,general,Zona 12,true,,UPDATE,12932
TC-00004442,adulto_mayor,Villa Nueva,true,,UPDATE,30869
TC-00004453,trabajador,Zona 4,true,,UPDATE,23156
TC-00004459,adulto_mayor,Zona 13,true,,UPDATE,21253
TC-00004462,adulto_mayor,San Miguel Petapa,true,,UPDATE,27350
TC-00004464,trabajador,Zona 10,true,,UPDATE,506
TC-00004465,trabajador,Zona 12,true,,INSERT,23492
TC-00004469,trabajador,Santa Catarina Pinula,true,,INSERT,16089
TC-00004472,,,false,2026-06-03 07:24:00,DELETE,2053
TC-00004474,trabajador,Zona 8,true,,UPDATE,8565
TC-00004475,,,false,2026-06-10 21:45:00,DELETE,6836
TC-00004476,estudiante,Zona 18,true,,UPDATE,21195
TC-00004486,trabajador,Zona 4,true,,INSERT,12425
TC-00004494,adulto_mayor,Zona 8,true,,UPDATE,18971
TC-00004495,trabajador,Zona 4,true,,UPDATE,10635
TC-00004501,trabajador,San Miguel Petapa,true,,UPDATE,25348
TC-00004503,,,false,2026-06-27 23:06:00,DELETE,18578
TC-00004504,general,San Miguel Petapa,true,,UPDATE,21030
TC-00004505,estudiante,Zona 17,true,,INSERT,16739
TC-00004508,estudiante,Zona 8,false,2026-06-25 09:54:00,DELETE,17174
TC-00004517,,,false,2026-06-15 20:25:00,DELETE,10344
TC-00004520,trabajador,Mixco,true,,UPDATE,14212
TC-00004524,,,false,2026-06-19 10:27:00,DELETE,13045
TC-00004525,,,false,2026-06-26 07:30:00,DELETE,17910
TC-00004526,trabajador,Zona 11,true,,INSERT,2119
TC-00004528,trabajador,Zona 9,true,,INSERT,6327
TC-00004534,adulto_mayor,Zona 18,true,,INSERT,25729
TC-00004537,adulto_mayor,Santa Catarina Pinula,true,,UPDATE,27989
TC-00004551,trabajador,Zona 12,true,,UPDATE,24554
TC-00004552,adulto_mayor,Zona 1,true,,UPDATE,23253
TC-00004554,,,false,2026-07-08 14:40:00,DELETE,26164
TC-00004555,trabajador,Zona 7,true,,INSERT,22922
TC-00004557,trabajador,Zona 7,true,,UPDATE,23855
TC-00004564,estudiante,Mixco,false,2026-06-18 00:55:00,DELETE,12341
TC-00004565,adulto_mayor,Zona 17,true,,UPDATE,14843
TC-00004566,,,false,2026-06-10 19:38:00,DELETE,6829
TC-00004570,adulto_mayor,Zona 4,true,,UPDATE,1041
TC-00004571,general,Zona 8,true,,UPDATE,491
TC-00004573,adulto_mayor,Zona 18,true,,UPDATE,4020
TC-00004579,estudiante,Santa Catarina Pinula,true,,UPDATE,29343
TC-00004589,trabajador,Zona 11,true,,INSERT,20173
TC-00004591,estudiante,Zona 6,true,,INSERT,24337
TC-00004597,adulto_mayor,Zona 9,true,,INSERT,83
TC-00004600,trabajador,Zona 1,true,,UPDATE,25920
TC-00004603,,,false,2026-07-03 23:11:00,DELETE,22770
TC-00004605,general,Zona 8,true,,UPDATE,570
TC-00004606,general,Zona 7,true,,INSERT,17469
TC-00004607,,,false,2026-06-02 11:28:00,DELETE,1328
TC-00004612,trabajador,Mixco,true,,INSERT,2814
TC-00004616,estudiante,Zona 10,true,,UPDATE,2436
TC-00004618,adulto_mayor,Zona 12,true,,UPDATE,16392
TC-00004619,general,Zona 8,true,,UPDATE,9240
TC-00004620,trabajador,Zona 6,true,,INSERT,29908
TC-00004621,trabajador,Villa Nueva,true,,UPDATE,15724
TC-00004622,adulto_mayor,Zona 6,true,,INSERT,5058
TC-00004629,estudiante,San Miguel Petapa,true,,UPDATE,8097
TC-00004634,general,Zona 17,true,,INSERT,21498
TC-00004638,trabajador,Zona 17,true,,INSERT,30535
TC-00004641,,,false,2026-06-24 02:42:00,DELETE,16514
TC-00004644,adulto_mayor,Zona 1,true,,UPDATE,21178
TC-00004645,trabajador,Zona 4,true,,INSERT,28330
TC-00004653,,,false,2026-07-13 04:39:00,DELETE,29602
TC-00004656,estudiante,Zona 8,true,,UPDATE,8174
TC-00004660,general,Zona 17,true,,UPDATE,29304
TC-00004661,adulto_mayor,Zona 7,true,,UPDATE,16149
TC-00004668,trabajador,Zona 10,true,,INSERT,21414
TC-00004669,estudiante,Zona 12,true,,UPDATE,29557
TC-00004673,,,false,2026-06-04 15:50:00,DELETE,2707
TC-00004680,general,Zona 6,true,,INSERT,23527
TC-00004683,general,Zona 12,true,,INSERT,3637
TC-00004685,adulto_mayor,Zona 6,true,,UPDATE,23854
TC-00004687,trabajador,Zona 9,true,,UPDATE,12701
TC-00004688,trabajador,Zona 1,false,2026-06-24 21:04:00,DELETE,16486
TC-00004690,general,Zona 1,true,,UPDATE,21693
TC-00004692,estudiante,Zona 9,true,,UPDATE,28535
TC-00004694,estudiante,Zona 6,true,,UPDATE,18480
TC-00004695,estudiante,Zona 13,true,,UPDATE,9350
TC-00004706,adulto_mayor,San Miguel Petapa,true,,UPDATE,28667
TC-00004709,adulto_mayor,Zona 17,true,,UPDATE,23034
TC-00004714,,,false,2026-06-02 09:46:00,DELETE,1323
TC-00004715,,,false,2026-06-27 03:57:00,DELETE,18608
TC-00004722,,,false,2026-06-24 08:56:00,DELETE,16549
TC-00004724,general,San Miguel Petapa,true,,INSERT,13821
TC-00004725,general,Zona 13,true,,UPDATE,13448
TC-00004739,,,false,2026-06-11 03:21:00,DELETE,7559
TC-00004743,general,Zona 13,true,,INSERT,10435
TC-00004744,estudiante,Mixco,true,,UPDATE,27891
TC-00004749,trabajador,Zona 7,true,,UPDATE,29505
TC-00004751,estudiante,Zona 13,true,,UPDATE,7200
TC-00004754,,,false,2026-06-24 05:42:00,DELETE,16534
TC-00004756,,,false,2026-06-03 13:39:00,DELETE,1984
TC-00004757,adulto_mayor,Zona 8,false,2026-07-02 02:42:00,DELETE,22057
TC-00004758,trabajador,Zona 13,true,,INSERT,30465
TC-00004759,adulto_mayor,Zona 17,true,,INSERT,16053
TC-00004760,trabajador,Zona 7,true,,UPDATE,4584
TC-00004765,adulto_mayor,Zona 13,false,2026-07-15 20:40:00,DELETE,30999
TC-00004768,trabajador,Zona 17,true,,UPDATE,2464
TC-00004770,adulto_mayor,Santa Catarina Pinula,true,,UPDATE,16328
TC-00004773,estudiante,Zona 8,true,,UPDATE,16242
TC-00004774,general,Zona 17,false,2026-06-26 08:42:00,DELETE,17857
TC-00004788,estudiante,Zona 10,true,,INSERT,9170
TC-00004794,trabajador,Zona 11,true,,INSERT,29004
TC-00004797,general,Zona 10,true,,UPDATE,5129
TC-00004801,general,Zona 4,true,,INSERT,13337
TC-00004805,adulto_mayor,Zona 4,true,,UPDATE,30098
TC-00004810,estudiante,Zona 13,true,,INSERT,19369
TC-00004815,trabajador,Zona 17,true,,INSERT,2975
TC-00004822,,,false,2026-06-14 18:16:00,DELETE,9616
TC-00004824,adulto_mayor,Zona 18,true,,UPDATE,5817
TC-00004829,trabajador,Villa Nueva,true,,UPDATE,10087
TC-00004830,trabajador,Mixco,true,,INSERT,8979
TC-00004833,adulto_mayor,Zona 4,true,,UPDATE,23796
TC-00004835,adulto_mayor,Zona 8,true,,UPDATE,15700
TC-00004842,trabajador,Zona 10,true,,INSERT,19511
TC-00004846,trabajador,Zona 11,true,,INSERT,13339
TC-00004849,trabajador,Zona 8,true,,UPDATE,29425
TC-00004852,,,false,2026-06-23 03:30:00,DELETE,15843
TC-00004854,general,Zona 8,true,,UPDATE,30061
TC-00004859,trabajador,Zona 1,true,,INSERT,26321
TC-00004861,adulto_mayor,Mixco,true,,UPDATE,28537
TC-00004863,trabajador,Zona 11,true,,INSERT,11277
TC-00004866,general,San Miguel Petapa,true,,INSERT,26289
TC-00004867,trabajador,Zona 7,true,,UPDATE,17158
TC-00004874,trabajador,Mixco,true,,INSERT,19332
TC-00004877,trabajador,Villa Nueva,true,,UPDATE,24668
TC-00004880,estudiante,Zona 4,true,,INSERT,30491
TC-00004885,estudiante,Zona 7,true,,UPDATE,23715
TC-00004890,,,false,2026-06-22 22:35:00,DELETE,15178
TC-00004891,general,Zona 1,true,,INSERT,18094
TC-00004893,trabajador,Villa Nueva,true,,UPDATE,21113
TC-00004898,trabajador,Zona 13,true,,INSERT,8333
TC-00004899,estudiante,Zona 8,true,,UPDATE,7937
TC-00004902,adulto_mayor,Zona 18,true,,UPDATE,27494
TC-00004906,adulto_mayor,Zona 6,true,,UPDATE,8824
TC-00004911,estudiante,San Miguel Petapa,true,,UPDATE,8543
TC-00004914,,,false,2026-06-20 03:26:00,DELETE,13726
TC-00004916,adulto_mayor,Zona 7,true,,UPDATE,17511
TC-00004919,trabajador,Zona 4,false,2026-07-15 04:12:00,DELETE,30975
TC-00004924,,,false,2026-06-21 02:43:00,DELETE,14445
TC-00004927,general,San Miguel Petapa,true,,INSERT,13831
TC-00004928,adulto_mayor,Zona 11,true,,UPDATE,7196
TC-00004933,general,San Miguel Petapa,true,,UPDATE,24513
TC-00004938,adulto_mayor,Zona 12,true,,UPDATE,14121
TC-00004942,,,false,2026-06-10 18:52:00,DELETE,6857
TC-00004944,trabajador,Villa Nueva,true,,INSERT,36
TC-00004946,adulto_mayor,San Miguel Petapa,true,,UPDATE,26478
TC-00004947,general,Mixco,true,,UPDATE,29239
TC-00004950,trabajador,Mixco,true,,INSERT,23616
TC-00004954,general,Zona 4,true,,UPDATE,19695
TC-00004956,adulto_mayor,Zona 9,true,,UPDATE,28091
TC-00004959,trabajador,San Miguel Petapa,true,,UPDATE,17074
TC-00004961,estudiante,Zona 1,true,,INSERT,14033
TC-00004967,trabajador,Zona 9,true,,UPDATE,24607
TC-00004968,estudiante,Zona 11,true,,UPDATE,30214
TC-00004970,adulto_mayor,Santa Catarina Pinula,true,,UPDATE,10817
TC-00004976,,,false,2026-06-21 19:40:00,DELETE,14408
TC-00004980,,,false,2026-06-02 12:22:00,DELETE,1352
TC-00004981,adulto_mayor,Santa Catarina Pinula,true,,INSERT,25646
TC-00004985,adulto_mayor,Zona 12,true,,INSERT,10507
TC-00004987,trabajador,Villa Nueva,true,,UPDATE,3272
TC-00004989,general,Zona 11,true,,UPDATE,20435
TC-00004990,trabajador,Zona 18,true,,INSERT,8403
TC-00004997,adulto_mayor,Villa Nueva,true,,UPDATE,7479
TC-00004999,trabajador,Zona 12,true,,UPDATE,1860
TC-00005000,trabajador,Zona 18,true,,INSERT,13138
TC-00005003,adulto_mayor,Zona 12,true,,UPDATE,10711
TC-00005007,trabajador,Zona 13,true,,UPDATE,16999
TC-00005008,trabajador,Zona 7,true,,INSERT,11807
TC-00005010,trabajador,Zona 17,true,,UPDATE,25260
TC-00005011,trabajador,Zona 12,true,,UPDATE,10198
TC-00005012,estudiante,Zona 17,true,,UPDATE,17565
TC-00005013,trabajador,Zona 10,true,,INSERT,27008
TC-00005019,adulto_mayor,Zona 6,true,,INSERT,9023
TC-00005021,general,Mixco,true,,UPDATE,27487
TC-00005028,estudiante,Zona 6,true,,UPDATE,29317
TC-00005032,adulto_mayor,Zona 9,true,,UPDATE,4684
TC-00005036,trabajador,Zona 6,true,,UPDATE,20553
TC-00005037,trabajador,Zona 10,true,,UPDATE,24680
TC-00005041,trabajador,Zona 1,true,,INSERT,10568
TC-00005042,trabajador,Zona 10,true,,INSERT,15930
TC-00005048,estudiante,Zona 12,true,,UPDATE,21975
TC-00005050,estudiante,Zona 6,true,,UPDATE,16237
TC-00005051,estudiante,Zona 9,true,,UPDATE,1962
TC-00005053,,,false,2026-06-17 16:09:00,DELETE,11696
TC-00005056,trabajador,Villa Nueva,true,,INSERT,27668
TC-00005059,,,false,2026-07-10 05:28:00,DELETE,27556
TC-00005060,,,false,2026-07-03 18:36:00,DELETE,22748
TC-00005062,adulto_mayor,Zona 18,true,,UPDATE,3274
TC-00005066,adulto_mayor,Santa Catarina Pinula,true,,UPDATE,27357
TC-00005070,estudiante,Zona 13,true,,INSERT,6903
TC-00005074,trabajador,Zona 7,true,,UPDATE,16331
TC-00005078,trabajador,Zona 11,true,,INSERT,10471
TC-00005080,general,Zona 12,true,,UPDATE,9417
TC-00005082,general,Zona 8,true,,INSERT,27056
TC-00005085,trabajador,Zona 4,true,,UPDATE,21679
TC-00005089,trabajador,Zona 4,true,,UPDATE,946
TC-00005111,trabajador,Zona 7,true,,UPDATE,30603
TC-00005113,general,Zona 9,true,,UPDATE,4691
TC-00005114,estudiante,Villa Nueva,true,,UPDATE,30200
TC-00005115,trabajador,Mixco,true,,UPDATE,14184
TC-00005120,general,Villa Nueva,true,,UPDATE,17765
TC-00005126,adulto_mayor,Zona 1,true,,UPDATE,5861
TC-00005128,trabajador,Zona 17,true,,INSERT,6410
TC-00005129,trabajador,Zona 7,true,,UPDATE,18419
TC-00005138,trabajador,Zona 9,true,,INSERT,4354
TC-00005140,trabajador,San Miguel Petapa,true,,UPDATE,29527
TC-00005143,trabajador,Zona 17,true,,INSERT,2291
TC-00005144,estudiante,Santa Catarina Pinula,true,,UPDATE,24699
TC-00005147,trabajador,Zona 4,true,,INSERT,7750
TC-00005154,trabajador,Mixco,true,,INSERT,25574
TC-00005155,estudiante,Zona 4,true,,UPDATE,29299
TC-00005159,adulto_mayor,San Miguel Petapa,true,,UPDATE,21177
TC-00005168,trabajador,Mixco,true,,INSERT,6910
TC-00005170,adulto_mayor,Santa Catarina Pinula,true,,UPDATE,16847
TC-00005177,,,false,2026-06-18 18:48:00,DELETE,12416
TC-00005179,trabajador,Zona 18,true,,INSERT,20727
TC-00005192,trabajador,Zona 17,true,,INSERT,899
TC-00005194,,,false,2026-06-07 03:44:00,DELETE,4795
TC-00005198,,,false,2026-06-28 17:31:00,DELETE,19310
TC-00005200,trabajador,Zona 7,true,,UPDATE,414
TC-00005203,adulto_mayor,Zona 9,true,,UPDATE,24566
TC-00005204,trabajador,Zona 11,true,,INSERT,15222
TC-00005205,estudiante,Santa Catarina Pinula,true,,UPDATE,17766
TC-00005209,,,false,2026-06-10 07:30:00,DELETE,6847
TC-00005211,adulto_mayor,Zona 9,true,,UPDATE,30917
TC-00005212,,,false,2026-06-07 08:40:00,DELETE,4824
TC-00005225,trabajador,San Miguel Petapa,true,,INSERT,15335
TC-00005230,,,false,2026-06-12 14:38:00,DELETE,8208
TC-00005231,trabajador,Zona 13,true,,INSERT,11922
TC-00005237,adulto_mayor,Zona 18,true,,UPDATE,9437
TC-00005238,adulto_mayor,Zona 6,true,,UPDATE,15065
TC-00005241,trabajador,Zona 18,true,,INSERT,11916
TC-00005242,estudiante,Zona 13,true,,UPDATE,28832
TC-00005244,adulto_mayor,Zona 4,true,,UPDATE,17571
TC-00005251,trabajador,Zona 18,true,,INSERT,9118
TC-00005252,trabajador,Zona 11,true,,INSERT,13133
TC-00005254,adulto_mayor,Zona 18,true,,INSERT,20038
TC-00005257,trabajador,Zona 11,true,,INSERT,6269
TC-00005259,general,Zona 17,true,,UPDATE,28675
TC-00005260,general,Zona 8,false,2026-07-15 09:25:00,DELETE,31011
TC-00005262,general,Zona 10,true,,UPDATE,3057
TC-00005263,trabajador,Zona 9,true,,UPDATE,23927
TC-00005266,adulto_mayor,Zona 1,true,,UPDATE,5790
TC-00005267,trabajador,Zona 18,true,,UPDATE,8708
TC-00005270,trabajador,Zona 8,true,,INSERT,11153
TC-00005276,,,false,2026-06-22 13:45:00,DELETE,15131
TC-00005283,adulto_mayor,Mixco,true,,UPDATE,8592
TC-00005296,,,false,2026-06-04 19:20:00,DELETE,2692
TC-00005297,adulto_mayor,Villa Nueva,true,,UPDATE,5946
TC-00005302,estudiante,Zona 12,true,,INSERT,29126
TC-00005304,,,false,2026-06-27 16:21:00,DELETE,18549
TC-00005305,,,false,2026-06-09 02:42:00,DELETE,6191
TC-00005306,adulto_mayor,Zona 4,true,,UPDATE,5950
TC-00005307,trabajador,Zona 4,true,,INSERT,2296
TC-00005313,,,false,2026-07-09 07:17:00,DELETE,26859
TC-00005319,general,Zona 4,true,,UPDATE,5330
TC-00005327,general,Villa Nueva,true,,INSERT,4296
TC-00005328,estudiante,Zona 7,true,,INSERT,11762
TC-00005331,trabajador,Santa Catarina Pinula,true,,INSERT,27629
TC-00005332,trabajador,Zona 13,true,,INSERT,29172
TC-00005333,adulto_mayor,Zona 17,true,,UPDATE,4488
TC-00005338,estudiante,Mixco,true,,UPDATE,24427
TC-00005341,adulto_mayor,Zona 6,true,,UPDATE,9337
TC-00005342,trabajador,Zona 6,true,,UPDATE,4615
TC-00005348,general,Zona 1,true,,UPDATE,12153
TC-00005351,trabajador,Zona 6,true,,INSERT,26330
TC-00005358,general,Zona 12,true,,UPDATE,30247
TC-00005359,adulto_mayor,Zona 10,true,,UPDATE,6011
TC-00005363,general,Zona 4,true,,UPDATE,4464
TC-00005366,estudiante,Santa Catarina Pinula,true,,UPDATE,16192
TC-00005369,estudiante,Zona 6,true,,UPDATE,22652
TC-00005370,trabajador,Santa Catarina Pinula,true,,INSERT,25601
TC-00005371,adulto_mayor,Zona 10,true,,UPDATE,25788
TC-00005374,general,Zona 4,true,,UPDATE,30748
TC-00005376,adulto_mayor,Zona 12,true,,UPDATE,27297
TC-00005378,general,Zona 13,true,,INSERT,29071
TC-00005379,,,false,2026-07-10 22:38:00,DELETE,27580
TC-00005380,trabajador,Zona 7,true,,INSERT,24227
TC-00005381,estudiante,San Miguel Petapa,true,,UPDATE,4650
TC-00005386,trabajador,Zona 11,true,,INSERT,18743
TC-00005388,trabajador,San Miguel Petapa,true,,INSERT,20152
TC-00005390,trabajador,Zona 9,true,,INSERT,29077
TC-00005393,estudiante,Zona 10,true,,UPDATE,2661
TC-00005397,adulto_mayor,Zona 4,true,,UPDATE,2471
TC-00005398,trabajador,Villa Nueva,true,,UPDATE,5140
TC-00005401,trabajador,Zona 11,true,,INSERT,10555
TC-00005405,estudiante,Mixco,true,,UPDATE,30885
TC-00005407,estudiante,Zona 9,true,,UPDATE,16409
TC-00005409,estudiante,Villa Nueva,true,,UPDATE,18540
TC-00005410,trabajador,Zona 11,true,,UPDATE,22646
TC-00005414,adulto_mayor,Zona 10,true,,UPDATE,25904
TC-00005415,estudiante,Zona 17,true,,UPDATE,3243
TC-00005417,general,Villa Nueva,false,2026-06-18 16:05:00,DELETE,12393
TC-00005425,general,Santa Catarina Pinula,true,,INSERT,11918
TC-00005427,trabajador,Zona 18,true,,UPDATE,10680
TC-00005429,adulto_mayor,San Miguel Petapa,true,,UPDATE,13652
TC-00005430,general,Zona 6,true,,UPDATE,4657
TC-00005432,,,false,2026-06-13 20:00:00,DELETE,8954
TC-00005435,,,false,2026-06-21 11:26:00,DELETE,14476
TC-00005439,estudiante,Zona 7,true,,UPDATE,19157
TC-00005440,general,Zona 10,true,,UPDATE,15653
TC-00005442,trabajador,San Miguel Petapa,true,,INSERT,16046
TC-00005450,adulto_mayor,Zona 10,true,,INSERT,22103
TC-00005453,trabajador,Zona 18,true,,INSERT,10546
TC-00005458,trabajador,San Miguel Petapa,true,,UPDATE,28849
TC-00005459,trabajador,Zona 10,true,,UPDATE,21232
TC-00005460,trabajador,Zona 4,true,,UPDATE,12747
TC-00005461,general,Villa Nueva,true,,UPDATE,30119
TC-00005468,adulto_mayor,Santa Catarina Pinula,true,,UPDATE,12011
TC-00005471,,,false,2026-07-11 16:01:00,DELETE,28228
TC-00005475,adulto_mayor,Zona 18,true,,UPDATE,9369
TC-00005485,general,Zona 13,true,,UPDATE,17616
TC-00005489,,,false,2026-06-11 18:17:00,DELETE,7578
TC-00005491,estudiante,Zona 4,true,,UPDATE,12060
TC-00005492,trabajador,Zona 13,true,,UPDATE,2547
TC-00005495,general,Zona 1,true,,UPDATE,19160
TC-00005501,trabajador,Zona 1,true,,INSERT,16759
TC-00005503,trabajador,Zona 7,true,,UPDATE,29485
TC-00005504,general,Zona 11,true,,INSERT,12502
TC-00005505,trabajador,Zona 12,true,,INSERT,3522
TC-00005509,estudiante,Zona 10,true,,UPDATE,14977
TC-00005513,general,Zona 13,true,,UPDATE,17845
TC-00005516,,,false,2026-07-05 01:02:00,DELETE,24138
TC-00005519,general,Zona 8,true,,UPDATE,4734
TC-00005523,trabajador,Zona 1,true,,INSERT,10532
TC-00005525,estudiante,Zona 17,true,,UPDATE,8620
TC-00005528,adulto_mayor,Zona 8,true,,UPDATE,8006
TC-00005535,trabajador,Santa Catarina Pinula,true,,UPDATE,29331
TC-00005541,estudiante,Zona 9,true,,INSERT,27106
TC-00005545,estudiante,Villa Nueva,true,,UPDATE,28612
TC-00005553,general,Zona 8,true,,UPDATE,16151
TC-00005568,estudiante,Santa Catarina Pinula,true,,UPDATE,6736
TC-00005570,general,Zona 4,false,2026-07-07 19:19:00,DELETE,25478
TC-00005572,general,Mixco,true,,UPDATE,1202
TC-00005579,trabajador,Zona 13,true,,INSERT,10476
TC-00005583,estudiante,Zona 11,true,,UPDATE,22539
TC-00005586,,,false,2026-06-22 03:49:00,DELETE,15103
TC-00005589,general,Villa Nueva,true,,INSERT,10589
TC-00005593,trabajador,Zona 18,true,,UPDATE,25895
TC-00005598,trabajador,Zona 6,true,,UPDATE,14202
TC-00005599,estudiante,Zona 12,true,,UPDATE,24740
TC-00005601,,,false,2026-06-29 00:08:00,DELETE,19974
TC-00005605,general,Zona 17,true,,INSERT,13825
TC-00005611,estudiante,Zona 10,true,,UPDATE,28536
TC-00005616,general,Zona 4,false,2026-07-10 08:57:00,DELETE,27526
TC-00005617,estudiante,Zona 6,true,,UPDATE,23242
TC-00005625,trabajador,Zona 7,true,,INSERT,15308
TC-00005626,general,Zona 10,true,,UPDATE,10121
TC-00005628,trabajador,Zona 10,true,,INSERT,14729
TC-00005631,adulto_mayor,Zona 13,true,,INSERT,4211
TC-00005635,trabajador,Zona 13,true,,INSERT,25642
TC-00005637,adulto_mayor,Zona 1,true,,UPDATE,28554
TC-00005638,trabajador,Zona 8,true,,INSERT,26314
TC-00005639,estudiante,Santa Catarina Pinula,true,,INSERT,18844
TC-00005643,general,Santa Catarina Pinula,true,,INSERT,24295
TC-00005653,trabajador,Zona 6,true,,INSERT,28291
TC-00005656,estudiante,Santa Catarina Pinula,true,,INSERT,20875
TC-00005660,estudiante,Zona 4,true,,UPDATE,23781
TC-00005668,adulto_mayor,Zona 13,true,,UPDATE,4453
TC-00005670,trabajador,Zona 12,true,,INSERT,27750
TC-00005674,trabajador,Villa Nueva,true,,INSERT,6980
TC-00005681,general,Zona 12,true,,UPDATE,13466
TC-00005692,adulto_mayor,Zona 1,true,,UPDATE,11389
TC-00005701,adulto_mayor,Villa Nueva,true,,UPDATE,8703
TC-00005704,general,Zona 9,true,,UPDATE,12975
TC-00005705,adulto_mayor,Zona 9,true,,UPDATE,28642
TC-00005711,,,false,2026-07-11 04:24:00,DELETE,28287
TC-00005721,general,Zona 12,true,,UPDATE,8783
TC-00005725,trabajador,Zona 1,true,,INSERT,27603
TC-00005726,general,Zona 7,true,,INSERT,2209
TC-00005730,,,false,2026-07-11 10:52:00,DELETE,28267
TC-00005737,trabajador,Zona 11,true,,INSERT,3643
TC-00005743,estudiante,Santa Catarina Pinula,true,,INSERT,10488
TC-00005746,adulto_mayor,Zona 6,true,,UPDATE,22619
TC-00005752,adulto_mayor,Zona 10,true,,UPDATE,29423
TC-00005759,trabajador,Zona 9,true,,UPDATE,21899
TC-00005762,trabajador,Mixco,true,,UPDATE,30260
TC-00005770,trabajador,Zona 9,true,,INSERT,5733
TC-00005771,general,Zona 11,true,,INSERT,18079
TC-00005775,trabajador,Zona 10,true,,INSERT,25534
TC-00005776,general,Zona 4,true,,UPDATE,30004
TC-00005784,trabajador,Zona 8,true,,INSERT,6927
TC-00005786,general,Zona 13,true,,INSERT,20908
TC-00005787,trabajador,Zona 17,true,,INSERT,18654
TC-00005790,trabajador,Zona 13,true,,INSERT,22903
TC-00005796,estudiante,Villa Nueva,true,,UPDATE,23045
TC-00005799,general,Zona 10,true,,INSERT,29860
TC-00005801,estudiante,Zona 7,true,,INSERT,10365
TC-00005804,trabajador,Villa Nueva,true,,UPDATE,11510
TC-00005807,general,Zona 7,true,,UPDATE,13650
TC-00005812,trabajador,Zona 11,true,,INSERT,26393
TC-00005822,general,San Miguel Petapa,true,,UPDATE,9505
TC-00005824,,,false,2026-07-06 09:12:00,DELETE,24778
TC-00005825,estudiante,Santa Catarina Pinula,true,,UPDATE,30881
TC-00005827,general,Zona 6,true,,UPDATE,23092
TC-00005829,trabajador,Zona 13,true,,INSERT,24153
TC-00005830,general,Zona 10,true,,INSERT,6330
TC-00005831,,,false,2026-06-01 17:37:00,DELETE,630
TC-00005839,trabajador,Zona 11,true,,INSERT,15415
TC-00005843,,,false,2026-06-30 01:26:00,DELETE,20680
TC-00005844,general,Zona 17,true,,UPDATE,3356
TC-00005850,adulto_mayor,Zona 17,true,,INSERT,7661
TC-00005855,adulto_mayor,Zona 17,true,,UPDATE,4530
TC-00005856,adulto_mayor,Zona 4,true,,INSERT,22091
TC-00005858,trabajador,Zona 8,true,,UPDATE,11582
TC-00005865,general,Santa Catarina Pinula,true,,UPDATE,23370
TC-00005868,,,false,2026-06-04 16:52:00,DELETE,2706
TC-00005869,,,false,2026-06-23 06:37:00,DELETE,15860
TC-00005874,adulto_mayor,Zona 7,true,,UPDATE,27965
TC-00005876,trabajador,Zona 8,true,,INSERT,1449
TC-00005877,general,Zona 9,true,,INSERT,13914
TC-00005879,estudiante,Santa Catarina Pinula,true,,INSERT,24926
TC-00005880,adulto_mayor,Zona 13,true,,INSERT,2206
TC-00005881,,,false,2026-06-10 15:30:00,DELETE,6884
TC-00005883,adulto_mayor,Villa Nueva,true,,UPDATE,2528
TC-00005887,general,Zona 4,true,,INSERT,22942
TC-00005889,general,Zona 10,true,,UPDATE,30243
TC-00005890,estudiante,Zona 7,true,,UPDATE,7381
TC-00005892,trabajador,Zona 7,true,,INSERT,13806
TC-00005893,trabajador,Zona 7,true,,UPDATE,22582
TC-00005894,estudiante,Zona 9,true,,UPDATE,17706
TC-00005900,trabajador,Santa Catarina Pinula,true,,INSERT,6998
TC-00005902,estudiante,Zona 13,true,,INSERT,13885
TC-00005906,estudiante,Zona 10,true,,UPDATE,27270
TC-00005908,general,Zona 10,true,,UPDATE,23900
TC-00005910,estudiante,Zona 18,true,,UPDATE,28189
TC-00005914,trabajador,Zona 13,true,,INSERT,15945
TC-00005921,trabajador,Zona 6,true,,UPDATE,20414
TC-00005922,estudiante,Zona 17,true,,INSERT,8295
TC-00005923,adulto_mayor,Zona 12,true,,UPDATE,27370
TC-00005926,general,Zona 13,true,,UPDATE,26560
TC-00005928,adulto_mayor,Zona 4,true,,UPDATE,16168
TC-00005929,trabajador,Zona 12,true,,INSERT,15219
TC-00005932,general,Villa Nueva,true,,UPDATE,1932
TC-00005934,trabajador,Zona 6,true,,INSERT,11897
TC-00005936,trabajador,Zona 12,true,,INSERT,14547
TC-00005938,,,false,2026-06-15 06:13:00,DELETE,10319
TC-00005941,trabajador,Zona 12,true,,INSERT,22988
TC-00005942,adulto_mayor,Villa Nueva,true,,UPDATE,30092
TC-00005944,,,false,2026-06-19 13:05:00,DELETE,13061
TC-00005945,adulto_mayor,Zona 13,true,,UPDATE,949
TC-00005946,trabajador,Zona 7,true,,UPDATE,7482
TC-00005947,general,Zona 12,true,,UPDATE,21109
TC-00005949,estudiante,Zona 7,true,,UPDATE,10112
TC-00005950,estudiante,Zona 1,true,,UPDATE,24519
TC-00005960,general,Zona 9,true,,UPDATE,22458
TC-00005962,general,Zona 7,true,,UPDATE,1181
TC-00005965,general,Zona 4,true,,UPDATE,5942
TC-00005968,trabajador,Zona 17,true,,INSERT,4306
TC-00005972,,,false,2026-06-21 22:59:00,DELETE,14427
TC-00005974,estudiante,Zona 10,true,,UPDATE,19592
TC-00005975,,,false,2026-07-07 08:28:00,DELETE,25526
TC-00005976,trabajador,Zona 12,true,,UPDATE,10136
TC-00005977,general,Zona 11,true,,UPDATE,19912
TC-00005978,estudiante,Mixco,true,,UPDATE,13525
TC-00005979,trabajador,Zona 12,true,,UPDATE,28069
TC-00005984,trabajador,Santa Catarina Pinula,false,2026-07-03 11:42:00,DELETE,22744
TC-00005988,trabajador,Mixco,true,,INSERT,15898
TC-00005990,adulto_mayor,Zona 8,true,,UPDATE,6452
TC-00005991,estudiante,Zona 6,true,,INSERT,28303
TC-00005997,trabajador,Zona 10,true,,INSERT,27740
TC-00006001,trabajador,Zona 12,true,,UPDATE,7297
TC-00006005,trabajador,Zona 10,true,,UPDATE,29310
TC-00006006,general,Zona 8,true,,UPDATE,21754
TC-00006016,adulto_mayor,Zona 8,true,,UPDATE,14745
TC-00006023,estudiante,Mixco,true,,UPDATE,4018
TC-00006026,trabajador,San Miguel Petapa,true,,INSERT,29693
TC-00006027,estudiante,Zona 1,true,,UPDATE,10204
TC-00006028,trabajador,Zona 9,true,,INSERT,11091
TC-00006032,adulto_mayor,Zona 10,true,,UPDATE,23826
TC-00006033,trabajador,Zona 13,true,,INSERT,25653
TC-00006034,general,Zona 8,true,,UPDATE,14199
TC-00006037,general,Zona 8,true,,UPDATE,19660
TC-00006039,trabajador,Zona 9,true,,INSERT,13986
TC-00006046,trabajador,Zona 6,true,,INSERT,25060
TC-00006047,adulto_mayor,Zona 6,true,,UPDATE,14828
TC-00006050,estudiante,San Miguel Petapa,true,,INSERT,25072
TC-00006059,estudiante,Zona 9,true,,INSERT,3521
TC-00006061,estudiante,Mixco,true,,INSERT,21538
TC-00006062,,,false,2026-06-10 00:25:00,DELETE,6841
TC-00006069,,,false,2026-06-09 05:27:00,DELETE,6146
TC-00006070,general,Zona 17,true,,UPDATE,29981
TC-00006072,estudiante,Zona 18,true,,UPDATE,26764
TC-00006088,adulto_mayor,Zona 9,true,,UPDATE,26686
TC-00006089,,,false,2026-07-08 08:34:00,DELETE,26144
TC-00006092,estudiante,Zona 13,true,,UPDATE,21023
TC-00006093,trabajador,Zona 7,true,,INSERT,3556
TC-00006101,trabajador,Zona 6,true,,INSERT,14646
TC-00006104,adulto_mayor,Zona 1,true,,UPDATE,13640
TC-00006106,general,Villa Nueva,true,,UPDATE,25812
TC-00006113,estudiante,Zona 11,true,,UPDATE,21089
TC-00006121,trabajador,Zona 12,true,,INSERT,13236
TC-00006124,trabajador,Zona 7,true,,INSERT,5732
TC-00006130,,,false,2026-06-27 11:33:00,DELETE,18575
TC-00006132,,,false,2026-06-11 06:55:00,DELETE,7512
TC-00006134,,,false,2026-06-23 04:10:00,DELETE,15828
TC-00006137,trabajador,Zona 1,true,,INSERT,24262
TC-00006139,general,Zona 11,true,,UPDATE,14135
TC-00006140,trabajador,Mixco,true,,UPDATE,27901
TC-00006145,,,false,2026-07-07 05:27:00,DELETE,25483
TC-00006147,trabajador,Zona 1,true,,UPDATE,5887
TC-00006154,adulto_mayor,Zona 7,true,,UPDATE,17528
TC-00006155,adulto_mayor,Zona 13,true,,UPDATE,8138
TC-00006156,trabajador,Zona 10,true,,INSERT,27113
TC-00006161,general,Zona 17,true,,UPDATE,12090
TC-00006162,trabajador,Zona 12,true,,INSERT,19362
TC-00006164,general,Zona 1,true,,UPDATE,1196
TC-00006167,adulto_mayor,Zona 8,true,,UPDATE,12763
TC-00006168,trabajador,Zona 9,true,,UPDATE,21831
TC-00006169,general,Zona 4,true,,UPDATE,21873
TC-00006177,estudiante,Zona 12,true,,INSERT,28518
TC-00006180,trabajador,Santa Catarina Pinula,true,,INSERT,25607
TC-00006185,,,false,2026-06-16 05:30:00,DELETE,10972
TC-00006187,adulto_mayor,Zona 18,true,,UPDATE,26772
TC-00006192,trabajador,Zona 8,true,,UPDATE,18874
TC-00006193,adulto_mayor,Zona 13,true,,UPDATE,6087
TC-00006197,,,false,2026-06-19 10:23:00,DELETE,13063
TC-00006200,general,Zona 6,true,,INSERT,28407
TC-00006201,estudiante,Zona 6,false,2026-06-25 23:00:00,DELETE,17177
TC-00006209,estudiante,Zona 9,true,,UPDATE,1180
TC-00006211,trabajador,Zona 17,false,2026-06-28 11:22:00,DELETE,19250
TC-00006214,trabajador,Villa Nueva,true,,INSERT,2950
TC-00006215,,,false,2026-06-03 17:26:00,DELETE,2031
TC-00006217,adulto_mayor,Zona 7,true,,INSERT,30458
TC-00006227,,,false,2026-06-05 03:33:00,DELETE,3395
TC-00006228,trabajador,Zona 13,true,,INSERT,24947
TC-00006229,estudiante,Zona 12,true,,UPDATE,20269
TC-00006230,estudiante,Zona 6,true,,UPDATE,10890
TC-00006236,adulto_mayor,Zona 4,true,,INSERT,55
TC-00006243,trabajador,San Miguel Petapa,true,,UPDATE,15534
TC-00006244,general,Villa Nueva,true,,INSERT,27070
TC-00006252,general,Zona 12,true,,UPDATE,26037
TC-00006266,trabajador,Zona 13,true,,INSERT,738
TC-00006269,adulto_mayor,Zona 18,true,,UPDATE,12883
TC-00006270,estudiante,Zona 18,true,,INSERT,30450
TC-00006271,trabajador,Zona 10,false,2026-07-13 11:28:00,DELETE,29599
TC-00006273,general,Mixco,true,,UPDATE,9481
TC-00006281,trabajador,Zona 1,true,,INSERT,28317
TC-00006286,trabajador,Zona 11,true,,UPDATE,30195
TC-00006292,general,Zona 7,true,,INSERT,20178
TC-00006295,general,San Miguel Petapa,true,,UPDATE,16440
TC-00006296,general,Zona 11,true,,INSERT,22916
TC-00006299,trabajador,Zona 6,true,,UPDATE,28558
TC-00006300,general,Santa Catarina Pinula,true,,UPDATE,10619
TC-00006306,trabajador,Zona 11,true,,UPDATE,19774
TC-00006308,general,Zona 4,true,,UPDATE,6754
TC-00006314,trabajador,Zona 10,true,,UPDATE,1211
TC-00006317,estudiante,Zona 7,true,,UPDATE,8035
TC-00006318,trabajador,Mixco,true,,INSERT,18023
TC-00006319,adulto_mayor,Santa Catarina Pinula,true,,UPDATE,18471
TC-00006322,adulto_mayor,Zona 17,true,,UPDATE,29486
TC-00006327,trabajador,Zona 17,true,,UPDATE,21008
TC-00006332,general,Zona 17,true,,INSERT,29182
TC-00006337,general,San Miguel Petapa,true,,UPDATE,23840
TC-00006338,adulto_mayor,Santa Catarina Pinula,true,,INSERT,16056
TC-00006339,trabajador,Mixco,true,,INSERT,7038
TC-00006343,trabajador,Zona 17,true,,UPDATE,19221
TC-00006344,general,San Miguel Petapa,true,,UPDATE,9424
TC-00006345,trabajador,Zona 9,true,,INSERT,22269
TC-00006348,trabajador,Santa Catarina Pinula,true,,UPDATE,19908
TC-00006351,,,false,2026-07-10 20:46:00,DELETE,27518
TC-00006352,estudiante,Villa Nueva,true,,INSERT,26327
TC-00006358,trabajador,Zona 9,true,,UPDATE,27467
TC-00006363,general,Zona 6,true,,UPDATE,12313
TC-00006371,adulto_mayor,Zona 11,false,2026-06-27 01:44:00,DELETE,18542
TC-00006375,trabajador,Zona 7,true,,INSERT,5740
TC-00006377,adulto_mayor,Zona 10,true,,UPDATE,15454
TC-00006379,trabajador,Zona 11,true,,INSERT,26277
TC-00006380,estudiante,San Miguel Petapa,true,,UPDATE,25948
TC-00006384,,,false,2026-06-27 13:46:00,DELETE,18560
TC-00006388,estudiante,Zona 13,true,,UPDATE,21215
TC-00006390,general,Zona 13,true,,INSERT,19528
TC-00006391,estudiante,Zona 7,true,,UPDATE,16441
TC-00006394,,,false,2026-06-18 15:12:00,DELETE,12387
TC-00006395,trabajador,Zona 4,true,,UPDATE,26465
TC-00006408,adulto_mayor,Zona 6,true,,UPDATE,7401
TC-00006410,adulto_mayor,Zona 12,true,,UPDATE,16370
TC-00006413,adulto_mayor,Santa Catarina Pinula,true,,INSERT,11089
TC-00006417,general,Zona 4,true,,UPDATE,25324
TC-00006418,estudiante,Zona 7,true,,UPDATE,27269
TC-00006419,general,Zona 6,true,,UPDATE,28865
TC-00006421,trabajador,Zona 6,true,,UPDATE,4394
TC-00006422,adulto_mayor,Zona 12,true,,INSERT,4880
TC-00006425,trabajador,Zona 13,true,,UPDATE,21876
TC-00006426,trabajador,Zona 18,false,2026-07-01 23:12:00,DELETE,21377
TC-00006430,estudiante,Zona 10,false,2026-07-14 19:24:00,DELETE,30294
TC-00006435,trabajador,Zona 11,true,,UPDATE,310
TC-00006438,estudiante,Zona 12,true,,UPDATE,5991
TC-00006442,general,Zona 13,true,,INSERT,20248
TC-00006445,trabajador,Zona 10,true,,INSERT,12563
TC-00006447,trabajador,Zona 7,true,,UPDATE,18526
TC-00006449,,,false,2026-07-10 08:14:00,DELETE,27589
TC-00006450,trabajador,Zona 10,true,,UPDATE,27966
TC-00006455,general,Zona 18,true,,UPDATE,16176
TC-00006458,trabajador,Zona 1,true,,UPDATE,27864
TC-00006461,trabajador,Villa Nueva,true,,INSERT,17388
TC-00006462,estudiante,Zona 4,true,,UPDATE,14815
TC-00006469,estudiante,Zona 11,false,2026-07-10 03:02:00,DELETE,27573
TC-00006473,trabajador,Zona 17,true,,INSERT,25016
TC-00006474,general,Zona 12,true,,INSERT,6328
TC-00006480,trabajador,Villa Nueva,true,,UPDATE,10181
TC-00006481,trabajador,Zona 1,true,,INSERT,13208
TC-00006482,,,false,2026-06-30 21:40:00,DELETE,20693
TC-00006494,,,false,2026-06-27 09:33:00,DELETE,18625
TC-00006495,estudiante,Zona 6,true,,UPDATE,10798
TC-00006496,general,Zona 7,true,,INSERT,16590
TC-00006498,estudiante,Zona 17,true,,UPDATE,2388
TC-00006499,trabajador,Zona 6,true,,UPDATE,25884
TC-00006500,estudiante,Santa Catarina Pinula,true,,UPDATE,18911
TC-00006501,trabajador,Mixco,true,,UPDATE,21130
TC-00006502,general,Zona 8,false,2026-06-27 20:58:00,DELETE,18622
TC-00006503,trabajador,Zona 10,true,,UPDATE,20565
TC-00006505,trabajador,Zona 1,true,,INSERT,27695
TC-00006509,general,Zona 10,true,,UPDATE,24457
TC-00006510,estudiante,Zona 17,true,,UPDATE,30686
TC-00006512,trabajador,Zona 17,true,,UPDATE,24612
TC-00006519,general,Zona 11,true,,UPDATE,30892
TC-00006520,general,Zona 1,true,,UPDATE,19146
TC-00006522,general,Zona 11,true,,UPDATE,3765
TC-00006523,estudiante,Zona 11,true,,UPDATE,3059
TC-00006527,trabajador,Zona 8,true,,INSERT,15230
TC-00006528,trabajador,Mixco,true,,UPDATE,8581
TC-00006533,estudiante,Zona 10,true,,UPDATE,14797
TC-00006537,trabajador,Zona 13,true,,INSERT,732
TC-00006540,adulto_mayor,Zona 18,true,,UPDATE,14060
TC-00006542,trabajador,Zona 4,true,,INSERT,22131
TC-00006551,trabajador,Santa Catarina Pinula,true,,UPDATE,20444
TC-00006555,trabajador,Zona 12,true,,UPDATE,25126
TC-00006557,estudiante,Zona 18,true,,UPDATE,11333
TC-00006566,trabajador,Zona 4,true,,INSERT,10437
TC-00006571,trabajador,Santa Catarina Pinula,true,,UPDATE,3214
TC-00006572,trabajador,Zona 18,true,,INSERT,5540
TC-00006573,trabajador,Zona 18,true,,UPDATE,28134
TC-00006576,trabajador,Zona 17,true,,UPDATE,9489
TC-00006582,trabajador,Zona 7,true,,INSERT,29686
TC-00006586,estudiante,Zona 12,true,,INSERT,2308
TC-00006594,adulto_mayor,Zona 6,true,,UPDATE,29238
TC-00006595,,,false,2026-06-04 08:29:00,DELETE,2760
TC-00006598,adulto_mayor,Zona 1,true,,UPDATE,28704
TC-00006603,adulto_mayor,Villa Nueva,true,,UPDATE,12793
TC-00006623,,,false,2026-06-30 10:54:00,DELETE,20699
TC-00006624,adulto_mayor,Zona 11,true,,UPDATE,15595
TC-00006626,general,Zona 9,true,,UPDATE,29459
TC-00006627,general,Zona 18,true,,UPDATE,5879
TC-00006628,general,Mixco,true,,UPDATE,30236
TC-00006633,general,Zona 18,true,,UPDATE,10663
TC-00006634,trabajador,San Miguel Petapa,true,,INSERT,8327
TC-00006638,general,Zona 4,true,,UPDATE,5891
TC-00006639,general,Zona 10,true,,UPDATE,27498
TC-00006644,trabajador,Villa Nueva,true,,INSERT,28379
TC-00006649,adulto_mayor,Zona 18,true,,INSERT,19385
TC-00006651,trabajador,Zona 4,true,,UPDATE,10713
TC-00006653,trabajador,Zona 10,true,,INSERT,11145
TC-00006657,trabajador,Villa Nueva,true,,INSERT,1528
TC-00006658,trabajador,Zona 11,true,,INSERT,4865
TC-00006659,trabajador,Zona 6,true,,UPDATE,3911
TC-00006660,adulto_mayor,Villa Nueva,true,,UPDATE,14785
TC-00006672,trabajador,Zona 12,true,,UPDATE,20549
TC-00006677,general,Zona 10,true,,UPDATE,28018
TC-00006678,adulto_mayor,Zona 17,true,,UPDATE,23093
TC-00006689,trabajador,Zona 10,true,,INSERT,19351
TC-00006692,trabajador,Zona 6,true,,UPDATE,14142
TC-00006697,estudiante,Zona 8,true,,UPDATE,10846
TC-00006705,adulto_mayor,Zona 11,true,,UPDATE,21212
TC-00006708,general,Zona 6,true,,UPDATE,16186
TC-00006711,trabajador,Mixco,true,,INSERT,9020
TC-00006716,estudiante,Zona 9,true,,UPDATE,16819
TC-00006721,trabajador,Zona 11,true,,UPDATE,14293
TC-00006722,trabajador,Zona 1,true,,UPDATE,19731
TC-00006723,estudiante,Zona 6,true,,UPDATE,28137
TC-00006726,trabajador,San Miguel Petapa,true,,UPDATE,1036
TC-00006727,,,false,2026-06-08 08:55:00,DELETE,5444
TC-00006733,trabajador,Santa Catarina Pinula,true,,INSERT,5678
TC-00006739,general,Zona 7,true,,UPDATE,5106
TC-00006740,adulto_mayor,Villa Nueva,true,,UPDATE,6621
TC-00006744,adulto_mayor,Zona 11,true,,INSERT,24329
TC-00006746,general,San Miguel Petapa,true,,INSERT,9881
TC-00006747,estudiante,Zona 1,true,,UPDATE,20601
TC-00006749,adulto_mayor,Zona 4,true,,UPDATE,9948
TC-00006753,trabajador,Zona 18,true,,INSERT,17944
TC-00006758,,,false,2026-06-20 05:10:00,DELETE,13738
TC-00006759,estudiante,Zona 4,false,2026-07-14 08:32:00,DELETE,30349
TC-00006760,general,Zona 7,true,,UPDATE,23758
TC-00006761,trabajador,Zona 7,true,,INSERT,10485
TC-00006763,trabajador,Zona 7,true,,INSERT,2824
TC-00006764,trabajador,Zona 17,true,,UPDATE,25848
TC-00006766,trabajador,Zona 10,true,,INSERT,227
TC-00006768,trabajador,Zona 9,true,,INSERT,30562
TC-00006771,estudiante,Zona 4,false,2026-07-14 02:28:00,DELETE,30280
TC-00006776,,,false,2026-06-20 20:59:00,DELETE,13712
TC-00006777,trabajador,Zona 17,true,,INSERT,24989
TC-00006788,adulto_mayor,Zona 13,true,,UPDATE,28098
TC-00006789,adulto_mayor,Santa Catarina Pinula,true,,UPDATE,14387
TC-00006796,adulto_mayor,Zona 11,true,,INSERT,16076
TC-00006798,trabajador,Villa Nueva,true,,INSERT,11883
TC-00006801,trabajador,Zona 7,true,,UPDATE,23102
TC-00006805,trabajador,Zona 18,true,,INSERT,2764
TC-00006806,adulto_mayor,Zona 7,true,,UPDATE,1171
TC-00006807,,,false,2026-07-03 00:06:00,DELETE,22768
TC-00006817,estudiante,Zona 9,true,,UPDATE,12687
TC-00006822,general,Zona 7,false,2026-07-08 14:13:00,DELETE,26171
TC-00006823,general,Zona 11,true,,UPDATE,10875
TC-00006826,trabajador,Zona 6,true,,UPDATE,21291
TC-00006827,,,false,2026-06-25 19:47:00,DELETE,17162
TC-00006830,general,Zona 8,true,,UPDATE,19749
TC-00006832,trabajador,Zona 4,true,,INSERT,29907
TC-00006839,,,false,2026-06-14 07:17:00,DELETE,9625
TC-00006843,general,Zona 10,true,,INSERT,24998
TC-00006844,trabajador,Zona 8,true,,INSERT,11094
TC-00006853,trabajador,Zona 18,true,,UPDATE,25872
TC-00006857,trabajador,Zona 11,true,,INSERT,11186
TC-00006873,trabajador,Zona 8,true,,INSERT,24850
TC-00006878,estudiante,San Miguel Petapa,false,2026-07-15 18:43:00,DELETE,30981
TC-00006882,adulto_mayor,Zona 13,true,,UPDATE,1743
TC-00006884,estudiante,Zona 17,true,,UPDATE,23872
TC-00006897,estudiante,Zona 4,true,,UPDATE,24438
TC-00006898,adulto_mayor,Zona 13,true,,UPDATE,3949
TC-00006901,trabajador,Villa Nueva,true,,INSERT,15344
TC-00006906,estudiante,Zona 10,true,,UPDATE,6539
TC-00006907,estudiante,Santa Catarina Pinula,true,,UPDATE,10758
TC-00006908,estudiante,Zona 17,true,,UPDATE,1008
TC-00006916,adulto_mayor,Zona 12,true,,INSERT,17293
TC-00006917,trabajador,Zona 7,true,,UPDATE,2330
TC-00006922,estudiante,Zona 10,true,,INSERT,23579
TC-00006927,trabajador,Zona 11,true,,INSERT,2191
TC-00006929,general,Zona 13,true,,INSERT,17425
TC-00006936,general,Zona 18,true,,UPDATE,11548
TC-00006937,trabajador,Zona 6,true,,UPDATE,16332
TC-00006946,trabajador,Zona 4,true,,UPDATE,23973
TC-00006948,,,false,2026-06-26 14:57:00,DELETE,17926
TC-00006949,trabajador,San Miguel Petapa,true,,INSERT,29194
TC-00006956,estudiante,Zona 1,true,,UPDATE,14377
TC-00006959,estudiante,San Miguel Petapa,true,,UPDATE,16454
TC-00006961,adulto_mayor,Zona 13,true,,UPDATE,17774
TC-00006962,general,Zona 17,true,,INSERT,26343
TC-00006970,trabajador,Zona 13,true,,INSERT,14006
TC-00006973,estudiante,Zona 7,true,,UPDATE,18387
TC-00006974,general,Zona 18,true,,UPDATE,6088
TC-00006981,trabajador,Mixco,true,,UPDATE,21782
TC-00006984,general,Zona 8,true,,UPDATE,14747
TC-00006990,general,Zona 12,true,,INSERT,20728
TC-00006991,general,Zona 9,true,,UPDATE,25245
TC-00006993,adulto_mayor,Zona 6,true,,UPDATE,13574
TC-00006995,adulto_mayor,Zona 4,true,,UPDATE,23957
TC-00007012,,,false,2026-06-02 05:13:00,DELETE,1330
TC-00007015,trabajador,Zona 17,true,,INSERT,22302
TC-00007016,trabajador,Zona 11,true,,UPDATE,21971
TC-00007019,adulto_mayor,Zona 10,true,,INSERT,27149
TC-00007033,general,Zona 10,true,,INSERT,19450
TC-00007034,,,false,2026-06-03 20:16:00,DELETE,2036
TC-00007035,general,Zona 13,true,,UPDATE,10603
TC-00007036,estudiante,Zona 8,true,,INSERT,7091
TC-00007037,adulto_mayor,Zona 12,true,,UPDATE,4412
TC-00007039,general,Zona 18,true,,UPDATE,13699
TC-00007042,estudiante,Zona 12,true,,INSERT,14593
TC-00007044,adulto_mayor,Zona 18,true,,INSERT,10501
TC-00007046,trabajador,Santa Catarina Pinula,true,,INSERT,7632
TC-00007049,trabajador,Zona 1,true,,UPDATE,1788
TC-00007055,estudiante,Zona 8,true,,INSERT,12627
TC-00007056,adulto_mayor,Zona 6,true,,UPDATE,9247
TC-00007057,,,false,2026-07-06 04:55:00,DELETE,24834
TC-00007060,general,Zona 18,true,,INSERT,188
TC-00007061,trabajador,Zona 9,true,,UPDATE,8080
TC-00007063,adulto_mayor,Zona 17,true,,INSERT,9883
TC-00007073,general,Zona 1,true,,INSERT,13221
TC-00007075,trabajador,Zona 12,true,,INSERT,30487
TC-00007080,estudiante,Zona 4,true,,UPDATE,21843
TC-00007083,trabajador,Zona 10,true,,INSERT,26284
TC-00007086,general,Zona 1,true,,INSERT,2234
TC-00007088,trabajador,Zona 1,false,2026-07-07 00:13:00,DELETE,25453
TC-00007093,,,false,2026-07-13 09:44:00,DELETE,29603
TC-00007094,,,false,2026-06-03 18:05:00,DELETE,2058
TC-00007099,,,false,2026-07-10 04:30:00,DELETE,27590
TC-00007101,general,Zona 6,true,,UPDATE,16903
TC-00007102,trabajador,Zona 11,true,,UPDATE,14050
TC-00007104,trabajador,Zona 11,true,,INSERT,1599
TC-00007107,trabajador,Zona 12,true,,INSERT,25591
TC-00007110,adulto_mayor,Zona 1,true,,UPDATE,539
TC-00007111,trabajador,San Miguel Petapa,true,,UPDATE,15507
TC-00007114,general,Zona 8,true,,UPDATE,12727
TC-00007120,estudiante,Zona 6,true,,INSERT,27684
TC-00007123,trabajador,Villa Nueva,true,,INSERT,11239
TC-00007132,general,Zona 10,true,,UPDATE,3305
TC-00007133,trabajador,Zona 18,true,,UPDATE,15749
TC-00007135,general,Zona 10,true,,UPDATE,20347
TC-00007136,,,false,2026-07-10 03:30:00,DELETE,27538
TC-00007139,adulto_mayor,Santa Catarina Pinula,true,,INSERT,14534
TC-00007141,trabajador,Zona 9,true,,UPDATE,28745
TC-00007143,,,false,2026-07-12 23:09:00,DELETE,28964
TC-00007145,,,false,2026-06-28 20:31:00,DELETE,19314
TC-00007150,,,false,2026-07-01 14:12:00,DELETE,21339
TC-00007152,trabajador,Villa Nueva,true,,INSERT,11747
TC-00007153,general,Zona 1,true,,UPDATE,30633
TC-00007156,estudiante,Zona 17,true,,INSERT,25663
TC-00007158,general,Zona 1,true,,UPDATE,386
TC-00007167,general,Zona 8,true,,UPDATE,2591
TC-00007169,trabajador,Zona 1,true,,INSERT,21458
TC-00007171,general,Zona 13,true,,UPDATE,17000
TC-00007173,general,Zona 11,true,,INSERT,2201
TC-00007177,trabajador,Zona 13,true,,UPDATE,5772
TC-00007178,general,Zona 12,true,,INSERT,5599
TC-00007180,,,false,2026-07-11 18:37:00,DELETE,28286
TC-00007188,general,Zona 12,true,,UPDATE,4469
TC-00007191,estudiante,Santa Catarina Pinula,true,,UPDATE,8032
TC-00007193,trabajador,Zona 18,true,,UPDATE,30905
TC-00007197,,,false,2026-07-01 07:18:00,DELETE,21390
TC-00007202,general,Mixco,true,,UPDATE,30890
TC-00007203,estudiante,Zona 4,true,,UPDATE,24639
TC-00007210,adulto_mayor,Zona 13,true,,UPDATE,10807
TC-00007212,general,Villa Nueva,true,,UPDATE,25251
TC-00007214,estudiante,Zona 9,true,,INSERT,25553
TC-00007216,trabajador,Mixco,true,,INSERT,30512
TC-00007218,trabajador,Zona 7,true,,UPDATE,14732
TC-00007220,general,Zona 17,true,,INSERT,14518
TC-00007221,estudiante,Zona 7,true,,UPDATE,19070
TC-00007222,trabajador,Zona 1,true,,UPDATE,29990
TC-00007224,,,false,2026-06-22 16:56:00,DELETE,15093
TC-00007232,trabajador,Zona 10,true,,UPDATE,28048
TC-00007233,estudiante,Zona 6,false,2026-07-02 22:37:00,DELETE,22029
TC-00007234,general,Zona 13,false,2026-07-04 19:53:00,DELETE,23383
TC-00007240,adulto_mayor,Zona 12,true,,UPDATE,14810
TC-00007245,estudiante,Santa Catarina Pinula,true,,INSERT,4988
TC-00007249,estudiante,Zona 4,false,2026-07-12 23:23:00,DELETE,28970
TC-00007257,trabajador,Zona 12,true,,UPDATE,30696
TC-00007260,trabajador,Zona 1,true,,INSERT,27714
TC-00007262,,,false,2026-07-14 14:02:00,DELETE,30309
TC-00007264,estudiante,Zona 6,true,,UPDATE,11412
TC-00007266,trabajador,Zona 6,true,,INSERT,15985
TC-00007275,estudiante,Zona 7,true,,UPDATE,6726
TC-00007279,trabajador,Zona 4,true,,INSERT,15967
TC-00007282,general,Santa Catarina Pinula,true,,INSERT,21570
TC-00007290,general,San Miguel Petapa,true,,INSERT,26946
TC-00007292,,,false,2026-06-07 22:38:00,DELETE,4782
TC-00007298,general,Zona 18,true,,UPDATE,10736
TC-00007300,general,Zona 6,true,,UPDATE,9561
TC-00007303,trabajador,Zona 6,false,2026-07-10 11:13:00,DELETE,27561
TC-00007306,,,false,2026-07-14 17:53:00,DELETE,30359
TC-00007310,trabajador,Zona 9,true,,UPDATE,29274
TC-00007314,estudiante,Zona 7,true,,INSERT,20825
TC-00007315,,,false,2026-06-10 19:09:00,DELETE,6839
TC-00007317,trabajador,Zona 9,true,,INSERT,29807
TC-00007331,trabajador,San Miguel Petapa,true,,INSERT,17450
TC-00007335,,,false,2026-06-10 11:57:00,DELETE,6892
TC-00007336,trabajador,Santa Catarina Pinula,true,,INSERT,30488
TC-00007337,adulto_mayor,Zona 10,true,,INSERT,13191
TC-00007348,estudiante,Santa Catarina Pinula,true,,UPDATE,30642
TC-00007350,trabajador,Zona 13,true,,INSERT,9039
TC-00007359,estudiante,Zona 17,true,,INSERT,24948
TC-00007364,general,Zona 18,true,,UPDATE,2544
TC-00007366,trabajador,Zona 8,true,,UPDATE,17058
TC-00007368,trabajador,Zona 7,true,,UPDATE,26106
TC-00007373,trabajador,Villa Nueva,true,,UPDATE,19041
TC-00007376,general,Zona 6,true,,INSERT,15340
TC-00007377,trabajador,Zona 4,true,,UPDATE,1086
TC-00007379,trabajador,Santa Catarina Pinula,false,2026-07-15 12:25:00,DELETE,30991
TC-00007381,adulto_mayor,Mixco,true,,UPDATE,19650
TC-00007382,general,Zona 1,true,,INSERT,17414
TC-00007383,estudiante,Zona 1,true,,UPDATE,29972
TC-00007385,estudiante,Zona 8,true,,INSERT,19322
TC-00007389,estudiante,Zona 6,true,,INSERT,18163
TC-00007393,trabajador,Zona 18,true,,UPDATE,22621
TC-00007396,,,false,2026-06-29 10:18:00,DELETE,19948
TC-00007398,trabajador,Mixco,true,,INSERT,19524
TC-00007399,estudiante,Zona 8,true,,INSERT,228
TC-00007406,,,false,2026-07-01 07:55:00,DELETE,21327
TC-00007413,trabajador,Zona 10,true,,UPDATE,14252
TC-00007415,trabajador,Zona 7,true,,INSERT,10355
TC-00007417,,,false,2026-07-01 21:47:00,DELETE,21378
TC-00007418,general,Zona 11,true,,INSERT,30399
TC-00007421,trabajador,Zona 11,true,,INSERT,7782
TC-00007424,trabajador,San Miguel Petapa,true,,UPDATE,21285
TC-00007429,adulto_mayor,Zona 11,true,,UPDATE,21942
TC-00007430,trabajador,Zona 4,false,2026-06-26 14:50:00,DELETE,17903
TC-00007433,general,Zona 18,true,,UPDATE,3247
TC-00007435,general,Zona 12,true,,INSERT,22924
TC-00007436,trabajador,Mixco,true,,UPDATE,29474
TC-00007439,trabajador,San Miguel Petapa,true,,INSERT,10576
TC-00007440,adulto_mayor,Zona 8,true,,UPDATE,28690
TC-00007441,general,Zona 4,true,,UPDATE,9933
TC-00007443,general,Zona 1,true,,UPDATE,6499
TC-00007444,,,false,2026-06-16 07:21:00,DELETE,10951
TC-00007448,estudiante,Santa Catarina Pinula,true,,INSERT,1416
TC-00007450,general,Zona 17,true,,INSERT,21429
TC-00007451,adulto_mayor,Zona 17,true,,UPDATE,18532
TC-00007452,general,Zona 11,true,,UPDATE,11396
TC-00007462,general,Zona 1,true,,UPDATE,17092
TC-00007469,,,false,2026-06-23 05:31:00,DELETE,15812
TC-00007471,trabajador,Zona 4,true,,INSERT,18790
TC-00007474,estudiante,Zona 8,true,,UPDATE,5183
TC-00007476,trabajador,Zona 10,true,,UPDATE,4613
TC-00007477,trabajador,Zona 13,true,,INSERT,9900
TC-00007479,general,Zona 7,true,,UPDATE,10206
TC-00007480,,,false,2026-07-06 16:58:00,DELETE,24814
TC-00007481,general,Mixco,false,2026-07-08 10:59:00,DELETE,26140
TC-00007482,estudiante,Zona 13,true,,INSERT,8480
TC-00007490,estudiante,Zona 11,true,,UPDATE,9922
TC-00007491,trabajador,Zona 1,true,,UPDATE,20363
TC-00007493,,,false,2026-06-13 17:40:00,DELETE,8900
TC-00007503,estudiante,Zona 17,true,,INSERT,24173
TC-00007504,trabajador,Zona 10,true,,INSERT,19345
TC-00007505,,,false,2026-06-14 17:48:00,DELETE,9590
TC-00007509,trabajador,San Miguel Petapa,true,,INSERT,7707
TC-00007510,adulto_mayor,Zona 4,true,,INSERT,12481
TC-00007515,trabajador,Zona 18,true,,INSERT,11270
TC-00007516,trabajador,Zona 6,true,,UPDATE,25342
TC-00007522,adulto_mayor,Zona 6,true,,UPDATE,22442
TC-00007525,adulto_mayor,Mixco,true,,UPDATE,1698
TC-00007526,general,Zona 7,true,,UPDATE,544
TC-00007529,adulto_mayor,San Miguel Petapa,true,,INSERT,22147
TC-00007531,trabajador,Santa Catarina Pinula,true,,INSERT,24380
TC-00007532,trabajador,Zona 4,false,2026-07-12 18:37:00,DELETE,28917
TC-00007534,trabajador,Zona 6,false,2026-07-14 09:40:00,DELETE,30354
TC-00007538,trabajador,Zona 8,true,,INSERT,16684
TC-00007542,estudiante,Zona 8,true,,UPDATE,1677
TC-00007547,trabajador,Zona 10,true,,UPDATE,1712
TC-00007548,general,Zona 7,true,,UPDATE,23187
TC-00007549,general,Santa Catarina Pinula,true,,UPDATE,8823
TC-00007550,general,Zona 9,true,,INSERT,13228
TC-00007551,trabajador,Mixco,true,,INSERT,7123
TC-00007552,trabajador,Zona 8,true,,UPDATE,27174
TC-00007553,,,false,2026-06-30 04:57:00,DELETE,20656
TC-00007554,adulto_mayor,Zona 7,true,,UPDATE,1949
TC-00007555,adulto_mayor,Zona 7,true,,INSERT,7700
TC-00007559,general,Zona 7,true,,INSERT,26285
TC-00007565,estudiante,Zona 1,true,,INSERT,29783
TC-00007566,estudiante,San Miguel Petapa,true,,UPDATE,14109
TC-00007572,adulto_mayor,Zona 8,true,,UPDATE,12911
TC-00007580,estudiante,Zona 13,true,,INSERT,29885
TC-00007587,adulto_mayor,Villa Nueva,true,,UPDATE,28650
TC-00007593,adulto_mayor,Zona 13,true,,UPDATE,12092
TC-00007596,adulto_mayor,Zona 9,true,,INSERT,22166
TC-00007597,trabajador,Zona 4,true,,INSERT,26425
TC-00007606,adulto_mayor,Zona 4,true,,UPDATE,21812
TC-00007610,adulto_mayor,Zona 10,true,,UPDATE,25208
TC-00007611,adulto_mayor,Zona 1,true,,UPDATE,23812
TC-00007615,,,false,2026-06-08 17:26:00,DELETE,5431
TC-00007618,estudiante,Zona 18,true,,UPDATE,25180
TC-00007620,,,false,2026-07-10 23:40:00,DELETE,27549
TC-00007623,general,Santa Catarina Pinula,true,,INSERT,18762
TC-00007626,general,Zona 17,true,,INSERT,27656
TC-00007628,trabajador,Mixco,true,,UPDATE,7864
TC-00007629,estudiante,Villa Nueva,true,,UPDATE,14839
TC-00007631,adulto_mayor,Zona 9,true,,UPDATE,17552
TC-00007637,general,Zona 10,true,,UPDATE,8065
TC-00007641,general,Zona 12,true,,UPDATE,12252
TC-00007646,,,false,2026-07-05 07:25:00,DELETE,24061
TC-00007650,trabajador,Zona 7,true,,INSERT,15276
TC-00007656,,,false,2026-06-15 12:44:00,DELETE,10286
TC-00007661,trabajador,Villa Nueva,true,,INSERT,22093
TC-00007663,estudiante,Zona 7,true,,UPDATE,17519
TC-00007669,general,Zona 7,true,,UPDATE,27969
TC-00007672,,,false,2026-06-13 01:35:00,DELETE,8970
TC-00007678,general,Zona 13,true,,UPDATE,17738
TC-00007681,,,false,2026-06-06 11:41:00,DELETE,4127
TC-00007682,general,Zona 7,true,,UPDATE,8767
TC-00007684,,,false,2026-06-22 06:49:00,DELETE,15107
TC-00007685,general,Santa Catarina Pinula,true,,INSERT,13860
TC-00007686,estudiante,Zona 13,true,,UPDATE,6565
TC-00007687,general,Zona 18,true,,UPDATE,19697
TC-00007688,trabajador,Zona 1,true,,INSERT,26955
TC-00007697,general,Zona 18,true,,UPDATE,22382
TC-00007698,trabajador,Santa Catarina Pinula,true,,UPDATE,360
TC-00007701,trabajador,Zona 12,true,,INSERT,6353
TC-00007705,estudiante,Zona 7,true,,UPDATE,1077
TC-00007707,trabajador,Zona 4,true,,INSERT,2120
TC-00007716,trabajador,Zona 4,true,,UPDATE,29924
TC-00007717,trabajador,Zona 12,false,2026-07-06 10:05:00,DELETE,24801
TC-00007725,trabajador,Zona 8,true,,INSERT,9142
TC-00007731,,,false,2026-06-04 14:17:00,DELETE,2756
TC-00007734,trabajador,Zona 1,true,,INSERT,27741
TC-00007736,trabajador,Zona 11,true,,UPDATE,296
TC-00007737,trabajador,Zona 4,true,,UPDATE,14070
TC-00007738,trabajador,Villa Nueva,true,,UPDATE,18534
TC-00007739,general,Zona 9,true,,UPDATE,22453
TC-00007747,estudiante,Santa Catarina Pinula,true,,INSERT,12471
TC-00007749,trabajador,Zona 12,true,,INSERT,29805
TC-00007750,estudiante,Zona 7,true,,UPDATE,26697
TC-00007751,general,Zona 8,true,,INSERT,6397
TC-00007756,,,false,2026-06-21 15:31:00,DELETE,14455
TC-00007757,general,Zona 12,true,,UPDATE,1152
TC-00007762,adulto_mayor,Zona 7,true,,UPDATE,15422
TC-00007763,general,Zona 6,true,,UPDATE,22515
TC-00007783,trabajador,San Miguel Petapa,true,,UPDATE,529
TC-00007802,estudiante,Zona 17,false,2026-06-21 11:14:00,DELETE,14421
TC-00007808,general,San Miguel Petapa,true,,UPDATE,1888
TC-00007809,adulto_mayor,Zona 4,true,,UPDATE,29571
TC-00007811,general,Zona 1,true,,UPDATE,6060
TC-00007814,trabajador,Zona 18,true,,INSERT,7107
TC-00007815,general,Zona 10,true,,INSERT,17964
TC-00007816,trabajador,Zona 10,true,,INSERT,23506
TC-00007817,general,Mixco,true,,INSERT,26331
TC-00007824,trabajador,Zona 17,true,,INSERT,6933
TC-00007833,estudiante,Zona 4,true,,UPDATE,22606
TC-00007836,general,Zona 11,true,,UPDATE,24563
TC-00007839,trabajador,Zona 8,true,,INSERT,5562
TC-00007847,trabajador,Mixco,true,,UPDATE,25924
TC-00007848,,,false,2026-06-09 01:03:00,DELETE,6153
TC-00007861,estudiante,Mixco,true,,UPDATE,12720
TC-00007862,,,false,2026-06-23 15:31:00,DELETE,15845
TC-00007863,adulto_mayor,Zona 12,true,,UPDATE,21740
TC-00007866,estudiante,Zona 18,true,,UPDATE,10889
TC-00007872,trabajador,Zona 10,true,,INSERT,20838
TC-00007884,trabajador,Zona 6,true,,INSERT,21417
TC-00007897,adulto_mayor,Zona 11,true,,UPDATE,24619
TC-00007899,general,Villa Nueva,true,,UPDATE,19799
TC-00007903,trabajador,Zona 9,true,,UPDATE,10631
TC-00007906,trabajador,Villa Nueva,true,,INSERT,16704
TC-00007907,adulto_mayor,Villa Nueva,true,,UPDATE,12684
TC-00007909,,,false,2026-06-17 19:17:00,DELETE,11664
TC-00007911,,,false,2026-07-01 07:52:00,DELETE,21324
TC-00007914,trabajador,San Miguel Petapa,true,,UPDATE,26539
TC-00007915,,,false,2026-06-23 07:52:00,DELETE,15863
TC-00007917,estudiante,Zona 10,true,,UPDATE,3736
TC-00007920,adulto_mayor,San Miguel Petapa,true,,UPDATE,16896
TC-00007922,trabajador,Zona 1,true,,INSERT,15931
TC-00007925,general,Zona 10,true,,UPDATE,23056
TC-00007926,adulto_mayor,Zona 9,true,,UPDATE,25873
TC-00007927,estudiante,Zona 11,true,,UPDATE,538
TC-00007932,adulto_mayor,Zona 18,true,,UPDATE,23273
TC-00007934,estudiante,San Miguel Petapa,true,,INSERT,13253
TC-00007936,trabajador,Zona 11,true,,INSERT,29211
TC-00007939,estudiante,Zona 10,true,,UPDATE,26010
TC-00007942,estudiante,Zona 13,true,,INSERT,27649
TC-00007944,estudiante,Zona 8,true,,UPDATE,21088
TC-00007951,general,Zona 18,true,,INSERT,13903
TC-00007956,trabajador,Villa Nueva,true,,UPDATE,30757
TC-00007960,general,Zona 4,true,,UPDATE,5327
TC-00007963,general,Villa Nueva,true,,UPDATE,12855
TC-00007969,,,false,2026-06-30 03:32:00,DELETE,20660
TC-00007972,,,false,2026-06-24 07:36:00,DELETE,16495
TC-00007974,adulto_mayor,Zona 13,true,,UPDATE,28629
TC-00007976,general,Zona 11,true,,UPDATE,22327
TC-00007977,general,Zona 18,true,,UPDATE,4561
TC-00007979,estudiante,Mixco,true,,INSERT,11945
TC-00007981,trabajador,Zona 12,true,,INSERT,5525
TC-00007987,estudiante,Mixco,true,,UPDATE,19611
TC-00007992,trabajador,Zona 10,true,,INSERT,1402
TC-00007993,adulto_mayor,Zona 17,true,,UPDATE,18370
TC-00007995,trabajador,Santa Catarina Pinula,true,,INSERT,13216
TC-00007996,trabajador,San Miguel Petapa,true,,INSERT,7127
TC-00007998,trabajador,Zona 6,true,,INSERT,3587
TC-00008005,general,Zona 12,true,,UPDATE,27898
TC-00008010,general,Santa Catarina Pinula,true,,UPDATE,15556
TC-00008011,trabajador,Zona 6,true,,INSERT,25763
TC-00008013,estudiante,Zona 11,true,,INSERT,26443
TC-00008018,trabajador,Zona 11,true,,UPDATE,20295
TC-00008019,estudiante,Villa Nueva,true,,UPDATE,10606
TC-00008022,,,false,2026-06-09 14:51:00,DELETE,6154
TC-00008025,general,San Miguel Petapa,true,,UPDATE,6701
TC-00008028,trabajador,Zona 13,true,,UPDATE,4711
TC-00008029,general,Zona 4,true,,INSERT,867
TC-00008036,,,false,2026-06-19 08:23:00,DELETE,13073
TC-00008047,trabajador,Villa Nueva,true,,INSERT,18729
TC-00008050,adulto_mayor,Zona 13,true,,UPDATE,12306
TC-00008052,trabajador,Villa Nueva,true,,UPDATE,16916
TC-00008054,general,Zona 6,true,,UPDATE,26621
TC-00008056,adulto_mayor,Zona 7,true,,UPDATE,28771
TC-00008057,estudiante,Mixco,true,,UPDATE,13016
TC-00008061,trabajador,Zona 9,true,,INSERT,26262
TC-00008062,adulto_mayor,Zona 18,true,,UPDATE,8770
TC-00008063,,,false,2026-07-06 09:33:00,DELETE,24759
TC-00008064,trabajador,San Miguel Petapa,true,,INSERT,27697
TC-00008066,,,false,2026-07-12 18:34:00,DELETE,28927
TC-00008070,trabajador,San Miguel Petapa,true,,INSERT,13994
TC-00008072,estudiante,Mixco,true,,UPDATE,19651
TC-00008074,,,false,2026-06-01 22:57:00,DELETE,668
TC-00008077,general,Zona 1,true,,UPDATE,16183
TC-00008082,,,false,2026-06-11 05:24:00,DELETE,7548
TC-00008085,adulto_mayor,Zona 1,true,,UPDATE,3939
TC-00008088,adulto_mayor,Zona 12,true,,UPDATE,19171
TC-00008090,general,Zona 12,true,,UPDATE,27846
TC-00008092,,,false,2026-06-29 08:41:00,DELETE,19972
TC-00008095,trabajador,Zona 1,true,,UPDATE,2551
TC-00008098,estudiante,San Miguel Petapa,true,,INSERT,20790
TC-00008099,,,false,2026-06-03 22:19:00,DELETE,2034
TC-00008102,general,Zona 18,true,,INSERT,5725
TC-00008103,general,Zona 1,true,,INSERT,8493
TC-00008114,trabajador,Zona 17,true,,INSERT,30480
TC-00008115,adulto_mayor,San Miguel Petapa,true,,INSERT,7100
TC-00008127,general,Zona 7,true,,UPDATE,13591
TC-00008128,trabajador,Zona 17,true,,INSERT,2195
TC-00008131,general,Zona 1,true,,UPDATE,23742
TC-00008137,trabajador,Zona 8,true,,UPDATE,19173
TC-00008141,,,false,2026-06-16 13:00:00,DELETE,11036
TC-00008145,trabajador,Zona 7,true,,INSERT,2854
TC-00008147,general,Zona 6,true,,INSERT,24242
TC-00008148,trabajador,Zona 17,true,,INSERT,18650
TC-00008150,estudiante,San Miguel Petapa,true,,UPDATE,14291
TC-00008151,trabajador,Zona 6,true,,INSERT,15979
TC-00008152,adulto_mayor,Zona 11,true,,UPDATE,23143
TC-00008154,,,false,2026-06-27 04:59:00,DELETE,18555
TC-00008160,general,Villa Nueva,true,,INSERT,24342
TC-00008164,trabajador,Zona 7,true,,UPDATE,15666
TC-00008165,adulto_mayor,Zona 10,true,,INSERT,27822
TC-00008166,,,false,2026-06-13 07:08:00,DELETE,8910
TC-00008169,trabajador,Zona 12,true,,INSERT,16011
TC-00008177,,,false,2026-06-03 12:47:00,DELETE,2032
TC-00008178,trabajador,Zona 7,true,,UPDATE,30859
TC-00008181,,,false,2026-07-12 09:42:00,DELETE,28891
TC-00008186,trabajador,Zona 11,true,,INSERT,6263
TC-00008187,,,false,2026-06-01 13:18:00,DELETE,663
TC-00008195,adulto_mayor,Zona 9,true,,UPDATE,7240
TC-00008203,general,Zona 11,true,,UPDATE,15604
TC-00008206,general,Santa Catarina Pinula,true,,UPDATE,18902
TC-00008209,estudiante,San Miguel Petapa,true,,INSERT,2079
TC-00008213,trabajador,Zona 6,true,,INSERT,815
TC-00008221,,,false,2026-07-14 06:57:00,DELETE,30307
TC-00008225,trabajador,Zona 8,true,,INSERT,18036
TC-00008228,estudiante,Zona 18,true,,UPDATE,9430
TC-00008233,trabajador,Zona 10,true,,UPDATE,12126
TC-00008239,trabajador,Zona 8,true,,INSERT,4990
TC-00008240,general,Zona 8,true,,INSERT,24254
TC-00008245,trabajador,Zona 11,true,,INSERT,26242
TC-00008250,estudiante,Zona 13,true,,INSERT,13297
TC-00008253,estudiante,Santa Catarina Pinula,true,,UPDATE,17121
TC-00008267,trabajador,Mixco,true,,UPDATE,7835
TC-00008272,trabajador,Zona 18,true,,INSERT,15260
TC-00008276,trabajador,Zona 7,true,,UPDATE,30627
TC-00008279,estudiante,Zona 6,true,,INSERT,25760
TC-00008280,adulto_mayor,Mixco,true,,INSERT,9152
TC-00008291,trabajador,Zona 18,true,,UPDATE,6576
TC-00008292,adulto_mayor,Zona 9,true,,UPDATE,508
TC-00008295,trabajador,Zona 1,true,,UPDATE,3221
TC-00008315,trabajador,Zona 10,true,,INSERT,24357
TC-00008317,estudiante,Zona 11,true,,INSERT,1581
TC-00008318,trabajador,Villa Nueva,true,,UPDATE,12192
TC-00008320,general,Zona 8,true,,UPDATE,28196
TC-00008333,adulto_mayor,Zona 8,true,,INSERT,25011
TC-00008337,estudiante,Zona 10,true,,UPDATE,23179
TC-00008343,trabajador,Zona 1,true,,UPDATE,28611
TC-00008346,trabajador,Zona 8,true,,INSERT,24861
TC-00008348,trabajador,Zona 8,true,,INSERT,27073
TC-00008349,general,Zona 6,true,,UPDATE,10805
TC-00008352,adulto_mayor,Zona 1,true,,UPDATE,23159
TC-00008353,adulto_mayor,Santa Catarina Pinula,true,,UPDATE,28858
TC-00008357,trabajador,Villa Nueva,true,,INSERT,19436
TC-00008364,,,false,2026-07-04 07:15:00,DELETE,23375
TC-00008366,adulto_mayor,San Miguel Petapa,true,,INSERT,20111
TC-00008376,adulto_mayor,Santa Catarina Pinula,true,,UPDATE,15506
TC-00008378,trabajador,Zona 9,true,,UPDATE,20425
TC-00008388,adulto_mayor,Zona 11,true,,UPDATE,10222
TC-00008398,general,Zona 9,true,,UPDATE,20534
TC-00008400,trabajador,Zona 7,true,,INSERT,20110
TC-00008401,trabajador,Zona 10,true,,UPDATE,15681
TC-00008404,adulto_mayor,Zona 7,true,,UPDATE,8093
TC-00008408,adulto_mayor,Zona 17,true,,UPDATE,26803
TC-00008410,,,false,2026-06-13 06:46:00,DELETE,8948
TC-00008413,trabajador,Zona 7,true,,UPDATE,23763
TC-00008421,trabajador,Zona 10,true,,UPDATE,5945
TC-00008429,general,Zona 11,true,,INSERT,30578
TC-00008431,trabajador,Zona 13,true,,INSERT,9751
TC-00008437,general,Zona 6,true,,INSERT,3606
TC-00008438,estudiante,Zona 8,true,,UPDATE,22472
TC-00008441,estudiante,Santa Catarina Pinula,true,,INSERT,4959
TC-00008442,estudiante,Villa Nueva,true,,UPDATE,1122
TC-00008443,general,Zona 7,true,,INSERT,15263
TC-00008448,trabajador,Zona 7,true,,UPDATE,24543
TC-00008455,general,Zona 4,true,,UPDATE,5995
TC-00008457,trabajador,Zona 6,true,,INSERT,20917
TC-00008460,estudiante,Zona 6,true,,INSERT,22828
TC-00008462,trabajador,Zona 12,true,,UPDATE,5937
TC-00008472,trabajador,Zona 11,true,,INSERT,18863
TC-00008473,,,false,2026-07-15 17:46:00,DELETE,31033
TC-00008476,general,Zona 12,true,,UPDATE,25932
TC-00008479,general,Zona 17,true,,INSERT,29179
TC-00008483,estudiante,Zona 17,true,,UPDATE,27377
TC-00008489,trabajador,Zona 7,true,,INSERT,10474
TC-00008491,general,Zona 9,true,,UPDATE,30226
TC-00008494,estudiante,Zona 4,true,,UPDATE,2401
TC-00008498,trabajador,Zona 9,true,,UPDATE,13682
TC-00008500,trabajador,Zona 10,true,,INSERT,22104
TC-00008516,general,Zona 11,true,,UPDATE,15030
TC-00008518,estudiante,Zona 4,true,,UPDATE,13664
TC-00008522,,,false,2026-06-10 06:37:00,DELETE,6852
TC-00008526,estudiante,Zona 13,true,,UPDATE,26463
TC-00008530,trabajador,Zona 18,true,,INSERT,25640
TC-00008531,trabajador,Zona 10,true,,UPDATE,16178
TC-00008535,adulto_mayor,Zona 17,true,,UPDATE,28104
TC-00008537,estudiante,Zona 12,true,,UPDATE,8649
TC-00008539,trabajador,Zona 18,true,,INSERT,29713
TC-00008542,estudiante,Villa Nueva,true,,UPDATE,17671
TC-00008544,trabajador,Villa Nueva,true,,UPDATE,24043
TC-00008545,adulto_mayor,Zona 12,true,,UPDATE,25090
TC-00008547,trabajador,Zona 8,true,,INSERT,15311
TC-00008554,trabajador,Mixco,true,,INSERT,26272
TC-00008556,,,false,2026-07-14 18:10:00,DELETE,30323
TC-00008557,adulto_mayor,Zona 1,true,,UPDATE,4728
TC-00008561,,,false,2026-06-17 05:29:00,DELETE,11663
TC-00008563,trabajador,Zona 1,true,,UPDATE,29439
TC-00008564,estudiante,Santa Catarina Pinula,true,,UPDATE,20969
TC-00008568,general,San Miguel Petapa,true,,UPDATE,16200
TC-00008570,estudiante,Zona 11,true,,UPDATE,27841
TC-00008572,trabajador,Zona 1,true,,INSERT,21541
TC-00008574,trabajador,Zona 11,true,,INSERT,29705
TC-00008576,trabajador,Zona 18,true,,UPDATE,17602
TC-00008587,trabajador,Zona 8,true,,UPDATE,16369
TC-00008590,trabajador,Zona 8,true,,INSERT,2922
TC-00008595,trabajador,Zona 12,true,,INSERT,15265
TC-00008596,adulto_mayor,Zona 17,true,,UPDATE,1839
TC-00008600,adulto_mayor,Zona 7,true,,INSERT,17412
TC-00008605,adulto_mayor,Zona 4,true,,INSERT,16097
TC-00008609,general,Zona 10,true,,UPDATE,30682
TC-00008612,trabajador,Zona 4,true,,INSERT,16656
TC-00008613,,,false,2026-07-15 14:00:00,DELETE,30985
TC-00008617,estudiante,Zona 13,true,,INSERT,20763
TC-00008621,trabajador,Zona 18,true,,UPDATE,8637
TC-00008622,estudiante,Zona 6,true,,UPDATE,963
TC-00008624,trabajador,Santa Catarina Pinula,true,,INSERT,22230
TC-00008632,adulto_mayor,Zona 12,true,,UPDATE,21706
TC-00008639,trabajador,Zona 12,true,,UPDATE,30683
TC-00008643,adulto_mayor,San Miguel Petapa,true,,UPDATE,25961
TC-00008644,trabajador,Zona 1,true,,INSERT,6240
TC-00008645,trabajador,Zona 13,true,,UPDATE,8646
TC-00008646,general,Zona 8,true,,UPDATE,18926
TC-00008648,general,Zona 9,false,2026-06-13 21:22:00,DELETE,8958
TC-00008649,,,false,2026-07-07 16:55:00,DELETE,25502
TC-00008653,adulto_mayor,Villa Nueva,true,,UPDATE,23968
TC-00008654,trabajador,Zona 13,true,,INSERT,26388
TC-00008655,trabajador,Zona 12,true,,UPDATE,21988
TC-00008675,,,false,2026-06-06 18:59:00,DELETE,4068
TC-00008677,adulto_mayor,Zona 12,true,,UPDATE,4444
TC-00008683,trabajador,Zona 10,true,,UPDATE,20967
TC-00008690,trabajador,Zona 7,true,,UPDATE,12270
TC-00008694,trabajador,Villa Nueva,true,,INSERT,2906
TC-00008698,estudiante,Villa Nueva,true,,INSERT,28428
TC-00008699,adulto_mayor,San Miguel Petapa,true,,UPDATE,20956
TC-00008709,,,false,2026-07-15 16:56:00,DELETE,31048
TC-00008714,trabajador,Villa Nueva,true,,INSERT,7660
TC-00008717,trabajador,Zona 8,true,,UPDATE,27883
TC-00008718,estudiante,Zona 7,true,,INSERT,5070
TC-00008719,general,Zona 4,true,,UPDATE,9251
TC-00008721,general,Zona 6,true,,INSERT,30528
TC-00008722,trabajador,Villa Nueva,true,,INSERT,7630
TC-00008723,trabajador,Zona 7,true,,UPDATE,5809
TC-00008726,estudiante,Villa Nueva,true,,UPDATE,3103
TC-00008727,trabajador,Zona 7,true,,INSERT,10408
TC-00008729,estudiante,Zona 11,true,,UPDATE,13662
TC-00008731,trabajador,Zona 11,true,,INSERT,3475
TC-00008735,estudiante,Zona 18,true,,UPDATE,23121
TC-00008737,adulto_mayor,Zona 7,true,,UPDATE,3975
TC-00008738,general,Mixco,true,,UPDATE,8631
TC-00008742,trabajador,Santa Catarina Pinula,true,,INSERT,27109
TC-00008747,adulto_mayor,Zona 17,true,,UPDATE,4563
TC-00008748,trabajador,Santa Catarina Pinula,true,,INSERT,29867
TC-00008751,trabajador,Zona 17,true,,UPDATE,8616
TC-00008754,trabajador,Zona 1,true,,INSERT,11127
TC-00008766,general,Zona 11,true,,UPDATE,29481
TC-00008769,adulto_mayor,Santa Catarina Pinula,true,,UPDATE,19045
TC-00008772,general,Zona 10,true,,UPDATE,28654
TC-00008774,adulto_mayor,San Miguel Petapa,true,,UPDATE,8599
TC-00008777,,,false,2026-06-25 05:41:00,DELETE,17211
TC-00008778,trabajador,Zona 8,true,,INSERT,1479
TC-00008781,trabajador,Zona 12,true,,UPDATE,26119
TC-00008783,adulto_mayor,Zona 8,true,,UPDATE,30263
TC-00008795,estudiante,Zona 12,true,,UPDATE,28083
TC-00008801,adulto_mayor,Zona 7,true,,UPDATE,21082
TC-00008809,general,Zona 12,true,,UPDATE,4033
TC-00008812,estudiante,Zona 12,true,,UPDATE,9443
TC-00008814,adulto_mayor,Zona 7,true,,UPDATE,19604
TC-00008817,estudiante,Zona 1,true,,UPDATE,21186
TC-00008824,adulto_mayor,Zona 9,true,,UPDATE,10617
TC-00008825,estudiante,Zona 13,true,,UPDATE,5885
TC-00008826,trabajador,Villa Nueva,true,,INSERT,27686
TC-00008828,estudiante,Villa Nueva,true,,UPDATE,3798
TC-00008830,,,false,2026-07-10 13:34:00,DELETE,27543
TC-00008835,trabajador,Zona 9,true,,INSERT,8297
TC-00008839,general,Zona 18,true,,UPDATE,4466
TC-00008840,estudiante,Zona 12,true,,UPDATE,28637
TC-00008847,estudiante,Zona 12,true,,UPDATE,16423
TC-00008854,adulto_mayor,Zona 4,true,,UPDATE,18403
TC-00008857,adulto_mayor,Zona 18,true,,INSERT,28416
TC-00008858,,,false,2026-06-29 09:05:00,DELETE,19925
TC-00008864,general,Villa Nueva,true,,INSERT,24273
TC-00008865,trabajador,Zona 12,true,,UPDATE,6718
TC-00008867,general,Zona 10,true,,UPDATE,7255
TC-00008868,trabajador,Zona 13,true,,INSERT,24247
TC-00008869,trabajador,Zona 11,true,,UPDATE,30666
TC-00008870,trabajador,Zona 18,true,,UPDATE,11626
TC-00008876,estudiante,Zona 18,true,,INSERT,10563
TC-00008879,general,Zona 12,true,,UPDATE,15703
TC-00008880,estudiante,Zona 1,true,,INSERT,3685
TC-00008881,general,Zona 4,true,,UPDATE,23137
TC-00008890,trabajador,Zona 9,true,,UPDATE,27197
TC-00008894,trabajador,Zona 9,true,,UPDATE,2328
TC-00008907,adulto_mayor,Zona 12,true,,UPDATE,28720
TC-00008911,estudiante,Zona 1,true,,UPDATE,1650
TC-00008912,,,false,2026-06-06 01:57:00,DELETE,4052
TC-00008914,adulto_mayor,Zona 7,true,,UPDATE,26505
TC-00008916,estudiante,Zona 8,true,,INSERT,23467
TC-00008917,trabajador,Zona 11,false,2026-07-04 06:30:00,DELETE,23441
TC-00008919,adulto_mayor,Zona 10,true,,UPDATE,15509
TC-00008922,adulto_mayor,Zona 18,true,,UPDATE,398
TC-00008923,estudiante,San Miguel Petapa,true,,UPDATE,5948
TC-00008931,trabajador,Zona 17,true,,UPDATE,7159
TC-00008933,estudiante,Santa Catarina Pinula,true,,INSERT,24276
TC-00008941,trabajador,Zona 4,true,,UPDATE,16231
TC-00008942,trabajador,Villa Nueva,true,,INSERT,21452
TC-00008949,,,false,2026-06-08 21:33:00,DELETE,5484
TC-00008952,,,false,2026-07-06 23:20:00,DELETE,24799
TC-00008958,estudiante,Zona 10,true,,INSERT,22919
TC-00008963,estudiante,Zona 9,true,,UPDATE,9355
TC-00008964,trabajador,Zona 10,true,,INSERT,21525
TC-00008965,adulto_mayor,Mixco,true,,UPDATE,20958
TC-00008968,estudiante,Zona 18,true,,INSERT,2860
TC-00008975,trabajador,Zona 13,true,,UPDATE,14898
TC-00008979,,,false,2026-06-19 07:39:00,DELETE,13048
TC-00008984,trabajador,Mixco,true,,UPDATE,28071
TC-00008987,estudiante,Villa Nueva,true,,UPDATE,11374
TC-00008993,estudiante,Zona 18,true,,UPDATE,18998
TC-00009006,,,false,2026-06-22 12:09:00,DELETE,15102
TC-00009011,general,Zona 11,true,,INSERT,24360
TC-00009022,general,Zona 9,true,,UPDATE,5212
TC-00009026,adulto_mayor,Zona 17,false,2026-07-02 19:43:00,DELETE,22061
TC-00009027,trabajador,Zona 12,true,,INSERT,2776
TC-00009029,estudiante,Zona 10,true,,INSERT,24287
TC-00009030,trabajador,Zona 6,true,,INSERT,3686
TC-00009034,general,Zona 17,true,,INSERT,3595
TC-00009035,trabajador,Zona 9,true,,INSERT,9093
TC-00009036,trabajador,Santa Catarina Pinula,true,,INSERT,17278
TC-00009051,,,false,2026-06-21 23:41:00,DELETE,14480
TC-00009052,,,false,2026-06-20 07:26:00,DELETE,13734
TC-00009056,estudiante,Zona 9,true,,UPDATE,16398
TC-00009057,trabajador,Villa Nueva,true,,UPDATE,14897
TC-00009059,trabajador,Zona 18,true,,INSERT,30379
TC-00009060,trabajador,Zona 18,true,,UPDATE,16965
TC-00009061,general,Zona 10,true,,UPDATE,23199
TC-00009072,trabajador,Zona 13,true,,INSERT,22863
TC-00009077,estudiante,Zona 4,true,,UPDATE,22436
TC-00009082,trabajador,Zona 6,true,,INSERT,24864
TC-00009085,adulto_mayor,Villa Nueva,true,,UPDATE,13580
TC-00009086,trabajador,Zona 7,true,,INSERT,22815
TC-00009090,general,Zona 10,true,,INSERT,8442
TC-00009091,adulto_mayor,Zona 6,true,,UPDATE,26793
TC-00009094,general,San Miguel Petapa,true,,UPDATE,3795
TC-00009104,estudiante,Zona 13,true,,INSERT,23006
TC-00009106,adulto_mayor,San Miguel Petapa,true,,UPDATE,8023
TC-00009107,adulto_mayor,Zona 18,true,,UPDATE,23707
TC-00009108,trabajador,Zona 10,true,,INSERT,29212
TC-00009110,adulto_mayor,Zona 7,true,,UPDATE,29330
TC-00009114,general,Zona 1,true,,UPDATE,8076
TC-00009116,general,Zona 8,true,,UPDATE,11367
TC-00009118,general,Zona 18,true,,UPDATE,20579
TC-00009120,estudiante,Santa Catarina Pinula,true,,UPDATE,548
TC-00009123,adulto_mayor,Zona 1,true,,UPDATE,6053
TC-00009129,estudiante,Zona 6,true,,INSERT,12491
TC-00009135,general,Mixco,true,,UPDATE,28737
TC-00009146,general,Zona 10,true,,UPDATE,21762
TC-00009150,adulto_mayor,Zona 12,true,,INSERT,30499
TC-00009152,adulto_mayor,San Miguel Petapa,true,,UPDATE,19187
TC-00009156,general,Zona 9,true,,INSERT,28355
TC-00009159,trabajador,Zona 12,true,,INSERT,7067
TC-00009160,general,Mixco,true,,INSERT,9825
TC-00009161,trabajador,Mixco,true,,INSERT,6936
TC-00009163,estudiante,San Miguel Petapa,true,,UPDATE,17792
TC-00009168,trabajador,Mixco,true,,INSERT,29861
TC-00009170,,,false,2026-06-13 05:12:00,DELETE,8889
TC-00009174,adulto_mayor,Zona 7,true,,INSERT,8986
TC-00009175,estudiante,Zona 9,true,,INSERT,2105
TC-00009176,estudiante,Zona 10,true,,UPDATE,14208
TC-00009180,,,false,2026-07-06 17:20:00,DELETE,24829
TC-00009190,general,Zona 9,true,,INSERT,4270
TC-00009193,trabajador,San Miguel Petapa,true,,INSERT,20868
TC-00009201,estudiante,Zona 13,true,,UPDATE,15576
TC-00009202,trabajador,Santa Catarina Pinula,true,,INSERT,2853
TC-00009206,general,Zona 10,true,,UPDATE,2322
TC-00009207,estudiante,Zona 17,true,,UPDATE,7223
TC-00009209,general,Zona 4,true,,UPDATE,19037
TC-00009211,adulto_mayor,San Miguel Petapa,true,,INSERT,18840
TC-00009214,trabajador,Zona 13,true,,UPDATE,15717
TC-00009218,estudiante,Zona 12,true,,UPDATE,30744
TC-00009219,trabajador,Zona 4,true,,INSERT,2862
TC-00009225,estudiante,Zona 12,true,,UPDATE,1218
TC-00009234,estudiante,Zona 1,true,,INSERT,4871
TC-00009236,trabajador,Santa Catarina Pinula,true,,INSERT,8428
TC-00009237,estudiante,Zona 12,true,,INSERT,30571
TC-00009239,,,false,2026-07-04 07:38:00,DELETE,23439
TC-00009244,,,false,2026-06-28 17:06:00,DELETE,19280
TC-00009248,estudiante,Zona 10,true,,INSERT,7731
TC-00009249,adulto_mayor,Zona 8,true,,UPDATE,8686
TC-00009263,general,Zona 1,true,,UPDATE,16307
TC-00009264,estudiante,Zona 9,true,,INSERT,19377
TC-00009268,estudiante,Zona 18,true,,UPDATE,9531
TC-00009273,general,Zona 8,true,,UPDATE,15742
TC-00009275,general,Zona 1,true,,UPDATE,28595
TC-00009278,general,San Miguel Petapa,true,,INSERT,9076
TC-00009279,general,Zona 12,true,,UPDATE,14904
TC-00009280,general,Villa Nueva,true,,UPDATE,15434
TC-00009284,trabajador,Mixco,true,,UPDATE,3879
TC-00009285,estudiante,Santa Catarina Pinula,true,,UPDATE,1251
TC-00009289,adulto_mayor,Zona 9,true,,INSERT,6234
TC-00009290,,,false,2026-06-30 05:16:00,DELETE,20621
TC-00009301,general,Zona 17,true,,UPDATE,2553
TC-00009303,trabajador,Zona 17,true,,INSERT,3622
TC-00009304,,,false,2026-06-15 22:37:00,DELETE,10279
TC-00009307,,,false,2026-06-07 11:10:00,DELETE,4765
TC-00009312,general,Zona 4,true,,UPDATE,26728
TC-00009313,trabajador,Zona 18,true,,INSERT,7077
TC-00009318,,,false,2026-06-04 15:16:00,DELETE,2757
TC-00009321,adulto_mayor,Zona 13,true,,UPDATE,25241
TC-00009323,,,false,2026-06-15 16:33:00,DELETE,10338
TC-00009328,trabajador,Mixco,true,,INSERT,14558
TC-00009333,,,false,2026-06-12 09:32:00,DELETE,8239
TC-00009334,general,Villa Nueva,true,,INSERT,9031
TC-00009335,,,false,2026-06-22 08:08:00,DELETE,15117
TC-00009338,trabajador,Zona 13,true,,UPDATE,14061
TC-00009341,adulto_mayor,Zona 1,true,,UPDATE,10678
TC-00009342,estudiante,Zona 12,true,,UPDATE,23331
TC-00009348,adulto_mayor,Villa Nueva,true,,UPDATE,27259
TC-00009351,general,Zona 4,true,,UPDATE,21112
TC-00009353,estudiante,Zona 10,true,,UPDATE,4411
TC-00009354,,,false,2026-07-08 21:09:00,DELETE,26146
TC-00009356,general,Zona 18,true,,UPDATE,30825
TC-00009359,,,false,2026-06-23 13:36:00,DELETE,15796
TC-00009362,estudiante,Zona 4,true,,INSERT,18098
TC-00009363,trabajador,Zona 17,true,,UPDATE,25194
TC-00009367,adulto_mayor,Zona 10,true,,UPDATE,1173
TC-00009370,,,false,2026-06-08 02:40:00,DELETE,5469
TC-00009371,general,Zona 10,true,,INSERT,21425
TC-00009372,adulto_mayor,Mixco,true,,UPDATE,20386
TC-00009373,,,false,2026-06-22 23:35:00,DELETE,15154
TC-00009376,adulto_mayor,Zona 8,true,,UPDATE,14931
TC-00009377,trabajador,Zona 11,true,,UPDATE,10604
TC-00009384,estudiante,Zona 7,false,2026-07-07 23:11:00,DELETE,25485
TC-00009389,trabajador,Zona 18,true,,INSERT,791
TC-00009390,adulto_mayor,Zona 17,true,,UPDATE,10915
TC-00009394,trabajador,Zona 12,true,,INSERT,7030
TC-00009397,adulto_mayor,Mixco,true,,UPDATE,10165
TC-00009401,estudiante,Zona 1,true,,UPDATE,18345
TC-00009405,trabajador,Zona 7,true,,INSERT,4916
TC-00009408,adulto_mayor,Zona 17,true,,UPDATE,13396
TC-00009410,trabajador,Villa Nueva,true,,INSERT,4905
TC-00009412,general,Zona 12,true,,INSERT,25578
TC-00009416,trabajador,Zona 4,true,,INSERT,22118
TC-00009417,trabajador,Zona 10,true,,UPDATE,8807
TC-00009420,,,false,2026-06-03 06:11:00,DELETE,2022
TC-00009423,estudiante,Zona 8,true,,INSERT,13312
TC-00009428,,,false,2026-06-30 01:41:00,DELETE,20625
TC-00009432,trabajador,Santa Catarina Pinula,true,,UPDATE,17009
TC-00009437,trabajador,Zona 18,true,,INSERT,17463
TC-00009440,trabajador,Zona 12,true,,INSERT,22213
TC-00009441,estudiante,Zona 11,true,,UPDATE,13369
TC-00009442,estudiante,Zona 7,true,,INSERT,27071
TC-00009448,,,false,2026-06-22 00:37:00,DELETE,15165
TC-00009449,general,Zona 4,true,,UPDATE,18400
TC-00009450,estudiante,Zona 12,true,,INSERT,19544
TC-00009453,general,Zona 10,true,,INSERT,18703
TC-00009454,trabajador,Zona 13,true,,INSERT,27047
TC-00009455,trabajador,Zona 9,true,,UPDATE,15634
TC-00009461,estudiante,Zona 8,true,,UPDATE,14166
TC-00009466,trabajador,Zona 4,true,,INSERT,28995
TC-00009469,,,false,2026-06-19 12:25:00,DELETE,13071
TC-00009475,estudiante,Zona 10,true,,UPDATE,13518
TC-00009500,general,Zona 13,true,,UPDATE,14053
TC-00009508,adulto_mayor,Zona 12,true,,INSERT,7721
TC-00009509,trabajador,Santa Catarina Pinula,true,,INSERT,1456
TC-00009521,estudiante,Villa Nueva,true,,UPDATE,29450
TC-00009522,,,false,2026-07-06 05:54:00,DELETE,24773
TC-00009523,adulto_mayor,Santa Catarina Pinula,true,,UPDATE,7911
TC-00009529,adulto_mayor,Zona 4,true,,UPDATE,11281
TC-00009530,trabajador,Zona 17,true,,INSERT,3517
TC-00009532,,,false,2026-06-02 10:11:00,DELETE,1337
TC-00009533,trabajador,Santa Catarina Pinula,false,2026-06-14 05:25:00,DELETE,9641
TC-00009534,trabajador,Zona 4,true,,INSERT,2938
TC-00009537,estudiante,Zona 7,true,,INSERT,22124
TC-00009542,trabajador,Villa Nueva,true,,INSERT,20929
TC-00009546,general,Zona 9,true,,INSERT,29743
TC-00009549,adulto_mayor,Mixco,true,,UPDATE,26767
TC-00009550,,,false,2026-07-15 19:56:00,DELETE,30995
TC-00009553,,,false,2026-07-13 15:56:00,DELETE,29628
TC-00009563,,,false,2026-07-09 23:51:00,DELETE,26857
TC-00009566,trabajador,Zona 13,true,,INSERT,7132
TC-00009568,estudiante,Zona 12,true,,UPDATE,8689
TC-00009575,general,Zona 10,true,,UPDATE,25844
TC-00009579,adulto_mayor,Zona 8,true,,INSERT,6229
TC-00009581,adulto_mayor,Zona 18,false,2026-07-08 03:29:00,DELETE,26132
TC-00009590,general,Zona 18,true,,UPDATE,23775
TC-00009595,general,Zona 8,true,,INSERT,18717
TC-00009598,general,Zona 11,true,,UPDATE,1137
TC-00009599,estudiante,Zona 13,true,,UPDATE,21784
TC-00009601,general,Zona 12,true,,INSERT,21476
TC-00009610,trabajador,Zona 7,true,,UPDATE,968
TC-00009611,trabajador,Santa Catarina Pinula,true,,INSERT,11216
TC-00009618,trabajador,Zona 11,true,,UPDATE,15478
TC-00009622,adulto_mayor,Zona 18,true,,INSERT,13146
TC-00009627,general,Santa Catarina Pinula,true,,UPDATE,26577
TC-00009631,general,Zona 8,true,,INSERT,4243
TC-00009632,general,Zona 1,true,,INSERT,29689
TC-00009634,general,Zona 10,true,,UPDATE,25832
TC-00009635,general,San Miguel Petapa,true,,UPDATE,10594
TC-00009639,adulto_mayor,Zona 11,true,,INSERT,14687
TC-00009650,estudiante,Zona 6,true,,INSERT,14603
TC-00009652,estudiante,Zona 8,true,,UPDATE,16828
TC-00009656,trabajador,San Miguel Petapa,true,,INSERT,21606
TC-00009657,general,Zona 17,true,,UPDATE,23160
TC-00009658,adulto_mayor,Zona 9,true,,UPDATE,27407
TC-00009659,trabajador,Zona 8,true,,INSERT,27146
TC-00009663,general,Zona 11,true,,UPDATE,1748
TC-00009664,general,Zona 7,true,,UPDATE,29371
TC-00009676,general,Zona 6,true,,INSERT,20096
TC-00009678,estudiante,Zona 12,true,,UPDATE,8153
TC-00009679,estudiante,Zona 13,true,,INSERT,19337
TC-00009680,trabajador,Zona 10,true,,INSERT,25010
TC-00009682,,,false,2026-06-22 05:13:00,DELETE,15130
TC-00009686,general,San Miguel Petapa,true,,UPDATE,24530
TC-00009687,general,Zona 12,true,,INSERT,18121
TC-00009689,adulto_mayor,Zona 1,true,,UPDATE,19031
TC-00009693,estudiante,Zona 4,true,,INSERT,19530
TC-00009697,estudiante,Zona 7,true,,INSERT,17467
TC-00009698,estudiante,Zona 18,true,,UPDATE,3133
TC-00009708,,,false,2026-06-12 08:59:00,DELETE,8223
TC-00009711,general,Zona 9,true,,INSERT,14668
TC-00009712,,,false,2026-06-08 02:34:00,DELETE,5447
TC-00009713,estudiante,Zona 7,true,,UPDATE,21179
TC-00009717,adulto_mayor,Zona 6,true,,INSERT,13157
TC-00009718,adulto_mayor,Zona 10,true,,UPDATE,30020
TC-00009733,trabajador,Zona 7,true,,UPDATE,4521
TC-00009736,trabajador,Zona 7,true,,INSERT,26305
TC-00009739,general,Zona 7,true,,UPDATE,25249
TC-00009740,trabajador,Zona 18,true,,INSERT,24977
TC-00009741,estudiante,Zona 1,true,,UPDATE,18254
TC-00009742,trabajador,Zona 8,true,,INSERT,15395
TC-00009745,trabajador,Zona 6,true,,UPDATE,28178
TC-00009755,adulto_mayor,Mixco,true,,UPDATE,29407
TC-00009758,trabajador,Zona 12,true,,INSERT,17393
TC-00009759,trabajador,Zona 12,true,,INSERT,14551
TC-00009769,,,false,2026-06-26 04:44:00,DELETE,17875
TC-00009771,trabajador,Zona 8,true,,UPDATE,12157
TC-00009773,trabajador,Santa Catarina Pinula,true,,UPDATE,10647
TC-00009777,general,Zona 17,true,,INSERT,19417
TC-00009784,estudiante,Zona 13,true,,UPDATE,19834
TC-00009793,general,Zona 8,true,,UPDATE,25199
TC-00009795,estudiante,San Miguel Petapa,true,,UPDATE,2490
TC-00009799,trabajador,Zona 8,true,,INSERT,7050
TC-00009800,general,Zona 18,true,,UPDATE,29504
TC-00009801,adulto_mayor,Zona 18,true,,UPDATE,526
TC-00009802,,,false,2026-07-05 19:37:00,DELETE,24064
TC-00009806,,,false,2026-06-15 12:15:00,DELETE,10263
TC-00009807,general,Zona 18,true,,UPDATE,30159
TC-00009809,general,Zona 11,false,2026-07-07 07:16:00,DELETE,25484
TC-00009810,,,false,2026-06-10 16:45:00,DELETE,6881
TC-00009812,trabajador,Zona 1,true,,INSERT,19536
TC-00009814,general,Zona 1,true,,INSERT,15205
TC-00009816,estudiante,Zona 6,true,,UPDATE,26115
TC-00009817,estudiante,Zona 4,true,,INSERT,22141
TC-00009820,general,Zona 4,true,,UPDATE,30821
TC-00009823,estudiante,Zona 17,false,2026-06-23 19:49:00,DELETE,15783
TC-00009825,,,false,2026-06-25 00:12:00,DELETE,17221
TC-00009826,adulto_mayor,Zona 10,true,,UPDATE,13670
TC-00009828,trabajador,Zona 12,true,,INSERT,2765
TC-00009829,general,Zona 18,true,,UPDATE,14766
TC-00009830,general,Zona 17,true,,UPDATE,3265
TC-00009833,trabajador,Zona 10,true,,INSERT,8404
TC-00009834,trabajador,Zona 9,true,,INSERT,6421
TC-00009837,trabajador,San Miguel Petapa,true,,INSERT,19400
TC-00009839,trabajador,Villa Nueva,true,,INSERT,7099
TC-00009842,adulto_mayor,Mixco,true,,UPDATE,24481
TC-00009844,estudiante,Zona 6,true,,UPDATE,18954
TC-00009846,trabajador,Zona 9,true,,INSERT,2193
TC-00009847,estudiante,Zona 6,true,,UPDATE,10808
TC-00009859,adulto_mayor,Zona 9,true,,UPDATE,7420
TC-00009862,,,false,2026-06-06 14:31:00,DELETE,4078
TC-00009865,estudiante,Zona 1,false,2026-06-17 17:05:00,DELETE,11678
TC-00009870,trabajador,Zona 10,false,2026-07-15 06:39:00,DELETE,31007
TC-00009871,adulto_mayor,Zona 4,true,,UPDATE,8088
TC-00009874,general,Zona 17,true,,INSERT,22938
TC-00009879,general,Zona 11,true,,UPDATE,3250
TC-00009888,adulto_mayor,Zona 12,true,,UPDATE,13479
TC-00009891,general,Zona 11,false,2026-06-17 08:03:00,DELETE,11677
TC-00009892,estudiante,Zona 10,true,,INSERT,3646
TC-00009893,adulto_mayor,Zona 17,true,,INSERT,4856
TC-00009895,trabajador,Zona 4,true,,UPDATE,28174
TC-00009896,adulto_mayor,Zona 11,true,,UPDATE,15547
TC-00009905,trabajador,Zona 9,true,,UPDATE,20995
TC-00009907,general,Zona 6,true,,UPDATE,401
TC-00009920,trabajador,Zona 17,true,,INSERT,26373
TC-00009922,trabajador,Santa Catarina Pinula,true,,INSERT,1518
TC-00009924,trabajador,Zona 9,true,,INSERT,23565
TC-00009929,trabajador,Zona 10,true,,INSERT,19325
TC-00009930,,,false,2026-06-19 09:26:00,DELETE,13089
TC-00009931,adulto_mayor,Zona 18,true,,UPDATE,5280
TC-00009941,,,false,2026-06-24 00:11:00,DELETE,16559
TC-00009944,general,Zona 6,true,,INSERT,11272
TC-00009948,adulto_mayor,Zona 17,true,,UPDATE,27286
TC-00009952,adulto_mayor,Zona 18,true,,UPDATE,16259
TC-00009954,,,false,2026-07-14 04:00:00,DELETE,30275
TC-00009976,estudiante,Zona 17,true,,UPDATE,23963
TC-00009979,,,false,2026-06-23 10:42:00,DELETE,15810
TC-00009981,adulto_mayor,Santa Catarina Pinula,true,,UPDATE,5072
TC-00009982,general,Zona 11,true,,UPDATE,23724
TC-00009989,trabajador,Mixco,false,2026-06-28 05:45:00,DELETE,19284
TC-00009990,,,false,2026-07-01 13:58:00,DELETE,21320
TC-00009993,trabajador,Villa Nueva,true,,INSERT,14697
TC-00009996,general,Zona 17,true,,UPDATE,28691
TC-00009998,,,false,2026-06-01 15:49:00,DELETE,682
TC-00009999,general,Zona 17,true,,UPDATE,26544
TC-00010002,trabajador,Zona 13,true,,INSERT,15189
TC-00010005,estudiante,Zona 13,true,,UPDATE,20415
TC-00010011,general,Zona 8,true,,UPDATE,20337
TC-00010012,general,Zona 17,false,2026-06-24 09:25:00,DELETE,16491
TC-00010019,general,Zona 17,true,,UPDATE,4010
TC-00010025,,,false,2026-06-14 08:22:00,DELETE,9633
TC-00010031,trabajador,Zona 12,true,,INSERT,23624
TC-00010035,adulto_mayor,Zona 4,true,,UPDATE,21687
TC-00010041,estudiante,Santa Catarina Pinula,true,,UPDATE,15494
TC-00010042,general,Zona 1,true,,INSERT,17994
TC-00010045,,,false,2026-06-23 00:00:00,DELETE,15864
TC-00010048,trabajador,Zona 11,true,,INSERT,22889
TC-00010050,adulto_mayor,San Miguel Petapa,true,,UPDATE,25154
TC-00010051,trabajador,Zona 13,true,,INSERT,13912
TC-00010054,trabajador,Zona 13,true,,INSERT,769
TC-00010064,estudiante,Zona 13,true,,UPDATE,11435
TC-00010065,trabajador,Mixco,true,,INSERT,30386
TC-00010066,general,Santa Catarina Pinula,true,,UPDATE,24706
TC-00010069,trabajador,Zona 4,true,,UPDATE,25111
TC-00010070,trabajador,Zona 17,true,,INSERT,23482
TC-00010072,adulto_mayor,Zona 6,true,,UPDATE,1789
TC-00010073,estudiante,Zona 10,true,,UPDATE,13600
TC-00010076,estudiante,Zona 12,true,,INSERT,11748
TC-00010077,estudiante,Santa Catarina Pinula,true,,UPDATE,28743
TC-00010081,estudiante,Zona 9,false,2026-07-09 05:13:00,DELETE,26833
TC-00010083,estudiante,Villa Nueva,true,,UPDATE,6097
TC-00010085,,,false,2026-06-10 22:54:00,DELETE,6886
TC-00010092,estudiante,Zona 13,true,,INSERT,25748
TC-00010093,,,false,2026-06-13 12:47:00,DELETE,8885
TC-00010098,general,Zona 9,true,,UPDATE,10743
TC-00010099,trabajador,Zona 1,true,,INSERT,3527
TC-00010101,,,false,2026-07-02 05:06:00,DELETE,22038
TC-00010106,trabajador,Zona 18,true,,UPDATE,27986
TC-00010112,adulto_mayor,Zona 17,true,,UPDATE,22615
TC-00010115,adulto_mayor,Santa Catarina Pinula,true,,UPDATE,4384
TC-00010117,estudiante,Mixco,true,,UPDATE,15741
TC-00010121,estudiante,Zona 1,true,,UPDATE,17099
TC-00010122,trabajador,Zona 8,true,,UPDATE,19783
TC-00010123,estudiante,Santa Catarina Pinula,true,,UPDATE,9373
TC-00010124,general,Zona 6,true,,UPDATE,4617
TC-00010128,adulto_mayor,Zona 17,true,,UPDATE,17750
TC-00010130,trabajador,Zona 17,true,,INSERT,3658
TC-00010132,estudiante,Zona 13,true,,UPDATE,19155
TC-00010134,trabajador,Zona 1,true,,UPDATE,12298
TC-00010140,estudiante,Zona 13,true,,INSERT,5582
TC-00010143,trabajador,Zona 13,true,,INSERT,28324
TC-00010145,trabajador,Zona 8,true,,UPDATE,11332
TC-00010151,estudiante,Zona 4,true,,UPDATE,11490
TC-00010155,general,Zona 13,true,,INSERT,5567
TC-00010159,trabajador,Zona 11,true,,INSERT,4314
TC-00010164,trabajador,Zona 10,true,,UPDATE,5778
TC-00010166,adulto_mayor,Villa Nueva,true,,UPDATE,18249
TC-00010167,general,Zona 1,true,,UPDATE,25406
TC-00010168,general,Mixco,true,,UPDATE,13532
TC-00010174,adulto_mayor,Zona 17,true,,UPDATE,14998
TC-00010175,trabajador,Zona 9,false,2026-07-10 23:34:00,DELETE,27583
TC-00010177,,,false,2026-07-10 16:44:00,DELETE,27545
TC-00010183,general,San Miguel Petapa,true,,UPDATE,11423
TC-00010185,general,Zona 1,true,,UPDATE,30661
TC-00010186,general,Zona 12,true,,UPDATE,26501
TC-00010195,general,Villa Nueva,true,,UPDATE,8020
TC-00010200,trabajador,Zona 7,true,,UPDATE,16135
TC-00010201,trabajador,Zona 11,true,,INSERT,2777
TC-00010209,general,Zona 8,false,2026-07-08 20:22:00,DELETE,26194
TC-00010211,,,false,2026-07-05 00:57:00,DELETE,24139
TC-00010212,trabajador,Zona 12,true,,INSERT,29886
TC-00010216,adulto_mayor,Zona 4,true,,UPDATE,18285
TC-00010217,trabajador,Zona 9,true,,INSERT,18800
TC-00010219,trabajador,Zona 8,true,,UPDATE,20274
TC-00010222,estudiante,Zona 13,true,,UPDATE,11623
TC-00010224,estudiante,Zona 18,true,,INSERT,24999
TC-00010237,general,Zona 18,true,,INSERT,24178
TC-00010238,general,Zona 7,true,,UPDATE,26794
TC-00010242,adulto_mayor,Zona 13,true,,UPDATE,14360
TC-00010246,trabajador,Santa Catarina Pinula,true,,UPDATE,18530
TC-00010256,general,Santa Catarina Pinula,true,,UPDATE,27330
TC-00010262,estudiante,Zona 6,false,2026-06-11 21:28:00,DELETE,7510
TC-00010264,adulto_mayor,Zona 12,true,,UPDATE,14106
TC-00010284,general,Zona 1,true,,INSERT,28513
TC-00010286,adulto_mayor,Zona 9,true,,UPDATE,8039
TC-00010287,trabajador,Mixco,true,,UPDATE,8068
TC-00010288,trabajador,Zona 10,true,,UPDATE,5343
TC-00010290,general,Zona 18,true,,UPDATE,23891
TC-00010297,general,Zona 4,true,,UPDATE,19814
TC-00010298,estudiante,Zona 13,true,,INSERT,22811
TC-00010309,estudiante,Zona 1,true,,UPDATE,30009
TC-00010326,estudiante,Zona 11,true,,UPDATE,15522
TC-00010327,estudiante,Santa Catarina Pinula,true,,UPDATE,21707
TC-00010328,adulto_mayor,Zona 17,true,,UPDATE,1146
TC-00010330,general,Zona 11,true,,UPDATE,22407
TC-00010331,adulto_mayor,Zona 13,true,,UPDATE,30044
TC-00010332,general,Santa Catarina Pinula,true,,UPDATE,11450
TC-00010337,general,Zona 10,true,,UPDATE,20555
TC-00010338,trabajador,Zona 6,true,,INSERT,5020
TC-00010341,trabajador,Zona 13,true,,INSERT,27652
TC-00010348,trabajador,Zona 1,true,,INSERT,25559
TC-00010351,adulto_mayor,Zona 1,true,,UPDATE,1217
TC-00010352,trabajador,Zona 6,true,,UPDATE,22570
TC-00010356,trabajador,Santa Catarina Pinula,true,,INSERT,24221
TC-00010361,adulto_mayor,Zona 7,true,,INSERT,23517
TC-00010362,trabajador,Zona 18,true,,INSERT,4149
TC-00010367,general,Zona 6,true,,UPDATE,27933
TC-00010369,estudiante,Zona 10,true,,INSERT,28321
TC-00010370,,,false,2026-06-05 11:33:00,DELETE,3448
TC-00010374,trabajador,Zona 6,true,,INSERT,3576
TC-00010377,trabajador,Zona 18,true,,INSERT,9114
TC-00010386,estudiante,Zona 12,true,,UPDATE,16866
TC-00010387,estudiante,Zona 9,true,,INSERT,800
TC-00010389,,,false,2026-07-08 02:49:00,DELETE,26136
TC-00010396,trabajador,Villa Nueva,true,,INSERT,11266
TC-00010399,general,Zona 12,true,,UPDATE,15745
TC-00010403,general,Zona 13,true,,UPDATE,25223
TC-00010404,trabajador,Zona 6,true,,INSERT,5013
TC-00010407,estudiante,Zona 17,true,,UPDATE,15486
TC-00010411,adulto_mayor,Zona 6,true,,UPDATE,16292
TC-00010415,estudiante,Zona 7,true,,UPDATE,7975
TC-00010416,estudiante,Zona 11,true,,UPDATE,16234
TC-00010417,trabajador,Zona 1,true,,INSERT,10454
TC-00010420,trabajador,Zona 18,true,,UPDATE,5095
TC-00010421,general,Santa Catarina Pinula,true,,UPDATE,23017
TC-00010422,adulto_mayor,Zona 9,true,,UPDATE,28872
TC-00010424,adulto_mayor,Mixco,true,,UPDATE,21820
TC-00010429,,,false,2026-06-15 14:58:00,DELETE,10325
TC-00010436,trabajador,Zona 10,true,,UPDATE,1699
TC-00010437,,,false,2026-06-11 16:05:00,DELETE,7541
TC-00010440,general,Zona 11,false,2026-07-12 06:48:00,DELETE,28945
TC-00010447,trabajador,Zona 11,true,,INSERT,18006
TC-00010449,trabajador,Santa Catarina Pinula,true,,INSERT,20931
TC-00010450,trabajador,Zona 1,true,,UPDATE,20469
TC-00010454,estudiante,Santa Catarina Pinula,true,,INSERT,15326
TC-00010456,trabajador,Zona 6,true,,UPDATE,27436
TC-00010459,estudiante,Mixco,true,,UPDATE,28680
TC-00010464,trabajador,Santa Catarina Pinula,true,,UPDATE,24718
TC-00010466,trabajador,Zona 4,true,,INSERT,22894
TC-00010468,adulto_mayor,Zona 17,true,,UPDATE,15458
TC-00010469,estudiante,Zona 18,true,,INSERT,14682
TC-00010477,general,San Miguel Petapa,true,,UPDATE,8044
TC-00010479,general,Zona 17,true,,INSERT,30494
TC-00010481,adulto_mayor,Zona 12,false,2026-07-07 03:29:00,DELETE,25482
TC-00010483,trabajador,Zona 17,true,,INSERT,19541
TC-00010484,trabajador,Zona 4,true,,INSERT,8391
TC-00010488,estudiante,Zona 11,true,,INSERT,15228
TC-00010493,estudiante,Zona 6,true,,INSERT,23558
TC-00010494,trabajador,Zona 13,true,,UPDATE,22369
TC-00010496,,,false,2026-06-14 19:52:00,DELETE,9609
TC-00010498,trabajador,Zona 10,true,,INSERT,27087
TC-00010499,estudiante,Zona 9,true,,UPDATE,11576
TC-00010500,trabajador,Zona 13,true,,INSERT,16763
TC-00010504,adulto_mayor,Zona 17,true,,UPDATE,29414
TC-00010505,trabajador,Zona 13,true,,INSERT,27739
TC-00010507,general,Zona 10,true,,UPDATE,15543
TC-00010516,,,false,2026-06-06 08:53:00,DELETE,4138
TC-00010520,trabajador,Zona 9,true,,UPDATE,3890
TC-00010525,general,Zona 10,true,,UPDATE,8098
TC-00010526,adulto_mayor,Zona 7,true,,UPDATE,24469
TC-00010527,adulto_mayor,Zona 10,true,,UPDATE,7872
TC-00010530,trabajador,Zona 9,true,,INSERT,21607
TC-00010531,general,Zona 13,true,,UPDATE,22540
TC-00010533,general,Zona 13,true,,INSERT,15420
TC-00010537,trabajador,Zona 4,true,,INSERT,22837
TC-00010538,,,false,2026-07-09 18:04:00,DELETE,26906
TC-00010542,adulto_mayor,Zona 6,true,,INSERT,19448
TC-00010549,general,Mixco,true,,INSERT,19455
TC-00010553,trabajador,Zona 8,true,,UPDATE,12964
TC-00010558,general,Zona 13,true,,UPDATE,5273
TC-00010559,estudiante,Zona 8,true,,INSERT,9125
TC-00010560,trabajador,Zona 7,true,,INSERT,11084
TC-00010587,estudiante,Zona 1,true,,UPDATE,8795
TC-00010591,trabajador,Zona 4,true,,INSERT,13872
TC-00010592,trabajador,Zona 12,true,,UPDATE,12018
TC-00010603,trabajador,Villa Nueva,true,,INSERT,25056
TC-00010605,trabajador,Villa Nueva,true,,INSERT,24189
TC-00010606,,,false,2026-07-14 17:11:00,DELETE,30296
TC-00010611,estudiante,Zona 6,true,,UPDATE,503
TC-00010613,general,Zona 11,true,,INSERT,6356
TC-00010616,estudiante,Santa Catarina Pinula,true,,UPDATE,9546
TC-00010618,trabajador,Zona 13,true,,INSERT,16738
TC-00010628,general,Zona 7,true,,INSERT,23518
TC-00010629,general,Santa Catarina Pinula,true,,INSERT,5046
TC-00010635,trabajador,Zona 10,true,,UPDATE,10698
TC-00010636,,,false,2026-06-18 01:43:00,DELETE,12344
TC-00010640,trabajador,Zona 9,true,,INSERT,9822
TC-00010643,estudiante,Zona 12,true,,INSERT,21431
TC-00010645,adulto_mayor,Zona 11,true,,UPDATE,23299
TC-00010649,estudiante,Zona 10,true,,UPDATE,4435
TC-00010661,trabajador,Zona 10,true,,UPDATE,19085
TC-00010664,trabajador,Zona 12,true,,INSERT,29164
TC-00010669,trabajador,Zona 9,true,,INSERT,20754
TC-00010672,estudiante,Zona 1,true,,UPDATE,30946
TC-00010676,,,false,2026-06-21 10:10:00,DELETE,14454
TC-00010677,general,Zona 12,true,,INSERT,8286
TC-00010678,general,Zona 4,true,,INSERT,15247
TC-00010680,general,Santa Catarina Pinula,true,,UPDATE,30166
TC-00010684,,,false,2026-06-19 02:12:00,DELETE,13055
TC-00010685,estudiante,Zona 6,true,,INSERT,23699
TC-00010687,,,false,2026-06-04 13:39:00,DELETE,2717
TC-00010690,general,Zona 1,true,,INSERT,26406
TC-00010692,trabajador,Zona 17,true,,INSERT,15408
TC-00010693,trabajador,Zona 4,true,,INSERT,28341
TC-00010698,trabajador,Zona 8,true,,UPDATE,4423
TC-00010700,trabajador,Villa Nueva,true,,INSERT,15255
TC-00010702,adulto_mayor,Santa Catarina Pinula,true,,UPDATE,30877
TC-00010704,trabajador,Zona 12,true,,INSERT,2809
TC-00010705,estudiante,Zona 10,true,,UPDATE,399
TC-00010710,estudiante,Zona 7,true,,UPDATE,27379
TC-00010713,adulto_mayor,Zona 6,true,,UPDATE,12836
TC-00010715,estudiante,Santa Catarina Pinula,true,,UPDATE,25429
TC-00010718,adulto_mayor,Villa Nueva,true,,INSERT,12458
TC-00010722,adulto_mayor,Mixco,true,,INSERT,4179
TC-00010727,estudiante,Zona 6,true,,UPDATE,4415
TC-00010729,general,Zona 11,true,,INSERT,25720
TC-00010733,estudiante,Zona 1,true,,UPDATE,15619
TC-00010738,trabajador,Santa Catarina Pinula,true,,INSERT,9138
TC-00010739,adulto_mayor,Villa Nueva,true,,UPDATE,28616
TC-00010742,trabajador,Mixco,true,,INSERT,20231
TC-00010743,,,false,2026-06-24 23:57:00,DELETE,16542
TC-00010748,trabajador,Zona 4,true,,INSERT,10464
TC-00010754,adulto_mayor,Zona 6,true,,INSERT,28337
TC-00010755,trabajador,Zona 7,true,,INSERT,14651
TC-00010757,estudiante,Zona 13,true,,UPDATE,25156
TC-00010759,trabajador,Zona 12,true,,UPDATE,18344
TC-00010777,trabajador,Mixco,true,,INSERT,2272
TC-00010780,,,false,2026-07-05 04:54:00,DELETE,24072
TC-00010785,adulto_mayor,Zona 9,true,,INSERT,27643
TC-00010787,,,false,2026-07-14 14:23:00,DELETE,30331
TC-00010792,,,false,2026-06-25 14:23:00,DELETE,17233
TC-00010794,trabajador,Mixco,true,,UPDATE,447
TC-00010797,trabajador,Mixco,true,,UPDATE,15754
TC-00010811,estudiante,Zona 10,true,,INSERT,17313
TC-00010814,trabajador,Zona 1,true,,INSERT,4841
TC-00010819,estudiante,Zona 8,true,,UPDATE,5288
TC-00010822,general,Zona 13,true,,UPDATE,21299
TC-00010823,,,false,2026-06-24 21:27:00,DELETE,16520
TC-00010824,trabajador,Zona 18,true,,INSERT,8980
TC-00010826,estudiante,Zona 13,true,,UPDATE,15444
TC-00010828,adulto_mayor,Villa Nueva,true,,INSERT,24327
TC-00010834,general,Zona 11,false,2026-06-25 03:04:00,DELETE,17247
TC-00010836,general,Zona 13,true,,UPDATE,19199
TC-00010837,trabajador,Villa Nueva,true,,UPDATE,12208
TC-00010838,adulto_mayor,Zona 4,true,,INSERT,10582
TC-00010842,adulto_mayor,San Miguel Petapa,true,,INSERT,18635
TC-00010845,,,false,2026-06-27 22:50:00,DELETE,18556
TC-00010846,,,false,2026-06-17 08:01:00,DELETE,11646
TC-00010851,,,false,2026-06-02 08:53:00,DELETE,1331
TC-00010852,adulto_mayor,Zona 6,true,,UPDATE,23727
TC-00010858,estudiante,Zona 7,true,,UPDATE,21648
TC-00010859,adulto_mayor,Villa Nueva,true,,UPDATE,3759
TC-00010862,,,false,2026-06-22 22:58:00,DELETE,15147
TC-00010877,adulto_mayor,San Miguel Petapa,true,,UPDATE,12708
TC-00010880,estudiante,San Miguel Petapa,false,2026-06-12 10:34:00,DELETE,8250
TC-00010885,trabajador,Santa Catarina Pinula,true,,INSERT,30549
TC-00010886,general,Zona 17,true,,UPDATE,14884
TC-00010892,adulto_mayor,Zona 13,true,,UPDATE,11590
TC-00010897,estudiante,Zona 8,false,2026-06-19 04:04:00,DELETE,13050
TC-00010899,general,Zona 7,true,,UPDATE,8672
TC-00010906,general,Zona 12,true,,UPDATE,15696
TC-00010908,adulto_mayor,Zona 1,true,,UPDATE,25901
TC-00010914,general,Zona 18,true,,INSERT,912
TC-00010915,adulto_mayor,Zona 6,true,,UPDATE,4505
TC-00010916,trabajador,Mixco,true,,INSERT,11850
TC-00010921,general,Santa Catarina Pinula,true,,INSERT,11081
TC-00010923,trabajador,Zona 10,true,,INSERT,20082
TC-00010924,general,Zona 17,true,,UPDATE,17521
TC-00010928,trabajador,Zona 9,true,,UPDATE,1907
TC-00010930,trabajador,Zona 17,true,,UPDATE,25153
TC-00010931,trabajador,Zona 11,true,,UPDATE,25877
TC-00010933,trabajador,Zona 11,true,,INSERT,27027
TC-00010935,general,Zona 9,true,,UPDATE,26072
TC-00010937,general,Zona 17,true,,UPDATE,19563
TC-00010938,trabajador,Zona 13,true,,INSERT,14671
TC-00010942,,,false,2026-06-27 18:27:00,DELETE,18627
TC-00010944,trabajador,Zona 6,true,,UPDATE,28828
TC-00010946,estudiante,Zona 17,true,,INSERT,23501
TC-00010947,estudiante,San Miguel Petapa,true,,INSERT,24969
TC-00010949,estudiante,Villa Nueva,true,,INSERT,2898
TC-00010955,general,Zona 7,true,,UPDATE,9391
TC-00010956,adulto_mayor,Zona 7,true,,UPDATE,6684
TC-00010960,estudiante,Zona 1,true,,UPDATE,21850
TC-00010965,trabajador,Zona 4,true,,UPDATE,573
TC-00010966,adulto_mayor,Zona 7,true,,INSERT,22992
TC-00010969,estudiante,Mixco,true,,UPDATE,9972
TC-00010972,adulto_mayor,Zona 1,true,,UPDATE,26099
TC-00010978,trabajador,Zona 13,true,,UPDATE,22495
TC-00010979,general,Zona 18,true,,INSERT,9013
TC-00010981,trabajador,Zona 17,true,,INSERT,5739
TC-00010983,estudiante,Zona 1,true,,INSERT,12569
TC-00010984,estudiante,Zona 1,true,,UPDATE,12758
TC-00010986,,,false,2026-07-03 16:07:00,DELETE,22709
TC-00010995,trabajador,Zona 1,true,,INSERT,13222
TC-00010999,general,Zona 4,true,,UPDATE,25850
TC-00011000,trabajador,Zona 7,true,,UPDATE,21834
TC-00011005,estudiante,Zona 10,true,,UPDATE,14865
TC-00011006,trabajador,Zona 11,true,,INSERT,5691
TC-00011010,,,false,2026-06-14 10:36:00,DELETE,9631
TC-00011014,estudiante,Zona 17,true,,INSERT,1540
TC-00011015,adulto_mayor,Santa Catarina Pinula,true,,INSERT,30496
TC-00011017,adulto_mayor,Zona 13,true,,UPDATE,8764
TC-00011018,trabajador,Zona 6,true,,INSERT,29035
TC-00011019,,,false,2026-06-24 19:10:00,DELETE,16543
TC-00011021,general,Zona 7,true,,INSERT,30482
TC-00011022,trabajador,Zona 12,true,,INSERT,28304
TC-00011033,general,Zona 17,true,,INSERT,11049
TC-00011037,general,Zona 17,true,,UPDATE,16128
TC-00011042,trabajador,Zona 6,true,,INSERT,1405
TC-00011043,general,Zona 6,true,,UPDATE,21949
TC-00011046,trabajador,Zona 12,true,,INSERT,8492
TC-00011047,adulto_mayor,Santa Catarina Pinula,true,,INSERT,18021
TC-00011049,general,Zona 9,true,,UPDATE,23188
TC-00011057,general,Zona 4,true,,UPDATE,18452
TC-00011058,trabajador,Zona 18,true,,INSERT,10385
TC-00011062,adulto_mayor,Zona 7,true,,INSERT,26976
TC-00011074,adulto_mayor,Mixco,true,,INSERT,22931
TC-00011075,trabajador,Zona 4,true,,UPDATE,15011
TC-00011077,adulto_mayor,Zona 17,true,,UPDATE,26461
TC-00011083,,,false,2026-06-25 04:25:00,DELETE,17195
TC-00011085,trabajador,Zona 13,true,,INSERT,8973
TC-00011099,trabajador,Zona 13,true,,INSERT,17405
TC-00011104,estudiante,Zona 17,true,,UPDATE,28570
TC-00011106,general,Zona 18,true,,UPDATE,14767
TC-00011107,trabajador,Zona 17,true,,INSERT,19399
TC-00011108,,,false,2026-06-02 09:06:00,DELETE,1321
TC-00011113,adulto_mayor,Zona 10,true,,UPDATE,16266
TC-00011118,adulto_mayor,Zona 17,true,,UPDATE,30667
TC-00011122,trabajador,Villa Nueva,true,,INSERT,28515
TC-00011125,estudiante,Zona 18,true,,UPDATE,24510
TC-00011128,general,Zona 6,true,,UPDATE,1652
TC-00011129,estudiante,Zona 7,true,,UPDATE,16338
TC-00011131,estudiante,Zona 1,true,,UPDATE,26111
TC-00011132,general,Zona 11,true,,INSERT,18088
TC-00011133,general,Zona 13,true,,UPDATE,12021
TC-00011134,trabajador,Zona 8,true,,INSERT,27710
TC-00011135,,,false,2026-06-28 03:01:00,DELETE,19245
TC-00011138,,,false,2026-06-07 06:53:00,DELETE,4772
TC-00011141,,,false,2026-06-09 12:08:00,DELETE,6150
TC-00011142,trabajador,Zona 17,true,,UPDATE,27395
TC-00011145,estudiante,Zona 7,true,,INSERT,15413
TC-00011160,estudiante,Zona 13,true,,UPDATE,2368
TC-00011165,trabajador,Zona 6,true,,UPDATE,2386
TC-00011172,adulto_mayor,Zona 10,true,,INSERT,22960
TC-00011174,estudiante,Zona 11,true,,UPDATE,12696
TC-00011180,general,Zona 8,true,,INSERT,20813
TC-00011181,general,Zona 4,true,,UPDATE,12856
TC-00011184,trabajador,Zona 8,true,,UPDATE,24737
TC-00011185,trabajador,Santa Catarina Pinula,true,,INSERT,23610
TC-00011186,trabajador,Zona 17,true,,UPDATE,27183
TC-00011188,trabajador,Zona 10,true,,INSERT,30530
TC-00011190,general,San Miguel Petapa,true,,UPDATE,17557
TC-00011192,general,Villa Nueva,true,,UPDATE,16887
TC-00011196,adulto_mayor,Zona 12,true,,UPDATE,18202
TC-00011197,trabajador,Zona 4,false,2026-06-26 15:06:00,DELETE,17879
TC-00011199,estudiante,Zona 6,true,,UPDATE,15518
TC-00011207,trabajador,Mixco,true,,UPDATE,16355
TC-00011208,estudiante,Santa Catarina Pinula,true,,UPDATE,23124
TC-00011210,trabajador,Zona 17,true,,UPDATE,26711
TC-00011211,trabajador,San Miguel Petapa,true,,INSERT,20120
TC-00011212,trabajador,Mixco,true,,INSERT,21615
TC-00011213,adulto_mayor,Zona 10,true,,UPDATE,23301
TC-00011216,estudiante,Santa Catarina Pinula,true,,INSERT,1410
TC-00011223,general,Zona 1,true,,UPDATE,7329
TC-00011229,general,Zona 7,true,,INSERT,29843
TC-00011235,adulto_mayor,Zona 6,true,,INSERT,11808
TC-00011237,trabajador,Santa Catarina Pinula,true,,INSERT,12552
TC-00011241,trabajador,Zona 6,true,,UPDATE,14930
TC-00011244,trabajador,Zona 4,true,,INSERT,19401
TC-00011245,adulto_mayor,Mixco,true,,UPDATE,17663
TC-00011246,adulto_mayor,Zona 13,true,,INSERT,20756
TC-00011254,estudiante,Zona 4,true,,UPDATE,5243
TC-00011255,general,Villa Nueva,true,,INSERT,12570
TC-00011258,trabajador,Zona 12,true,,UPDATE,7277
TC-00011259,adulto_mayor,Santa Catarina Pinula,true,,INSERT,23474
TC-00011260,adulto_mayor,San Miguel Petapa,true,,UPDATE,10858
TC-00011263,,,false,2026-06-16 09:09:00,DELETE,10965
TC-00011269,trabajador,Zona 10,true,,UPDATE,7286
TC-00011272,adulto_mayor,San Miguel Petapa,true,,UPDATE,18959
TC-00011276,trabajador,Zona 7,true,,UPDATE,16225
TC-00011277,adulto_mayor,Zona 9,true,,UPDATE,7436
TC-00011278,trabajador,Villa Nueva,true,,INSERT,18064
TC-00011285,,,false,2026-07-07 15:22:00,DELETE,25520
TC-00011289,trabajador,San Miguel Petapa,true,,INSERT,14556
TC-00011291,general,Santa Catarina Pinula,true,,INSERT,28295
TC-00011292,general,Zona 8,false,2026-06-22 02:07:00,DELETE,15175
TC-00011299,,,false,2026-06-08 00:30:00,DELETE,5474
TC-00011300,adulto_mayor,Zona 9,true,,UPDATE,12867
TC-00011305,general,Zona 8,true,,UPDATE,23174
TC-00011306,trabajador,Zona 12,true,,UPDATE,3212
TC-00011308,trabajador,Zona 11,true,,INSERT,12
TC-00011310,trabajador,San Miguel Petapa,true,,UPDATE,1765
TC-00011314,estudiante,Zona 10,true,,UPDATE,11633
TC-00011316,trabajador,Santa Catarina Pinula,true,,INSERT,24326
TC-00011318,trabajador,Zona 7,false,2026-06-29 22:58:00,DELETE,19959
TC-00011319,trabajador,Zona 7,true,,UPDATE,25817
TC-00011321,trabajador,Zona 4,true,,INSERT,10426
TC-00011323,,,false,2026-07-13 07:26:00,DELETE,29581
TC-00011325,general,Zona 1,true,,UPDATE,17694
TC-00011330,estudiante,Zona 11,true,,UPDATE,9487
TC-00011335,estudiante,Zona 13,true,,UPDATE,5389
TC-00011341,trabajador,Zona 11,true,,INSERT,30577
TC-00011342,trabajador,Zona 4,false,2026-07-04 15:36:00,DELETE,23399
TC-00011347,trabajador,Zona 13,true,,INSERT,29719
TC-00011352,trabajador,San Miguel Petapa,false,2026-06-19 05:07:00,DELETE,13037
TC-00011354,trabajador,Zona 13,true,,UPDATE,17756
TC-00011355,trabajador,Zona 12,true,,UPDATE,29264
TC-00011358,,,false,2026-07-01 00:30:00,DELETE,21371
TC-00011359,trabajador,Villa Nueva,true,,INSERT,20053
TC-00011361,trabajador,Santa Catarina Pinula,true,,INSERT,8989
TC-00011362,estudiante,Santa Catarina Pinula,true,,UPDATE,24573
TC-00011366,adulto_mayor,Zona 12,true,,UPDATE,17572
TC-00011371,general,Mixco,true,,INSERT,5695
TC-00011373,estudiante,Zona 4,true,,INSERT,20069
TC-00011374,estudiante,Santa Catarina Pinula,true,,UPDATE,4459
TC-00011376,trabajador,San Miguel Petapa,true,,UPDATE,27457
TC-00011380,trabajador,San Miguel Petapa,true,,INSERT,22176
TC-00011389,trabajador,Zona 11,false,2026-07-15 06:34:00,DELETE,31036
TC-00011390,trabajador,Zona 18,true,,UPDATE,7310
TC-00011391,trabajador,Zona 12,true,,UPDATE,19076
TC-00011400,estudiante,Zona 11,true,,UPDATE,11335
TC-00011414,trabajador,Zona 1,true,,INSERT,18694
TC-00011415,general,Zona 9,true,,INSERT,795
TC-00011418,trabajador,Zona 8,true,,INSERT,27140
TC-00011424,trabajador,Zona 18,true,,INSERT,13865
TC-00011428,trabajador,Zona 8,true,,INSERT,11184
TC-00011437,,,false,2026-06-24 19:54:00,DELETE,16553
TC-00011441,trabajador,Santa Catarina Pinula,true,,INSERT,63
TC-00011443,trabajador,San Miguel Petapa,true,,INSERT,23575
TC-00011445,general,Zona 7,true,,UPDATE,9501
TC-00011447,trabajador,Zona 11,true,,INSERT,22852
TC-00011454,trabajador,Santa Catarina Pinula,true,,INSERT,24306
TC-00011455,general,Mixco,true,,INSERT,822
TC-00011458,trabajador,Mixco,true,,UPDATE,18259
TC-00011459,general,Zona 4,true,,UPDATE,3752
TC-00011461,adulto_mayor,Zona 8,false,2026-07-08 05:12:00,DELETE,26176
TC-00011467,adulto_mayor,Zona 11,true,,INSERT,27083
TC-00011474,,,false,2026-07-14 06:05:00,DELETE,30350
TC-00011475,general,Zona 11,true,,UPDATE,5099
TC-00011476,estudiante,Zona 1,true,,UPDATE,10941
TC-00011478,general,Zona 13,true,,INSERT,9884
TC-00011479,,,false,2026-06-22 15:51:00,DELETE,15109
TC-00011489,general,Zona 12,true,,INSERT,19469
TC-00011491,trabajador,Villa Nueva,true,,INSERT,20022
TC-00011492,general,Zona 11,true,,UPDATE,18373
TC-00011495,trabajador,Santa Catarina Pinula,true,,UPDATE,30037
TC-00011503,,,false,2026-07-04 13:06:00,DELETE,23379
TC-00011504,,,false,2026-06-27 17:55:00,DELETE,18576
TC-00011508,adulto_mayor,Zona 12,true,,UPDATE,17713
TC-00011510,adulto_mayor,Zona 8,true,,UPDATE,23897
TC-00011517,general,Zona 17,true,,UPDATE,18181
TC-00011520,trabajador,Santa Catarina Pinula,true,,INSERT,14611
TC-00011523,estudiante,Villa Nueva,true,,UPDATE,8145
TC-00011529,general,Zona 8,true,,INSERT,2252
TC-00011531,general,Zona 18,true,,UPDATE,26000
TC-00011533,,,false,2026-06-19 02:03:00,DELETE,13104
TC-00011534,general,Zona 4,true,,UPDATE,7452
TC-00011540,trabajador,Zona 12,true,,INSERT,20926
TC-00011542,,,false,2026-06-03 03:29:00,DELETE,2066
TC-00011543,estudiante,Zona 4,true,,INSERT,26240
TC-00011547,trabajador,Zona 18,true,,INSERT,27116
TC-00011551,trabajador,Villa Nueva,true,,INSERT,24880
TC-00011553,general,San Miguel Petapa,true,,INSERT,30569
TC-00011562,estudiante,Zona 8,true,,UPDATE,7343
TC-00011566,adulto_mayor,Zona 12,true,,UPDATE,20993
TC-00011569,general,Zona 8,true,,UPDATE,22603
TC-00011574,estudiante,Zona 11,true,,UPDATE,12133
TC-00011579,trabajador,Zona 11,true,,UPDATE,27209
TC-00011580,general,Zona 8,true,,UPDATE,29462
TC-00011587,trabajador,Santa Catarina Pinula,true,,INSERT,24311
TC-00011590,general,Zona 17,true,,UPDATE,20540
TC-00011593,trabajador,Villa Nueva,true,,UPDATE,483
TC-00011597,trabajador,Mixco,true,,INSERT,22296
TC-00011601,general,Zona 7,true,,UPDATE,19104
TC-00011605,trabajador,Zona 8,true,,UPDATE,12703
TC-00011608,trabajador,San Miguel Petapa,true,,INSERT,18120
TC-00011610,general,Zona 4,true,,UPDATE,25280
TC-00011613,trabajador,Zona 8,true,,INSERT,25047
TC-00011615,estudiante,Zona 8,true,,UPDATE,24405
TC-00011617,,,false,2026-07-08 15:16:00,DELETE,26184
TC-00011621,trabajador,Villa Nueva,true,,INSERT,20061
TC-00011624,trabajador,Santa Catarina Pinula,true,,UPDATE,18282
TC-00011627,adulto_mayor,Zona 1,true,,UPDATE,16211
TC-00011630,adulto_mayor,Mixco,true,,UPDATE,25780
TC-00011632,general,Santa Catarina Pinula,true,,UPDATE,29263
TC-00011635,trabajador,Zona 12,true,,INSERT,16710
TC-00011638,trabajador,Zona 9,true,,INSERT,13255
TC-00011647,,,false,2026-07-10 13:51:00,DELETE,27577
TC-00011651,estudiante,Zona 1,true,,INSERT,28495
TC-00011652,,,false,2026-06-29 02:07:00,DELETE,19998
TC-00011655,trabajador,Zona 10,true,,UPDATE,18233
TC-00011656,estudiante,Zona 10,true,,UPDATE,16147
TC-00011660,estudiante,Zona 11,true,,INSERT,3659
TC-00011666,adulto_mayor,Zona 11,true,,UPDATE,3801
TC-00011671,general,Zona 4,true,,UPDATE,22643
TC-00011674,adulto_mayor,Mixco,true,,UPDATE,24455
TC-00011675,estudiante,Santa Catarina Pinula,true,,UPDATE,20305
TC-00011677,trabajador,Villa Nueva,true,,INSERT,25005
TC-00011680,trabajador,Villa Nueva,true,,INSERT,15400
TC-00011687,estudiante,Zona 10,true,,UPDATE,21105
TC-00011702,trabajador,Zona 9,true,,UPDATE,6705
TC-00011704,trabajador,Mixco,true,,INSERT,29760
TC-00011710,general,Zona 17,true,,UPDATE,27405
TC-00011718,adulto_mayor,Zona 10,true,,UPDATE,21257
TC-00011720,adulto_mayor,Zona 17,true,,UPDATE,8560
TC-00011730,adulto_mayor,Santa Catarina Pinula,true,,UPDATE,23270
TC-00011732,,,false,2026-06-20 06:54:00,DELETE,13779
TC-00011737,adulto_mayor,Zona 17,true,,UPDATE,23861
TC-00011740,trabajador,Zona 9,true,,UPDATE,2489
TC-00011744,trabajador,Zona 7,true,,INSERT,7803
TC-00011749,trabajador,Santa Catarina Pinula,true,,INSERT,5711
TC-00011751,adulto_mayor,Zona 13,true,,UPDATE,5944
TC-00011759,adulto_mayor,Zona 7,true,,UPDATE,29352
TC-00011769,general,Zona 8,true,,UPDATE,4671
TC-00011773,adulto_mayor,Zona 11,true,,UPDATE,25890
TC-00011779,estudiante,Zona 8,true,,UPDATE,19714
TC-00011786,general,Zona 4,true,,UPDATE,12968
TC-00011789,,,false,2026-06-09 07:53:00,DELETE,6132
TC-00011791,,,false,2026-06-26 19:32:00,DELETE,17915
TC-00011799,,,false,2026-06-10 15:15:00,DELETE,6856
TC-00011803,estudiante,Zona 18,true,,UPDATE,21979
TC-00011804,estudiante,Zona 6,true,,INSERT,10588
TC-00011805,adulto_mayor,Zona 8,true,,INSERT,3537
TC-00011807,trabajador,Zona 4,true,,UPDATE,14207
TC-00011820,adulto_mayor,Zona 18,true,,UPDATE,23076
TC-00011824,general,Santa Catarina Pinula,true,,INSERT,8423
TC-00011830,,,false,2026-07-13 06:07:00,DELETE,29653
TC-00011833,,,false,2026-07-07 18:04:00,DELETE,25466
TC-00011834,estudiante,Zona 9,true,,UPDATE,19662
TC-00011836,trabajador,Mixco,true,,INSERT,6970
TC-00011837,,,false,2026-07-14 20:07:00,DELETE,30291
TC-00011838,trabajador,Zona 18,true,,UPDATE,9949
TC-00011839,adulto_mayor,Zona 6,true,,UPDATE,5170
TC-00011843,trabajador,Zona 13,true,,UPDATE,5424
TC-00011844,trabajador,Villa Nueva,true,,UPDATE,3085
TC-00011847,trabajador,San Miguel Petapa,false,2026-07-11 06:52:00,DELETE,28216
TC-00011849,adulto_mayor,Zona 8,true,,UPDATE,30130
TC-00011850,general,Zona 17,true,,UPDATE,26781
TC-00011855,estudiante,Zona 12,false,2026-06-10 19:23:00,DELETE,6825
TC-00011856,adulto_mayor,Zona 10,true,,UPDATE,25142
TC-00011861,trabajador,Zona 1,true,,INSERT,20873
TC-00011864,adulto_mayor,Zona 11,true,,UPDATE,26780
TC-00011870,general,Zona 9,true,,INSERT,9836
TC-00011871,trabajador,Zona 10,true,,INSERT,27744
TC-00011872,estudiante,Zona 17,true,,INSERT,29747
TC-00011875,adulto_mayor,Zona 1,true,,UPDATE,18965
TC-00011878,adulto_mayor,Zona 13,true,,INSERT,2289
TC-00011879,general,Zona 10,true,,UPDATE,22677
TC-00011880,adulto_mayor,Zona 18,true,,INSERT,27019
TC-00011883,adulto_mayor,Zona 8,true,,UPDATE,18939
TC-00011884,adulto_mayor,Zona 18,true,,UPDATE,21025
TC-00011887,adulto_mayor,San Miguel Petapa,true,,INSERT,9080
TC-00011892,general,Zona 7,true,,INSERT,2943
TC-00011896,trabajador,Zona 9,true,,UPDATE,28114
TC-00011898,trabajador,Zona 7,true,,UPDATE,3053
TC-00011900,trabajador,Zona 12,true,,UPDATE,17119
TC-00011905,trabajador,Zona 6,true,,INSERT,24993
TC-00011906,trabajador,Villa Nueva,true,,UPDATE,27159
TC-00011908,trabajador,Zona 17,true,,UPDATE,30810
TC-00011909,,,false,2026-06-18 12:42:00,DELETE,12335
TC-00011915,,,false,2026-07-02 20:18:00,DELETE,22044
TC-00011919,general,Zona 8,true,,UPDATE,17072
TC-00011923,trabajador,Mixco,true,,INSERT,9123
TC-00011924,estudiante,San Miguel Petapa,true,,UPDATE,14871
TC-00011925,adulto_mayor,Zona 7,true,,UPDATE,25136
TC-00011929,estudiante,Zona 12,true,,UPDATE,10035
TC-00011932,adulto_mayor,Zona 10,true,,UPDATE,26771
TC-00011935,general,Mixco,true,,UPDATE,23357
TC-00011937,trabajador,Villa Nueva,true,,UPDATE,28563
TC-00011941,estudiante,Zona 13,true,,UPDATE,9516
TC-00011945,trabajador,Zona 18,true,,UPDATE,22654
TC-00011949,estudiante,Zona 9,true,,UPDATE,30734
TC-00011950,estudiante,Zona 11,true,,INSERT,26927
TC-00011953,general,Zona 18,true,,UPDATE,2610
TC-00011956,trabajador,Zona 13,true,,UPDATE,21761
TC-00011961,general,Zona 6,true,,UPDATE,26473
TC-00011963,estudiante,Zona 9,true,,INSERT,28353
TC-00011965,adulto_mayor,Zona 4,false,2026-07-03 20:45:00,DELETE,22733
TC-00011969,,,false,2026-06-19 12:24:00,DELETE,13094
TC-00011973,estudiante,Santa Catarina Pinula,true,,UPDATE,274
TC-00011974,trabajador,Zona 9,true,,UPDATE,23071
TC-00011977,trabajador,Zona 10,true,,INSERT,16567
TC-00011982,estudiante,Zona 12,true,,UPDATE,23892
TC-00011986,trabajador,Zona 12,true,,UPDATE,12330
TC-00011988,trabajador,Zona 8,true,,INSERT,14585
TC-00011989,trabajador,Zona 9,true,,INSERT,30369
TC-00011994,general,Mixco,true,,INSERT,16660
TC-00012007,,,false,2026-06-03 08:20:00,DELETE,2057
TC-00012012,adulto_mayor,Zona 18,true,,INSERT,2868
TC-00012013,general,Zona 8,true,,UPDATE,8707
TC-00012016,,,false,2026-06-04 07:50:00,DELETE,2702
TC-00012017,trabajador,Zona 9,true,,UPDATE,30829
TC-00012021,general,Zona 1,true,,UPDATE,14945
TC-00012024,estudiante,Zona 12,true,,UPDATE,7284
TC-00012026,general,Zona 1,true,,UPDATE,28533
TC-00012030,adulto_mayor,Zona 13,true,,UPDATE,12197
TC-00012034,adulto_mayor,Santa Catarina Pinula,true,,INSERT,11828
TC-00012035,trabajador,Zona 9,true,,INSERT,16044
TC-00012036,estudiante,San Miguel Petapa,true,,UPDATE,25775
TC-00012040,trabajador,Zona 13,true,,UPDATE,30042
TC-00012043,estudiante,Zona 9,true,,INSERT,15367
TC-00012045,trabajador,Zona 7,true,,INSERT,25557
TC-00012046,estudiante,Zona 8,true,,UPDATE,7432
TC-00012049,general,Zona 12,true,,UPDATE,28545
TC-00012052,adulto_mayor,Santa Catarina Pinula,true,,UPDATE,4703
TC-00012053,general,Zona 9,true,,INSERT,2274
TC-00012058,adulto_mayor,Zona 13,true,,UPDATE,23792
TC-00012064,,,false,2026-07-06 06:41:00,DELETE,24828
TC-00012065,trabajador,Zona 4,true,,INSERT,15329
TC-00012076,general,Santa Catarina Pinula,true,,INSERT,9108
TC-00012080,general,Villa Nueva,true,,INSERT,12428
TC-00012081,,,false,2026-06-13 17:50:00,DELETE,8916
TC-00012084,trabajador,Zona 6,true,,INSERT,27762
TC-00012086,adulto_mayor,Zona 12,true,,UPDATE,4729
TC-00012092,estudiante,Zona 18,true,,INSERT,7821
TC-00012095,trabajador,Mixco,true,,UPDATE,10624
TC-00012096,,,false,2026-07-07 16:06:00,DELETE,25454
TC-00012097,estudiante,Villa Nueva,true,,UPDATE,27892
TC-00012113,estudiante,Zona 7,true,,UPDATE,22364
TC-00012117,,,false,2026-06-02 06:11:00,DELETE,1303
TC-00012120,adulto_mayor,Zona 1,true,,UPDATE,9563
TC-00012121,adulto_mayor,Villa Nueva,true,,UPDATE,25104
TC-00012125,estudiante,Zona 1,true,,UPDATE,8809
TC-00012127,adulto_mayor,San Miguel Petapa,true,,UPDATE,5832
TC-00012130,adulto_mayor,Zona 1,true,,UPDATE,1826
TC-00012133,trabajador,Zona 8,true,,UPDATE,25945
TC-00012138,general,Mixco,true,,UPDATE,24522
TC-00012140,general,Santa Catarina Pinula,true,,UPDATE,12238
TC-00012144,adulto_mayor,Zona 9,true,,UPDATE,28713
TC-00012145,adulto_mayor,Zona 11,true,,UPDATE,2620
TC-00012147,estudiante,Zona 13,true,,UPDATE,295
TC-00012150,estudiante,Zona 9,true,,UPDATE,16284
TC-00012155,adulto_mayor,Zona 13,true,,INSERT,15878
TC-00012156,general,Zona 1,true,,UPDATE,30711
TC-00012159,adulto_mayor,Mixco,true,,UPDATE,10157
TC-00012163,general,Zona 1,true,,INSERT,11263
TC-00012174,estudiante,Zona 18,true,,INSERT,14034
TC-00012176,estudiante,Zona 17,true,,INSERT,7711
TC-00012178,trabajador,Zona 12,true,,UPDATE,21734
TC-00012179,estudiante,Zona 10,true,,INSERT,29096
TC-00012180,estudiante,Santa Catarina Pinula,true,,UPDATE,17673
TC-00012181,general,Zona 10,true,,UPDATE,21708
TC-00012183,general,Zona 10,true,,INSERT,3513
TC-00012184,,,false,2026-06-06 03:41:00,DELETE,4074
TC-00012185,general,Santa Catarina Pinula,true,,INSERT,26335
TC-00012187,trabajador,Zona 17,true,,INSERT,11846
TC-00012188,general,Zona 13,false,2026-07-15 15:30:00,DELETE,31008
TC-00012190,general,Zona 18,true,,INSERT,29815
TC-00012202,trabajador,Zona 6,true,,INSERT,20114
TC-00012203,adulto_mayor,Zona 4,true,,INSERT,26973
TC-00012204,adulto_mayor,Zona 12,true,,INSERT,21502
TC-00012207,adulto_mayor,Zona 11,true,,UPDATE,9551
TC-00012211,adulto_mayor,Zona 1,true,,UPDATE,12260
TC-00012216,trabajador,Zona 9,true,,INSERT,5533
TC-00012218,trabajador,Zona 18,true,,INSERT,6944
TC-00012220,general,San Miguel Petapa,true,,UPDATE,460
TC-00012222,,,false,2026-06-12 03:32:00,DELETE,8246
TC-00012224,trabajador,San Miguel Petapa,true,,UPDATE,29469
TC-00012232,general,Zona 9,true,,INSERT,23477
TC-00012233,trabajador,Zona 11,true,,INSERT,3599
TC-00012235,,,false,2026-07-12 17:29:00,DELETE,28961
TC-00012236,general,Zona 7,true,,UPDATE,10777
TC-00012245,trabajador,Zona 4,true,,INSERT,17371
TC-00012246,general,Zona 1,true,,UPDATE,12980
TC-00012247,,,false,2026-06-30 01:48:00,DELETE,20636
TC-00012250,trabajador,Santa Catarina Pinula,true,,INSERT,27733
TC-00012252,estudiante,Mixco,true,,INSERT,3682
TC-00012254,trabajador,Zona 11,true,,INSERT,8363
TC-00012255,trabajador,Santa Catarina Pinula,true,,UPDATE,27252
TC-00012256,estudiante,Zona 13,true,,UPDATE,28866
TC-00012257,trabajador,Zona 1,true,,UPDATE,3958
TC-00012273,,,false,2026-06-15 13:55:00,DELETE,10327
TC-00012280,estudiante,Zona 7,true,,INSERT,2856
TC-00012283,adulto_mayor,Mixco,true,,UPDATE,14784
TC-00012284,trabajador,Zona 8,true,,INSERT,15298
TC-00012285,general,Zona 9,true,,UPDATE,18947
TC-00012291,adulto_mayor,Zona 12,false,2026-07-01 18:44:00,DELETE,21301
TC-00012292,trabajador,Zona 13,true,,INSERT,6363
TC-00012296,trabajador,Zona 6,true,,INSERT,13836
TC-00012299,trabajador,Zona 17,true,,UPDATE,24050
TC-00012302,estudiante,Zona 7,true,,UPDATE,5819
TC-00012306,trabajador,Zona 12,true,,INSERT,7108
TC-00012307,,,false,2026-06-26 22:24:00,DELETE,17877
TC-00012309,adulto_mayor,Santa Catarina Pinula,true,,UPDATE,21119
TC-00012316,estudiante,Zona 12,true,,INSERT,26442
TC-00012321,general,Zona 12,true,,UPDATE,20426
TC-00012325,adulto_mayor,Mixco,true,,UPDATE,18427
TC-00012328,general,Zona 18,true,,UPDATE,27856
TC-00012329,trabajador,Zona 9,true,,UPDATE,23116
TC-00012330,,,false,2026-06-30 04:18:00,DELETE,20632
TC-00012336,,,false,2026-06-15 01:40:00,DELETE,10340
TC-00012339,general,Zona 8,true,,INSERT,4180
TC-00012340,,,false,2026-06-11 16:20:00,DELETE,7582
TC-00012341,trabajador,Zona 1,true,,UPDATE,2390
TC-00012342,general,Mixco,true,,UPDATE,13353
TC-00012345,general,Zona 6,true,,UPDATE,16180
TC-00012348,general,Zona 8,true,,UPDATE,7350
TC-00012352,trabajador,Villa Nueva,true,,INSERT,4944
TC-00012360,,,false,2026-07-06 13:44:00,DELETE,24788
TC-00012365,,,false,2026-06-14 01:39:00,DELETE,9657
TC-00012366,trabajador,Zona 8,true,,UPDATE,22363
TC-00012380,estudiante,Villa Nueva,true,,UPDATE,7193
TC-00012382,adulto_mayor,Zona 13,true,,INSERT,15198
TC-00012385,,,false,2026-07-05 23:33:00,DELETE,24137
TC-00012388,estudiante,Zona 13,true,,UPDATE,28531
TC-00012389,estudiante,Villa Nueva,true,,UPDATE,10107
TC-00012390,general,Zona 11,true,,INSERT,11202
TC-00012391,trabajador,Zona 17,true,,UPDATE,17082
TC-00012394,general,Zona 13,true,,INSERT,19463
TC-00012396,adulto_mayor,Zona 9,true,,INSERT,16017
TC-00012398,estudiante,Zona 4,true,,UPDATE,26521
TC-00012400,general,Zona 17,true,,UPDATE,19649
TC-00012401,adulto_mayor,Zona 8,false,2026-06-26 12:01:00,DELETE,17904
TC-00012402,general,Villa Nueva,true,,UPDATE,10799
TC-00012405,general,Zona 8,true,,UPDATE,23944
TC-00012414,general,Santa Catarina Pinula,true,,UPDATE,8146
TC-00012419,estudiante,Zona 11,true,,UPDATE,20384
TC-00012426,,,false,2026-06-21 05:15:00,DELETE,14431
TC-00012430,,,false,2026-06-22 14:28:00,DELETE,15176
TC-00012432,,,false,2026-06-09 07:39:00,DELETE,6121
TC-00012435,general,Zona 17,true,,INSERT,5576
TC-00012436,trabajador,Zona 13,true,,UPDATE,12902
TC-00012441,general,Zona 6,true,,UPDATE,5262
TC-00012446,trabajador,Villa Nueva,true,,INSERT,833
TC-00012447,,,false,2026-07-03 11:54:00,DELETE,22718
TC-00012450,general,Zona 12,true,,UPDATE,19704
TC-00012452,trabajador,Zona 9,true,,UPDATE,9400
TC-00012453,general,San Miguel Petapa,true,,INSERT,24966
TC-00012456,estudiante,Zona 8,true,,UPDATE,5956
TC-00012457,trabajador,Zona 7,true,,INSERT,18722
TC-00012458,general,Zona 13,true,,UPDATE,17836
TC-00012462,adulto_mayor,Zona 12,true,,UPDATE,22585
TC-00012474,trabajador,Zona 7,true,,INSERT,18755
TC-00012477,general,Mixco,true,,UPDATE,15077
TC-00012481,,,false,2026-06-30 09:01:00,DELETE,20618
TC-00012482,trabajador,Zona 10,true,,UPDATE,24041
TC-00012484,trabajador,Zona 18,false,2026-06-26 13:33:00,DELETE,17863
TC-00012485,adulto_mayor,Zona 6,true,,UPDATE,23733
TC-00012493,estudiante,Santa Catarina Pinula,true,,UPDATE,28876
TC-00012495,general,Santa Catarina Pinula,true,,UPDATE,5323
TC-00012499,estudiante,Mixco,true,,UPDATE,9313
TC-00012502,trabajador,Mixco,true,,INSERT,16798
TC-00012506,general,Santa Catarina Pinula,true,,UPDATE,6572
TC-00012507,general,Zona 17,true,,UPDATE,3051
TC-00012509,adulto_mayor,Zona 7,true,,INSERT,14609
TC-00012510,estudiante,Zona 12,true,,UPDATE,28573
TC-00012517,trabajador,San Miguel Petapa,true,,INSERT,4846
TC-00012520,adulto_mayor,San Miguel Petapa,true,,UPDATE,11577
TC-00012522,adulto_mayor,Zona 12,true,,INSERT,17436
TC-00012527,estudiante,Zona 17,true,,INSERT,13305
TC-00012528,trabajador,Zona 12,true,,UPDATE,9548
TC-00012531,trabajador,Zona 17,true,,INSERT,26432
TC-00012532,trabajador,Villa Nueva,true,,UPDATE,8557
TC-00012539,estudiante,Mixco,true,,UPDATE,28561
TC-00012544,trabajador,Villa Nueva,true,,INSERT,28463
TC-00012550,general,Zona 1,true,,UPDATE,24400
TC-00012552,estudiante,Villa Nueva,true,,UPDATE,26755
TC-00012553,general,Zona 12,true,,UPDATE,15778
TC-00012556,trabajador,Zona 8,true,,UPDATE,27290
TC-00012558,general,Zona 6,true,,INSERT,20133
TC-00012559,general,Santa Catarina Pinula,true,,INSERT,11833
TC-00012565,trabajador,Zona 6,true,,INSERT,16090
TC-00012566,,,false,2026-06-25 15:26:00,DELETE,17192
TC-00012568,general,Zona 8,true,,INSERT,26929
TC-00012572,,,false,2026-06-03 20:07:00,DELETE,2038
TC-00012573,trabajador,Santa Catarina Pinula,true,,UPDATE,11425
TC-00012577,trabajador,San Miguel Petapa,true,,INSERT,26256
TC-00012579,trabajador,Santa Catarina Pinula,true,,INSERT,18080
TC-00012582,adulto_mayor,Zona 11,true,,UPDATE,1107
TC-00012584,adulto_mayor,Zona 1,true,,INSERT,23525
TC-00012590,adulto_mayor,Zona 4,true,,UPDATE,12254
TC-00012593,estudiante,Zona 11,true,,UPDATE,19000
TC-00012595,trabajador,Mixco,true,,INSERT,9731
TC-00012615,adulto_mayor,San Miguel Petapa,true,,UPDATE,30615
TC-00012618,,,false,2026-06-01 05:18:00,DELETE,608
TC-00012627,adulto_mayor,Zona 7,true,,UPDATE,26674
TC-00012631,general,Zona 12,true,,INSERT,14564
TC-00012635,adulto_mayor,Zona 10,true,,INSERT,1517
TC-00012636,estudiante,Mixco,true,,UPDATE,19621
TC-00012637,general,Zona 12,true,,UPDATE,24626
TC-00012640,trabajador,San Miguel Petapa,true,,UPDATE,26035
TC-00012643,,,false,2026-06-04 09:38:00,DELETE,2693
TC-00012646,trabajador,Zona 13,true,,UPDATE,4538
TC-00012649,trabajador,Santa Catarina Pinula,true,,UPDATE,10216
TC-00012658,estudiante,San Miguel Petapa,true,,UPDATE,8719
TC-00012660,trabajador,Zona 13,true,,INSERT,8299
TC-00012663,trabajador,Zona 10,true,,INSERT,11943
TC-00012664,adulto_mayor,Zona 12,true,,UPDATE,27474
TC-00012665,general,Zona 10,true,,UPDATE,20265
TC-00012667,adulto_mayor,Zona 7,true,,UPDATE,25798
TC-00012668,adulto_mayor,Zona 8,true,,INSERT,20750
TC-00012671,trabajador,Zona 10,true,,UPDATE,23011
TC-00012681,,,false,2026-06-16 01:19:00,DELETE,11021
TC-00012683,estudiante,Mixco,true,,UPDATE,25880
TC-00012684,adulto_mayor,Villa Nueva,true,,UPDATE,13601
TC-00012685,estudiante,Zona 17,true,,UPDATE,15468
TC-00012687,trabajador,Zona 18,true,,INSERT,21420
TC-00012688,general,Zona 9,true,,UPDATE,23295
TC-00012689,adulto_mayor,Zona 7,true,,UPDATE,5221
TC-00012692,general,San Miguel Petapa,true,,UPDATE,21040
TC-00012693,trabajador,Zona 4,true,,INSERT,21506
TC-00012696,trabajador,Zona 13,true,,UPDATE,6561
TC-00012700,adulto_mayor,Zona 13,true,,INSERT,11111
TC-00012704,general,Zona 11,true,,UPDATE,18915
TC-00012706,adulto_mayor,Villa Nueva,true,,UPDATE,24498
TC-00012708,general,Santa Catarina Pinula,true,,INSERT,16006
TC-00012709,adulto_mayor,Zona 18,true,,INSERT,25043
TC-00012714,trabajador,Zona 7,false,2026-07-12 11:58:00,DELETE,28900
TC-00012715,trabajador,Zona 4,true,,INSERT,2835
TC-00012720,estudiante,Zona 11,true,,UPDATE,30648
TC-00012722,,,false,2026-07-01 23:51:00,DELETE,21329
TC-00012724,trabajador,Zona 6,true,,INSERT,16066
TC-00012725,trabajador,Zona 17,true,,INSERT,25769
TC-00012726,estudiante,Zona 11,true,,UPDATE,13409
TC-00012732,trabajador,Zona 1,true,,UPDATE,20581
TC-00012733,trabajador,Zona 1,true,,INSERT,24161
TC-00012735,trabajador,Zona 4,true,,UPDATE,14123
TC-00012737,general,Zona 10,true,,UPDATE,26038
TC-00012738,adulto_mayor,Zona 9,true,,UPDATE,28671
TC-00012739,trabajador,Zona 18,true,,INSERT,26958
TC-00012744,trabajador,Zona 18,true,,INSERT,25564
TC-00012746,estudiante,Villa Nueva,true,,UPDATE,13642
TC-00012749,trabajador,Zona 17,true,,UPDATE,23033
TC-00012753,trabajador,Zona 8,true,,UPDATE,14384
TC-00012757,adulto_mayor,Villa Nueva,true,,UPDATE,18942
TC-00012760,estudiante,Villa Nueva,true,,INSERT,8994
TC-00012761,adulto_mayor,Zona 12,true,,INSERT,19481
TC-00012762,,,false,2026-06-01 14:49:00,DELETE,684
TC-00012767,general,Zona 12,true,,UPDATE,2651
TC-00012770,trabajador,Zona 10,true,,INSERT,21396
TC-00012772,adulto_mayor,Zona 17,true,,UPDATE,15439
TC-00012775,trabajador,Zona 12,true,,UPDATE,23317
TC-00012776,,,false,2026-06-15 01:02:00,DELETE,10307
TC-00012781,trabajador,Villa Nueva,true,,UPDATE,30862
TC-00012782,trabajador,Zona 13,true,,INSERT,8477
TC-00012783,estudiante,Zona 13,true,,UPDATE,24550
TC-00012794,,,false,2026-07-13 08:08:00,DELETE,29668
TC-00012796,trabajador,Zona 4,true,,UPDATE,30834
TC-00012797,trabajador,Santa Catarina Pinula,true,,INSERT,25709
TC-00012809,,,false,2026-06-26 07:52:00,DELETE,17924
TC-00012824,trabajador,Zona 10,true,,INSERT,2999
TC-00012825,,,false,2026-06-30 18:06:00,DELETE,20698
TC-00012832,estudiante,Zona 13,true,,UPDATE,17620
TC-00012836,adulto_mayor,Zona 6,true,,UPDATE,28683
TC-00012839,trabajador,Villa Nueva,false,2026-06-18 13:02:00,DELETE,12374
TC-00012846,trabajador,Mixco,true,,INSERT,22116
TC-00012847,,,false,2026-06-13 07:40:00,DELETE,8946
TC-00012849,estudiante,Zona 9,true,,UPDATE,22655
TC-00012854,trabajador,Zona 4,true,,INSERT,16792
TC-00012856,general,Zona 8,true,,INSERT,26944
TC-00012857,estudiante,Zona 6,true,,UPDATE,14821
TC-00012858,general,Zona 8,true,,UPDATE,21202
TC-00012860,trabajador,Zona 6,true,,INSERT,10396
TC-00012866,,,false,2026-06-26 22:36:00,DELETE,17895
TC-00012869,adulto_mayor,Zona 1,true,,UPDATE,14916
TC-00012872,general,Zona 4,true,,UPDATE,30796
TC-00012874,trabajador,Zona 11,true,,UPDATE,30624
TC-00012875,adulto_mayor,Zona 6,true,,INSERT,11919
TC-00012881,trabajador,Santa Catarina Pinula,true,,UPDATE,17117
TC-00012888,general,Zona 11,true,,UPDATE,23771
TC-00012889,estudiante,San Miguel Petapa,true,,UPDATE,6696
TC-00012893,,,false,2026-06-08 18:19:00,DELETE,5460
TC-00012894,adulto_mayor,Zona 17,true,,INSERT,26403
TC-00012896,general,Zona 8,true,,UPDATE,12931
TC-00012897,estudiante,Zona 4,true,,UPDATE,16930
TC-00012898,adulto_mayor,Zona 8,true,,UPDATE,5263
TC-00012906,trabajador,Villa Nueva,true,,INSERT,22907
TC-00012912,adulto_mayor,Mixco,true,,UPDATE,24487
TC-00012920,adulto_mayor,San Miguel Petapa,true,,UPDATE,16260
TC-00012927,adulto_mayor,Mixco,true,,UPDATE,17530
TC-00012932,,,false,2026-07-14 08:38:00,DELETE,30282
TC-00012933,general,Zona 6,true,,INSERT,29687
TC-00012937,estudiante,Zona 13,true,,INSERT,13201
TC-00012941,general,Zona 18,true,,INSERT,30594
TC-00012944,trabajador,Zona 9,true,,INSERT,770
TC-00012949,general,Zona 18,true,,INSERT,10495
TC-00012951,estudiante,Zona 4,true,,UPDATE,20944
TC-00012957,trabajador,San Miguel Petapa,true,,UPDATE,23813
TC-00012959,adulto_mayor,Zona 11,true,,UPDATE,30602
TC-00012961,trabajador,San Miguel Petapa,true,,INSERT,5752
TC-00012962,estudiante,Zona 11,true,,UPDATE,572
TC-00012967,trabajador,Zona 17,true,,INSERT,5700
TC-00012969,estudiante,Villa Nueva,true,,UPDATE,9318
TC-00012972,estudiante,Zona 12,true,,UPDATE,9483
TC-00012974,general,Zona 1,true,,INSERT,175
TC-00012981,adulto_mayor,Mixco,true,,INSERT,16101
TC-00012982,trabajador,Zona 4,true,,INSERT,8317
TC-00012990,adulto_mayor,Zona 13,true,,INSERT,22872
TC-00012992,trabajador,Zona 13,true,,UPDATE,11353
TC-00012994,adulto_mayor,Zona 4,true,,UPDATE,19214
TC-00012996,trabajador,Santa Catarina Pinula,true,,INSERT,6280
TC-00012999,trabajador,Zona 13,true,,UPDATE,14320
TC-00013003,adulto_mayor,Zona 17,true,,UPDATE,26820
TC-00013006,trabajador,Zona 8,true,,UPDATE,16206
TC-00013007,trabajador,Zona 9,true,,INSERT,4182
TC-00013008,general,Zona 8,true,,INSERT,26967
TC-00013013,trabajador,Villa Nueva,true,,INSERT,6945
TC-00013017,trabajador,Mixco,true,,UPDATE,6002
TC-00013026,trabajador,Zona 9,true,,INSERT,7013
TC-00013027,,,false,2026-06-01 05:47:00,DELETE,602
TC-00013030,trabajador,Villa Nueva,true,,INSERT,8991
TC-00013037,estudiante,Zona 10,true,,UPDATE,1037
TC-00013038,estudiante,Zona 1,true,,UPDATE,25438
TC-00013039,adulto_mayor,San Miguel Petapa,true,,UPDATE,22662
TC-00013041,,,false,2026-06-08 21:12:00,DELETE,5454
TC-00013058,adulto_mayor,Zona 8,true,,UPDATE,26494
TC-00013061,estudiante,Zona 18,true,,INSERT,25041
TC-00013069,adulto_mayor,Zona 6,true,,UPDATE,4032
TC-00013073,general,Zona 9,true,,INSERT,15369
TC-00013074,,,false,2026-06-22 10:52:00,DELETE,15146
TC-00013075,trabajador,Zona 1,true,,INSERT,8411
TC-00013077,,,false,2026-06-18 18:55:00,DELETE,12371
TC-00013081,trabajador,Santa Catarina Pinula,true,,UPDATE,589
TC-00013083,trabajador,Zona 6,true,,INSERT,20125
TC-00013088,general,Zona 6,true,,INSERT,13946
TC-00013093,,,false,2026-07-10 01:38:00,DELETE,27516
TC-00013095,estudiante,San Miguel Petapa,true,,INSERT,24928
TC-00013096,trabajador,Mixco,true,,INSERT,14633
TC-00013098,estudiante,Zona 7,true,,UPDATE,22532
TC-00013099,estudiante,Zona 1,true,,INSERT,29112
TC-00013100,trabajador,Zona 13,true,,UPDATE,10245
TC-00013105,adulto_mayor,Santa Catarina Pinula,true,,UPDATE,7893
TC-00013106,estudiante,Zona 9,true,,INSERT,11086
TC-00013107,trabajador,Zona 6,true,,UPDATE,21198
TC-00013108,,,false,2026-07-12 21:27:00,DELETE,28950
TC-00013109,trabajador,Zona 13,true,,INSERT,18117
TC-00013111,trabajador,Zona 17,true,,INSERT,16762
TC-00013115,,,false,2026-07-07 08:56:00,DELETE,25523
TC-00013117,trabajador,Zona 17,true,,UPDATE,19838
TC-00013121,trabajador,Zona 1,true,,UPDATE,9473
TC-00013126,trabajador,Zona 6,true,,UPDATE,10684
TC-00013127,trabajador,Zona 9,true,,UPDATE,11300
TC-00013131,adulto_mayor,Zona 9,true,,UPDATE,18407
TC-00013134,,,false,2026-06-04 15:54:00,DELETE,2672
TC-00013135,adulto_mayor,Zona 7,true,,UPDATE,2487
TC-00013138,trabajador,Zona 13,true,,UPDATE,23125
TC-00013141,trabajador,Zona 1,true,,INSERT,5623
TC-00013142,trabajador,Zona 13,false,2026-06-19 12:25:00,DELETE,13101
TC-00013144,adulto_mayor,Zona 11,true,,INSERT,16641
TC-00013145,trabajador,Zona 9,true,,UPDATE,7336
TC-00013151,adulto_mayor,Villa Nueva,false,2026-06-12 04:31:00,DELETE,8202
TC-00013153,,,false,2026-06-15 23:10:00,DELETE,10271
TC-00013155,adulto_mayor,Zona 6,true,,INSERT,3477
TC-00013157,general,Zona 4,true,,INSERT,7070
TC-00013160,estudiante,Zona 7,true,,UPDATE,6805
TC-00013161,trabajador,Zona 11,true,,INSERT,26342
TC-00013162,trabajador,Zona 13,true,,UPDATE,3861
TC-00013163,trabajador,Zona 10,true,,INSERT,21449
TC-00013168,general,Villa Nueva,true,,INSERT,1386
TC-00013172,adulto_mayor,Zona 11,true,,UPDATE,3909
TC-00013177,estudiante,Santa Catarina Pinula,true,,UPDATE,25906
TC-00013184,trabajador,Zona 17,true,,INSERT,29188
TC-00013187,trabajador,Zona 1,true,,INSERT,22832
TC-00013188,trabajador,Villa Nueva,true,,UPDATE,27454
TC-00013194,adulto_mayor,Zona 12,true,,UPDATE,12978
TC-00013195,,,false,2026-06-20 05:02:00,DELETE,13782
TC-00013196,,,false,2026-06-16 19:31:00,DELETE,10952
TC-00013197,adulto_mayor,Zona 9,true,,UPDATE,1249
TC-00013198,trabajador,Zona 10,true,,UPDATE,18220
TC-00013201,trabajador,Zona 17,true,,INSERT,20162
TC-00013203,trabajador,Zona 12,true,,INSERT,21605
TC-00013211,trabajador,Zona 1,true,,INSERT,8318
TC-00013213,general,Zona 1,true,,UPDATE,26617
TC-00013219,general,Zona 17,true,,INSERT,23583
TC-00013220,general,Zona 12,true,,INSERT,26267
TC-00013221,adulto_mayor,Mixco,true,,INSERT,2913
TC-00013222,,,false,2026-06-09 21:21:00,DELETE,6177
TC-00013224,general,Zona 7,true,,UPDATE,21284
TC-00013226,trabajador,Santa Catarina Pinula,true,,INSERT,22896
TC-00013227,adulto_mayor,San Miguel Petapa,true,,UPDATE,5214
TC-00013228,general,Zona 11,true,,INSERT,2811
TC-00013229,trabajador,Zona 4,true,,UPDATE,18221
TC-00013230,adulto_mayor,Zona 12,true,,UPDATE,24417
TC-00013238,general,Zona 4,true,,UPDATE,24401
TC-00013244,,,false,2026-07-13 19:08:00,DELETE,29604
TC-00013245,trabajador,Zona 6,true,,UPDATE,8050
TC-00013249,,,false,2026-07-11 13:25:00,DELETE,28251
TC-00013252,adulto_mayor,Zona 1,true,,UPDATE,5974
TC-00013257,trabajador,San Miguel Petapa,true,,UPDATE,3326
TC-00013258,adulto_mayor,Zona 6,true,,INSERT,21457
TC-00013260,adulto_mayor,Zona 6,true,,UPDATE,14186
TC-00013264,estudiante,Zona 4,true,,UPDATE,932
TC-00013265,general,Zona 13,true,,UPDATE,317
TC-00013269,trabajador,Zona 9,false,2026-07-13 10:41:00,DELETE,29644
TC-00013272,estudiante,Zona 18,true,,UPDATE,30105
TC-00013273,general,Mixco,true,,UPDATE,3863
TC-00013274,trabajador,Santa Catarina Pinula,true,,INSERT,24862
TC-00013280,,,false,2026-06-14 13:30:00,DELETE,9646
TC-00013281,,,false,2026-07-09 07:52:00,DELETE,26884
TC-00013284,trabajador,Villa Nueva,true,,INSERT,20179
TC-00013287,trabajador,Zona 1,true,,INSERT,20909
TC-00013289,general,Zona 6,true,,UPDATE,18362
TC-00013290,trabajador,Zona 12,true,,INSERT,21480
TC-00013292,trabajador,Zona 11,true,,INSERT,26993
TC-00013293,trabajador,Zona 10,true,,UPDATE,26015
TC-00013296,estudiante,Mixco,true,,UPDATE,6794
TC-00013298,trabajador,Santa Catarina Pinula,false,2026-06-26 19:27:00,DELETE,17930
TC-00013299,trabajador,Zona 4,true,,INSERT,10362
TC-00013302,estudiante,Zona 4,true,,INSERT,28479
TC-00013305,trabajador,Zona 13,true,,INSERT,11855
TC-00013308,estudiante,Zona 4,true,,UPDATE,19678
TC-00013314,estudiante,Zona 8,true,,UPDATE,21123
TC-00013316,general,Zona 7,true,,UPDATE,18243
TC-00013319,trabajador,San Miguel Petapa,true,,INSERT,25609
TC-00013322,trabajador,San Miguel Petapa,true,,INSERT,13336
TC-00013324,trabajador,Zona 7,true,,UPDATE,9335
TC-00013326,general,Zona 9,true,,INSERT,24370
TC-00013331,adulto_mayor,Zona 1,true,,UPDATE,7424
TC-00013335,trabajador,Zona 13,true,,UPDATE,10186
TC-00013336,,,false,2026-06-07 19:58:00,DELETE,4774
TC-00013337,trabajador,Villa Nueva,true,,INSERT,27690
TC-00013338,estudiante,Zona 13,true,,UPDATE,28610
TC-00013342,adulto_mayor,Zona 8,true,,UPDATE,4546
TC-00013345,trabajador,Zona 10,true,,INSERT,11781
TC-00013349,,,false,2026-06-10 13:11:00,DELETE,6890
TC-00013354,adulto_mayor,Zona 10,true,,INSERT,29083
TC-00013357,trabajador,Zona 8,true,,INSERT,13970
TC-00013361,estudiante,Santa Catarina Pinula,true,,UPDATE,21839
TC-00013363,,,false,2026-07-05 20:59:00,DELETE,24097
TC-00013364,estudiante,Zona 6,true,,INSERT,23472
TC-00013367,trabajador,Zona 10,true,,UPDATE,15481
TC-00013368,general,Zona 12,true,,INSERT,8475
TC-00013374,trabajador,Zona 10,true,,INSERT,17490
TC-00013375,trabajador,Zona 6,true,,UPDATE,9477
TC-00013377,estudiante,Zona 17,true,,UPDATE,20535
TC-00013380,estudiante,Zona 18,true,,INSERT,18097
TC-00013383,trabajador,Santa Catarina Pinula,true,,INSERT,26450
TC-00013390,adulto_mayor,Santa Catarina Pinula,true,,UPDATE,3202
TC-00013395,estudiante,Mixco,true,,UPDATE,30110
TC-00013398,general,Santa Catarina Pinula,true,,UPDATE,20353
TC-00013400,trabajador,San Miguel Petapa,true,,UPDATE,5081
TC-00013405,,,false,2026-06-13 04:14:00,DELETE,8941
TC-00013406,estudiante,Villa Nueva,true,,UPDATE,11449
TC-00013407,general,Zona 18,true,,INSERT,9705
TC-00013413,estudiante,Zona 4,true,,UPDATE,3279
TC-00013417,general,Zona 11,true,,INSERT,29091
TC-00013418,estudiante,San Miguel Petapa,true,,UPDATE,6586
TC-00013420,adulto_mayor,Zona 4,false,2026-07-14 09:09:00,DELETE,30353
TC-00013425,adulto_mayor,Zona 17,true,,UPDATE,25356
TC-00013428,trabajador,Zona 18,true,,UPDATE,28797
TC-00013433,adulto_mayor,Zona 10,true,,INSERT,20027
TC-00013438,general,Zona 17,true,,INSERT,26417
TC-00013439,general,Zona 11,true,,UPDATE,11344
TC-00013445,trabajador,Zona 9,true,,INSERT,9718
TC-00013448,trabajador,Zona 8,true,,INSERT,13980
TC-00013454,general,Zona 12,false,2026-06-13 09:09:00,DELETE,8955
TC-00013456,trabajador,Zona 6,true,,INSERT,20830
TC-00013457,estudiante,Zona 4,true,,UPDATE,21242
TC-00013460,trabajador,Zona 4,true,,INSERT,18767
TC-00013467,general,San Miguel Petapa,true,,INSERT,14727
TC-00013468,,,false,2026-06-12 19:06:00,DELETE,8212
TC-00013470,general,Santa Catarina Pinula,true,,INSERT,15937
TC-00013471,trabajador,Zona 10,true,,INSERT,28985
TC-00013479,trabajador,Zona 13,true,,UPDATE,9914
TC-00013480,adulto_mayor,Villa Nueva,true,,UPDATE,27317
TC-00013481,trabajador,Zona 1,true,,INSERT,25575
TC-00013484,trabajador,Santa Catarina Pinula,true,,UPDATE,21722
TC-00013487,adulto_mayor,Zona 12,true,,UPDATE,30942
TC-00013488,trabajador,Zona 18,true,,INSERT,7672
TC-00013491,trabajador,Zona 1,true,,INSERT,28365
TC-00013494,general,Zona 10,true,,UPDATE,16442
TC-00013495,trabajador,Zona 8,true,,INSERT,9760
TC-00013497,adulto_mayor,Zona 8,true,,UPDATE,22581
TC-00013499,estudiante,Zona 8,true,,UPDATE,14266
TC-00013500,estudiante,San Miguel Petapa,true,,UPDATE,26044
TC-00013502,adulto_mayor,Mixco,false,2026-07-13 20:30:00,DELETE,29664
TC-00013505,adulto_mayor,Zona 9,true,,UPDATE,2616
TC-00013507,adulto_mayor,Zona 8,true,,UPDATE,6673
TC-00013519,trabajador,Zona 10,true,,INSERT,9850
TC-00013520,adulto_mayor,Zona 13,true,,UPDATE,30644
TC-00013524,trabajador,Zona 1,true,,INSERT,20904
TC-00013530,adulto_mayor,Zona 7,true,,UPDATE,16222
TC-00013533,general,Zona 7,true,,INSERT,23523
TC-00013538,general,Santa Catarina Pinula,true,,UPDATE,15512
TC-00013540,estudiante,Mixco,true,,INSERT,13164
TC-00013542,estudiante,Villa Nueva,true,,INSERT,20230
TC-00013543,estudiante,Zona 10,true,,UPDATE,28113
TC-00013546,general,Santa Catarina Pinula,true,,UPDATE,3809
TC-00013549,,,false,2026-06-02 13:31:00,DELETE,1298
TC-00013556,general,Zona 1,true,,UPDATE,27434
TC-00013557,trabajador,San Miguel Petapa,true,,INSERT,22874
TC-00013561,general,Santa Catarina Pinula,true,,UPDATE,5398
TC-00013564,trabajador,Villa Nueva,true,,UPDATE,25807
TC-00013565,general,Zona 17,true,,INSERT,28420
TC-00013570,general,Zona 8,true,,UPDATE,21281
TC-00013573,trabajador,Zona 7,true,,INSERT,13178
TC-00013575,general,Santa Catarina Pinula,true,,INSERT,1443
TC-00013577,trabajador,Zona 11,true,,INSERT,22842
TC-00013580,adulto_mayor,Zona 9,true,,INSERT,25531
TC-00013583,trabajador,Zona 12,true,,INSERT,25674
TC-00013585,estudiante,Zona 8,true,,UPDATE,12664
TC-00013587,adulto_mayor,Zona 18,true,,UPDATE,1286
TC-00013590,,,false,2026-07-06 13:53:00,DELETE,24771
TC-00013592,,,false,2026-07-06 18:26:00,DELETE,24821
TC-00013601,general,Villa Nueva,true,,UPDATE,13412
TC-00013605,general,Zona 6,true,,UPDATE,28881
TC-00013607,adulto_mayor,Zona 18,true,,UPDATE,20557
TC-00013610,trabajador,Zona 4,true,,UPDATE,23902
TC-00013618,general,Zona 18,true,,UPDATE,13363
TC-00013620,trabajador,Zona 11,true,,INSERT,15373
TC-00013622,estudiante,San Miguel Petapa,true,,UPDATE,518
TC-00013627,,,false,2026-06-04 20:52:00,DELETE,2759
TC-00013629,general,Zona 4,true,,UPDATE,29309
TC-00013636,trabajador,Zona 7,true,,INSERT,5052
TC-00013637,adulto_mayor,Zona 17,true,,UPDATE,9235
TC-00013638,adulto_mayor,Zona 1,false,2026-07-12 01:04:00,DELETE,28954
TC-00013641,,,false,2026-06-17 09:12:00,DELETE,11654
TC-00013642,adulto_mayor,Zona 9,true,,UPDATE,6092
TC-00013643,estudiante,Zona 17,true,,UPDATE,18919
TC-00013652,trabajador,Zona 17,true,,INSERT,16645
TC-00013653,general,Zona 8,true,,UPDATE,11537
TC-00013658,trabajador,Zona 10,true,,INSERT,14696
TC-00013660,trabajador,Zona 13,true,,INSERT,18131
TC-00013664,trabajador,Zona 10,true,,INSERT,27812
TC-00013666,adulto_mayor,Zona 12,true,,UPDATE,19835
TC-00013668,adulto_mayor,Zona 12,true,,UPDATE,18922
TC-00013670,general,Zona 13,true,,INSERT,15214
TC-00013671,adulto_mayor,Zona 18,true,,UPDATE,19753
TC-00013673,adulto_mayor,Villa Nueva,true,,UPDATE,12682
TC-00013682,adulto_mayor,Zona 12,true,,UPDATE,10126
TC-00013685,general,San Miguel Petapa,true,,UPDATE,30951
TC-00013687,trabajador,Zona 11,false,2026-06-20 22:05:00,DELETE,13735
TC-00013694,adulto_mayor,Zona 18,true,,INSERT,25045
TC-00013696,estudiante,Zona 12,true,,UPDATE,14963
TC-00013698,general,Zona 10,true,,UPDATE,26736
TC-00013700,estudiante,Santa Catarina Pinula,true,,UPDATE,25930
TC-00013701,trabajador,Villa Nueva,true,,INSERT,11902
TC-00013703,general,Zona 6,true,,UPDATE,22437
TC-00013705,general,Zona 18,true,,INSERT,25728
TC-00013707,trabajador,Mixco,true,,INSERT,7727
TC-00013708,,,false,2026-06-21 18:12:00,DELETE,14440
TC-00013710,trabajador,Mixco,true,,UPDATE,12070
TC-00013721,general,Zona 1,true,,UPDATE,3815
TC-00013722,general,Zona 17,true,,UPDATE,7465
TC-00013726,estudiante,Mixco,true,,UPDATE,21933
TC-00013727,general,Zona 11,true,,UPDATE,16236
TC-00013729,estudiante,San Miguel Petapa,true,,INSERT,16671
TC-00013735,,,false,2026-06-16 15:13:00,DELETE,10987
TC-00013737,trabajador,Zona 9,true,,UPDATE,28815
TC-00013740,general,Zona 17,true,,UPDATE,29372
TC-00013748,trabajador,Zona 12,false,2026-07-12 15:46:00,DELETE,28956
TC-00013751,trabajador,Zona 10,true,,INSERT,17296
TC-00013753,estudiante,Mixco,true,,UPDATE,18890
TC-00013756,trabajador,Zona 4,true,,INSERT,20924
TC-00013757,general,Zona 7,true,,UPDATE,30671
TC-00013759,estudiante,Zona 18,true,,UPDATE,10610
TC-00013773,estudiante,San Miguel Petapa,true,,UPDATE,26664
TC-00013777,estudiante,Zona 11,true,,INSERT,4351
TC-00013779,estudiante,Santa Catarina Pinula,true,,INSERT,17378
TC-00013781,estudiante,Zona 4,true,,UPDATE,5876
TC-00013785,trabajador,Zona 8,true,,INSERT,22913
TC-00013786,trabajador,Zona 7,true,,UPDATE,267
TC-00013787,trabajador,Zona 9,true,,INSERT,30455
TC-00013788,general,Zona 13,true,,UPDATE,5305
TC-00013789,estudiante,Zona 6,true,,INSERT,14039
TC-00013793,trabajador,Zona 10,true,,INSERT,11731
TC-00013798,general,Zona 13,true,,INSERT,226
TC-00013804,general,Mixco,true,,UPDATE,26524
TC-00013805,trabajador,Zona 9,true,,UPDATE,21649
TC-00013808,trabajador,Santa Catarina Pinula,false,2026-07-10 06:58:00,DELETE,27557
TC-00013811,adulto_mayor,Zona 10,true,,UPDATE,23986
TC-00013814,,,false,2026-07-09 01:05:00,DELETE,26893
TC-00013816,adulto_mayor,Santa Catarina Pinula,true,,UPDATE,13019
TC-00013823,adulto_mayor,Zona 6,true,,INSERT,2932
TC-00013825,general,Mixco,true,,UPDATE,26531
TC-00013827,general,Zona 9,true,,INSERT,27038
TC-00013838,adulto_mayor,Zona 10,false,2026-07-02 02:55:00,DELETE,22059
TC-00013839,estudiante,Zona 17,true,,INSERT,20186
TC-00013841,estudiante,Zona 18,true,,INSERT,11236
TC-00013856,trabajador,Santa Catarina Pinula,true,,INSERT,21444
TC-00013858,,,false,2026-06-28 17:06:00,DELETE,19289
TC-00013871,general,Zona 17,false,2026-06-28 08:17:00,DELETE,19247
TC-00013872,trabajador,Zona 6,true,,INSERT,29904
TC-00013873,adulto_mayor,Santa Catarina Pinula,true,,UPDATE,12223
TC-00013878,trabajador,Zona 1,true,,UPDATE,12214
TC-00013883,adulto_mayor,Zona 12,true,,UPDATE,24739
TC-00013886,general,Zona 11,true,,UPDATE,7961
TC-00013892,estudiante,Zona 4,true,,INSERT,3478
TC-00013895,general,Zona 17,true,,UPDATE,8746
TC-00013899,trabajador,Zona 4,true,,INSERT,27092
TC-00013901,adulto_mayor,Zona 8,true,,UPDATE,30167
TC-00013907,adulto_mayor,Zona 13,true,,UPDATE,11634
TC-00013930,general,Zona 17,true,,INSERT,5667
TC-00013931,general,Santa Catarina Pinula,true,,UPDATE,23917
TC-00013932,general,Zona 18,true,,UPDATE,10827
TC-00013934,adulto_mayor,Santa Catarina Pinula,true,,UPDATE,19032
TC-00013937,adulto_mayor,Zona 1,true,,UPDATE,25112
TC-00013940,adulto_mayor,Zona 13,true,,UPDATE,29403
TC-00013942,general,Mixco,true,,UPDATE,4452
TC-00013947,trabajador,Zona 1,true,,INSERT,3539
TC-00013948,,,false,2026-07-03 11:13:00,DELETE,22706
TC-00013955,,,false,2026-06-02 19:31:00,DELETE,1350
TC-00013956,,,false,2026-06-17 01:18:00,DELETE,11706
TC-00013960,estudiante,San Miguel Petapa,true,,UPDATE,25316
TC-00013962,trabajador,Zona 13,true,,INSERT,8367
TC-00013964,,,false,2026-06-13 21:39:00,DELETE,8964
TC-00013967,trabajador,Santa Catarina Pinula,true,,INSERT,21593
TC-00013969,trabajador,Zona 1,true,,INSERT,23560
TC-00013973,adulto_mayor,Zona 1,true,,UPDATE,17670
TC-00013976,estudiante,Zona 11,true,,INSERT,16057
TC-00013983,trabajador,Zona 8,false,2026-06-14 13:05:00,DELETE,9588
TC-00013989,,,false,2026-06-25 16:26:00,DELETE,17181
TC-00013991,trabajador,Zona 1,true,,INSERT,9720
TC-00013993,trabajador,Villa Nueva,true,,UPDATE,20541
TC-00013998,adulto_mayor,Zona 18,true,,UPDATE,14138
TC-00014000,adulto_mayor,Zona 8,true,,UPDATE,16859
TC-00014003,general,Zona 1,true,,UPDATE,3081
TC-00014004,,,false,2026-06-24 05:06:00,DELETE,16540
TC-00014005,trabajador,Mixco,true,,UPDATE,25355
TC-00014015,trabajador,Zona 6,true,,UPDATE,3780
TC-00014017,general,Zona 9,true,,UPDATE,2630
TC-00014019,general,Zona 11,true,,UPDATE,28172
TC-00014021,estudiante,Zona 18,true,,UPDATE,23192
TC-00014023,general,San Miguel Petapa,false,2026-07-07 02:14:00,DELETE,25507
TC-00014024,trabajador,Villa Nueva,true,,INSERT,14004
TC-00014027,estudiante,Zona 4,true,,UPDATE,12295
TC-00014031,adulto_mayor,Santa Catarina Pinula,true,,INSERT,25610
TC-00014033,trabajador,San Miguel Petapa,true,,INSERT,14621
TC-00014034,trabajador,Zona 9,true,,UPDATE,8132
TC-00014035,general,San Miguel Petapa,true,,UPDATE,25959
TC-00014043,adulto_mayor,San Miguel Petapa,true,,UPDATE,19622
TC-00014044,trabajador,San Miguel Petapa,true,,UPDATE,16341
TC-00014046,adulto_mayor,Zona 10,true,,UPDATE,17083
TC-00014047,trabajador,Zona 7,true,,INSERT,27665
TC-00014049,adulto_mayor,Santa Catarina Pinula,true,,UPDATE,13568
TC-00014051,estudiante,Zona 6,true,,INSERT,16753
TC-00014052,general,Mixco,true,,UPDATE,21673
TC-00014053,estudiante,Santa Catarina Pinula,true,,UPDATE,26490
TC-00014056,trabajador,Zona 18,true,,INSERT,23546
TC-00014058,general,Zona 4,true,,UPDATE,4568
TC-00014062,,,false,2026-06-07 17:10:00,DELETE,4746
TC-00014065,general,San Miguel Petapa,true,,INSERT,26950
TC-00014073,estudiante,Zona 6,true,,UPDATE,19089
TC-00014076,estudiante,Zona 18,true,,UPDATE,1007
TC-00014077,adulto_mayor,Zona 13,true,,INSERT,883
TC-00014079,trabajador,San Miguel Petapa,true,,INSERT,23010
TC-00014083,,,false,2026-06-21 10:02:00,DELETE,14430
TC-00014085,trabajador,Zona 11,false,2026-06-24 00:24:00,DELETE,16528
TC-00014089,trabajador,San Miguel Petapa,true,,UPDATE,12790
TC-00014091,estudiante,Zona 1,true,,UPDATE,12803
TC-00014092,,,false,2026-07-12 02:00:00,DELETE,28898
TC-00014093,trabajador,Zona 8,true,,INSERT,28992
TC-00014099,general,Zona 9,true,,UPDATE,9476
TC-00014101,trabajador,San Miguel Petapa,true,,INSERT,27674
TC-00014106,estudiante,San Miguel Petapa,true,,UPDATE,28187
TC-00014107,adulto_mayor,Zona 10,true,,UPDATE,23806
TC-00014113,general,Zona 18,true,,INSERT,30447
TC-00014115,trabajador,Santa Catarina Pinula,true,,UPDATE,16879
TC-00014119,general,Mixco,true,,INSERT,1537
TC-00014126,,,false,2026-06-06 11:40:00,DELETE,4083
TC-00014127,general,Santa Catarina Pinula,true,,INSERT,6323
TC-00014128,estudiante,Zona 8,true,,UPDATE,20961
TC-00014130,,,false,2026-06-25 16:18:00,DELETE,17229
TC-00014134,general,Zona 17,true,,UPDATE,26682
TC-00014137,trabajador,Zona 7,true,,UPDATE,13564
TC-00014139,estudiante,Mixco,true,,INSERT,26954
TC-00014144,trabajador,Zona 9,true,,INSERT,3458
TC-00014147,general,Zona 12,true,,UPDATE,2312
TC-00014148,estudiante,Zona 6,true,,UPDATE,23784
TC-00014150,,,false,2026-07-04 11:02:00,DELETE,23381
TC-00014156,trabajador,Villa Nueva,true,,UPDATE,13681
TC-00014160,adulto_mayor,Zona 12,true,,UPDATE,9382
TC-00014162,general,Zona 13,true,,INSERT,4207
TC-00014164,adulto_mayor,San Miguel Petapa,true,,UPDATE,15499
TC-00014167,general,Zona 9,true,,UPDATE,25881
TC-00014173,adulto_mayor,Zona 17,true,,UPDATE,25927
TC-00014174,estudiante,Zona 12,true,,UPDATE,18256
TC-00014182,estudiante,Santa Catarina Pinula,true,,UPDATE,456
TC-00014183,trabajador,San Miguel Petapa,true,,INSERT,25558
TC-00014189,estudiante,Santa Catarina Pinula,true,,UPDATE,4545
TC-00014193,adulto_mayor,Villa Nueva,true,,UPDATE,7922
TC-00014194,estudiante,Zona 10,true,,INSERT,2842
TC-00014195,estudiante,Santa Catarina Pinula,true,,INSERT,9892
TC-00014200,estudiante,Zona 4,false,2026-06-18 02:41:00,DELETE,12357
TC-00014204,,,false,2026-07-15 12:44:00,DELETE,30990
TC-00014205,trabajador,Zona 8,true,,INSERT,22110
TC-00014206,estudiante,Zona 9,true,,INSERT,9783
TC-00014210,trabajador,Zona 12,true,,UPDATE,557
TC-00014214,trabajador,Villa Nueva,true,,UPDATE,19130
TC-00014215,trabajador,Villa Nueva,true,,INSERT,26963
TC-00014216,trabajador,Zona 1,true,,UPDATE,21841
TC-00014228,,,false,2026-07-06 17:34:00,DELETE,24802
TC-00014229,trabajador,Mixco,true,,INSERT,5053
TC-00014240,,,false,2026-07-08 11:47:00,DELETE,26173
TC-00014243,adulto_mayor,Zona 17,true,,UPDATE,14339
TC-00014249,general,Zona 9,true,,UPDATE,24396
TC-00014253,general,Zona 8,true,,UPDATE,26504
TC-00014256,general,Zona 7,true,,UPDATE,10195
TC-00014267,,,false,2026-06-26 05:20:00,DELETE,17912
TC-00014268,general,Zona 4,true,,UPDATE,6563
TC-00014269,,,false,2026-06-07 11:07:00,DELETE,4767
TC-00014271,adulto_mayor,Mixco,true,,UPDATE,18316
TC-00014275,trabajador,Zona 6,true,,INSERT,26357
TC-00014276,adulto_mayor,Zona 6,true,,UPDATE,23341
TC-00014277,general,Zona 18,true,,INSERT,26391
TC-00014286,estudiante,Zona 9,true,,INSERT,13990
TC-00014289,estudiante,Zona 12,true,,UPDATE,4686
TC-00014290,trabajador,Mixco,true,,UPDATE,28861
TC-00014293,general,Zona 8,false,2026-07-14 01:41:00,DELETE,30295
TC-00014296,general,Zona 13,true,,UPDATE,7845
TC-00014297,trabajador,Villa Nueva,true,,INSERT,207
TC-00014298,trabajador,Santa Catarina Pinula,true,,INSERT,20050
TC-00014301,trabajador,Zona 10,true,,UPDATE,10802
TC-00014302,adulto_mayor,Mixco,true,,INSERT,28404
TC-00014303,general,Zona 7,true,,INSERT,24197
TC-00014306,general,Santa Catarina Pinula,true,,UPDATE,6655
TC-00014313,estudiante,Zona 12,true,,UPDATE,18461
TC-00014315,general,Zona 7,true,,UPDATE,12935
TC-00014319,general,San Miguel Petapa,true,,INSERT,6911
TC-00014321,,,false,2026-06-24 22:24:00,DELETE,16547
TC-00014322,trabajador,Zona 12,true,,UPDATE,15657
TC-00014332,,,false,2026-07-01 03:05:00,DELETE,21346
TC-00014335,estudiante,Zona 4,true,,UPDATE,8062
TC-00014338,general,Zona 1,true,,UPDATE,9969
TC-00014343,,,false,2026-07-07 21:36:00,DELETE,25486
TC-00014348,,,false,2026-06-05 04:17:00,DELETE,3427
TC-00014352,trabajador,Zona 7,true,,INSERT,7800
TC-00014354,trabajador,Mixco,true,,INSERT,25727
TC-00014355,estudiante,San Miguel Petapa,true,,UPDATE,30663
TC-00014361,estudiante,Zona 18,false,2026-07-07 06:32:00,DELETE,25462
TC-00014362,adulto_mayor,Zona 13,true,,UPDATE,12002
TC-00014363,trabajador,Zona 9,true,,INSERT,21400
TC-00014377,trabajador,Zona 1,false,2026-06-29 04:04:00,DELETE,19978
TC-00014380,estudiante,Santa Catarina Pinula,true,,UPDATE,30785
TC-00014382,estudiante,Zona 7,true,,INSERT,26247
TC-00014386,general,Zona 4,true,,UPDATE,364
TC-00014390,,,false,2026-06-25 20:32:00,DELETE,17188
TC-00014400,trabajador,Zona 4,false,2026-07-15 01:29:00,DELETE,31023
TC-00014402,trabajador,Zona 6,true,,UPDATE,27349
TC-00014403,adulto_mayor,Zona 1,true,,UPDATE,25093
TC-00014408,trabajador,Zona 1,true,,INSERT,25585
TC-00014409,estudiante,Zona 13,true,,UPDATE,9413
TC-00014411,,,false,2026-06-22 21:45:00,DELETE,15157
TC-00014415,trabajador,Zona 12,true,,UPDATE,530
TC-00014417,general,Zona 9,true,,UPDATE,15673
TC-00014419,adulto_mayor,Zona 9,true,,UPDATE,30239
TC-00014420,estudiante,Villa Nueva,true,,UPDATE,20442
TC-00014429,,,false,2026-06-17 04:00:00,DELETE,11690
TC-00014431,trabajador,Zona 8,true,,INSERT,13247
TC-00014433,trabajador,Zona 13,true,,UPDATE,8724
TC-00014436,trabajador,Villa Nueva,true,,UPDATE,28620
TC-00014437,,,false,2026-06-08 16:30:00,DELETE,5491
TC-00014441,adulto_mayor,Zona 7,true,,INSERT,16725
TC-00014444,general,Zona 1,true,,UPDATE,7891
TC-00014447,adulto_mayor,Zona 1,true,,UPDATE,24500
TC-00014455,general,Zona 13,true,,UPDATE,29515
TC-00014456,trabajador,Zona 17,true,,UPDATE,15075
TC-00014459,,,false,2026-06-15 03:20:00,DELETE,10350
TC-00014463,adulto_mayor,Zona 17,true,,UPDATE,5396
TC-00014465,trabajador,Zona 4,true,,UPDATE,26714
TC-00014466,estudiante,Zona 13,true,,UPDATE,7312
TC-00014467,estudiante,Villa Nueva,true,,UPDATE,30677
TC-00014472,adulto_mayor,Zona 13,false,2026-07-09 12:29:00,DELETE,26909
TC-00014479,estudiante,Zona 13,true,,UPDATE,9535
TC-00014480,general,Zona 8,true,,INSERT,21558
TC-00014488,trabajador,Villa Nueva,true,,INSERT,12610
TC-00014493,estudiante,Mixco,true,,UPDATE,10906
TC-00014494,general,Zona 10,true,,UPDATE,27446
TC-00014499,estudiante,Zona 13,true,,INSERT,15944
TC-00014505,adulto_mayor,Zona 17,true,,UPDATE,29566
TC-00014507,estudiante,Zona 8,true,,INSERT,27034
TC-00014508,adulto_mayor,Zona 8,true,,UPDATE,17093
TC-00014509,trabajador,Zona 11,true,,INSERT,22882
TC-00014510,,,false,2026-06-21 12:00:00,DELETE,14418
TC-00014513,adulto_mayor,Zona 9,true,,UPDATE,18925
TC-00014521,general,Zona 9,true,,UPDATE,20498
TC-00014527,trabajador,Santa Catarina Pinula,true,,UPDATE,9314
TC-00014528,general,Zona 13,true,,UPDATE,30804
TC-00014536,trabajador,Zona 6,true,,INSERT,7738
TC-00014537,general,Zona 8,true,,INSERT,27068
TC-00014543,,,false,2026-06-04 06:39:00,DELETE,2746
TC-00014549,trabajador,Zona 4,true,,INSERT,15393
TC-00014550,general,Zona 13,true,,UPDATE,14063
TC-00014554,estudiante,Zona 6,true,,INSERT,7734
TC-00014559,general,Villa Nueva,true,,UPDATE,17692
TC-00014560,estudiante,Zona 1,true,,UPDATE,8001
TC-00014563,estudiante,Zona 18,true,,UPDATE,14896
TC-00014564,estudiante,Zona 4,true,,INSERT,10499
TC-00014569,general,San Miguel Petapa,true,,INSERT,17956
TC-00014576,trabajador,Zona 12,true,,UPDATE,9364
TC-00014579,general,Zona 18,true,,UPDATE,17105
TC-00014587,,,false,2026-06-07 13:16:00,DELETE,4814
TC-00014588,trabajador,Zona 9,false,2026-07-07 03:43:00,DELETE,25513
TC-00014592,estudiante,Santa Catarina Pinula,true,,UPDATE,406
TC-00014595,trabajador,Zona 4,true,,INSERT,8307
TC-00014599,adulto_mayor,Zona 12,true,,UPDATE,30128
TC-00014601,trabajador,Villa Nueva,true,,INSERT,16601
TC-00014604,estudiante,Zona 13,true,,UPDATE,10201
TC-00014605,general,Zona 1,true,,UPDATE,21798
TC-00014606,,,false,2026-06-02 12:25:00,DELETE,1304
TC-00014608,adulto_mayor,Zona 4,true,,INSERT,9006
TC-00014610,estudiante,Zona 11,true,,UPDATE,28145
TC-00014617,estudiante,Zona 18,true,,UPDATE,30953
TC-00014621,general,Zona 11,true,,INSERT,9181
TC-00014624,general,Zona 9,true,,UPDATE,17787
TC-00014626,trabajador,Zona 8,true,,UPDATE,5210
TC-00014627,,,false,2026-07-01 05:15:00,DELETE,21307
TC-00014637,general,Zona 7,true,,UPDATE,12220
TC-00014638,estudiante,Zona 12,false,2026-07-10 09:24:00,DELETE,27592
TC-00014641,adulto_mayor,Zona 9,true,,UPDATE,15039
TC-00014642,trabajador,Mixco,true,,INSERT,22229
TC-00014646,adulto_mayor,Zona 4,true,,UPDATE,5793
TC-00014651,,,false,2026-06-02 13:41:00,DELETE,1312
TC-00014659,adulto_mayor,Zona 8,true,,UPDATE,12196
TC-00014664,trabajador,Zona 10,true,,INSERT,15972
TC-00014666,trabajador,Zona 17,true,,INSERT,219
TC-00014669,estudiante,Santa Catarina Pinula,true,,UPDATE,24518
TC-00014672,,,false,2026-06-10 11:46:00,DELETE,6835
TC-00014673,general,Santa Catarina Pinula,true,,INSERT,25651
TC-00014674,trabajador,Zona 10,true,,INSERT,22199
TC-00014682,estudiante,Zona 4,true,,INSERT,11126
TC-00014683,general,Zona 9,true,,INSERT,18651
TC-00014689,trabajador,Zona 17,true,,INSERT,13874
TC-00014691,general,Zona 11,true,,UPDATE,30680
TC-00014694,,,false,2026-07-03 12:17:00,DELETE,22767
TC-00014695,estudiante,Zona 6,true,,UPDATE,28185
TC-00014697,trabajador,Zona 8,true,,INSERT,14643
TC-00014699,adulto_mayor,Zona 18,false,2026-07-02 10:55:00,DELETE,22039
TC-00014703,,,false,2026-07-11 03:50:00,DELETE,28211
TC-00014713,,,false,2026-07-01 08:32:00,DELETE,21349
TC-00014716,estudiante,Mixco,true,,UPDATE,27202
TC-00014718,general,Zona 8,true,,UPDATE,13503
TC-00014724,general,Mixco,true,,UPDATE,7199
TC-00014730,trabajador,San Miguel Petapa,false,2026-07-02 10:31:00,DELETE,22022
TC-00014734,estudiante,Zona 4,true,,UPDATE,13526
TC-00014736,general,Zona 10,true,,INSERT,20141
TC-00014737,general,Santa Catarina Pinula,true,,INSERT,7830
TC-00014740,trabajador,Zona 11,true,,INSERT,9075
TC-00014741,trabajador,Mixco,false,2026-06-20 18:00:00,DELETE,13796
TC-00014742,estudiante,San Miguel Petapa,true,,UPDATE,30874
TC-00014749,estudiante,Zona 9,true,,UPDATE,23072
TC-00014751,general,Zona 11,true,,UPDATE,3709
TC-00014757,trabajador,Zona 9,true,,UPDATE,23993
TC-00014759,general,Zona 11,true,,INSERT,27657
TC-00014762,general,Zona 8,true,,INSERT,11138
TC-00014763,adulto_mayor,Villa Nueva,true,,UPDATE,27907
TC-00014764,estudiante,Zona 9,true,,UPDATE,10194
TC-00014765,trabajador,Mixco,true,,UPDATE,13594
TC-00014768,trabajador,Zona 17,true,,UPDATE,19175
TC-00014779,estudiante,Zona 17,true,,INSERT,18718
TC-00014785,trabajador,Zona 7,true,,UPDATE,2405
TC-00014788,adulto_mayor,Zona 11,true,,INSERT,12608
TC-00014791,adulto_mayor,Zona 13,true,,UPDATE,5287
TC-00014794,general,Zona 4,true,,INSERT,10506
TC-00014798,,,false,2026-06-26 15:01:00,DELETE,17882
TC-00014802,adulto_mayor,Zona 7,true,,UPDATE,19185
TC-00014813,general,Zona 6,true,,INSERT,24171
TC-00014816,trabajador,Zona 4,true,,INSERT,882
TC-00014821,trabajador,Zona 13,true,,INSERT,15262
TC-00014825,general,Zona 4,true,,INSERT,1588
TC-00014829,adulto_mayor,Zona 4,true,,INSERT,29767
TC-00014831,,,false,2026-06-02 07:59:00,DELETE,1355
TC-00014834,estudiante,Santa Catarina Pinula,true,,UPDATE,8759
TC-00014837,trabajador,Zona 4,false,2026-06-19 05:02:00,DELETE,13084
TC-00014839,trabajador,Zona 17,true,,INSERT,22127
TC-00014843,trabajador,Zona 18,true,,UPDATE,1849
TC-00014846,general,San Miguel Petapa,true,,UPDATE,17549
TC-00014850,estudiante,Villa Nueva,true,,UPDATE,30005
TC-00014853,estudiante,Zona 7,true,,INSERT,25596
TC-00014862,general,Mixco,true,,INSERT,15383
TC-00014864,trabajador,Zona 11,true,,INSERT,20218
TC-00014873,,,false,2026-06-14 11:45:00,DELETE,9618
TC-00014876,adulto_mayor,Zona 17,true,,UPDATE,30631
TC-00014880,,,false,2026-07-09 16:59:00,DELETE,26856
TC-00014886,estudiante,Zona 11,true,,UPDATE,5284
TC-00014893,estudiante,Zona 4,true,,INSERT,17416
TC-00014902,adulto_mayor,Zona 10,true,,UPDATE,23264
TC-00014903,estudiante,Zona 1,true,,UPDATE,938
TC-00014905,trabajador,Mixco,true,,INSERT,3575
TC-00014906,trabajador,Zona 7,true,,INSERT,27698
TC-00014909,adulto_mayor,Zona 11,true,,INSERT,9771
TC-00014917,estudiante,Zona 9,false,2026-07-02 09:01:00,DELETE,21992
TC-00014918,estudiante,Zona 13,true,,INSERT,4868
TC-00014919,trabajador,Zona 8,true,,INSERT,3596
TC-00014921,adulto_mayor,Mixco,true,,UPDATE,19156
TC-00014922,estudiante,Zona 1,true,,UPDATE,4739
TC-00014925,trabajador,Zona 10,true,,UPDATE,24039
TC-00014927,trabajador,San Miguel Petapa,true,,INSERT,29690
TC-00014929,estudiante,Zona 1,true,,UPDATE,1848
TC-00014935,trabajador,Mixco,true,,INSERT,20064
TC-00014936,estudiante,Villa Nueva,true,,INSERT,7613
TC-00014941,estudiante,Zona 9,true,,UPDATE,28085
TC-00014946,general,Zona 8,true,,INSERT,185
TC-00014948,,,false,2026-06-04 00:04:00,DELETE,2720
TC-00014950,general,Zona 11,true,,UPDATE,1207
TC-00014952,trabajador,Zona 11,true,,INSERT,6916
TC-00014953,trabajador,Zona 1,true,,UPDATE,14245
TC-00014964,trabajador,Santa Catarina Pinula,true,,INSERT,25672
TC-00014968,adulto_mayor,Mixco,true,,UPDATE,30191
TC-00014971,trabajador,Zona 9,true,,UPDATE,30701
TC-00014972,estudiante,Zona 18,true,,UPDATE,1880
TC-00014973,general,Zona 13,true,,INSERT,20736
TC-00014974,adulto_mayor,Mixco,true,,UPDATE,3324
TC-00014976,estudiante,Zona 8,true,,UPDATE,25980
TC-00014984,trabajador,Villa Nueva,true,,INSERT,29159
TC-00014985,general,Zona 9,true,,UPDATE,10068
TC-00014989,estudiante,Zona 6,true,,UPDATE,5188
TC-00014991,trabajador,Villa Nueva,true,,UPDATE,25133
TC-00014995,trabajador,Zona 10,false,2026-06-24 23:11:00,DELETE,16482
TC-00015001,general,Zona 1,true,,UPDATE,21203
TC-00015021,general,Zona 8,true,,INSERT,16063
TC-00015022,,,false,2026-06-29 08:52:00,DELETE,19932
TC-00015029,trabajador,Zona 7,true,,INSERT,29692
TC-00015030,general,Zona 7,true,,UPDATE,23952
TC-00015031,estudiante,Zona 6,true,,INSERT,23635
TC-00015035,trabajador,Zona 11,true,,INSERT,20822
TC-00015038,general,Zona 11,true,,UPDATE,3696
TC-00015041,adulto_mayor,Villa Nueva,true,,UPDATE,28825
TC-00015042,trabajador,Zona 12,true,,UPDATE,14066
TC-00015043,trabajador,Villa Nueva,true,,INSERT,30415
TC-00015046,trabajador,Zona 18,true,,UPDATE,21721
TC-00015048,estudiante,Zona 12,true,,UPDATE,6644
TC-00015049,general,San Miguel Petapa,true,,UPDATE,9283
TC-00015054,trabajador,Zona 6,true,,INSERT,20184
TC-00015059,adulto_mayor,Zona 10,true,,UPDATE,16430
TC-00015060,adulto_mayor,Zona 9,true,,UPDATE,17775
TC-00015064,general,Santa Catarina Pinula,true,,UPDATE,12873
TC-00015075,trabajador,Zona 1,true,,INSERT,16034
TC-00015081,,,false,2026-06-04 21:00:00,DELETE,2671
TC-00015085,adulto_mayor,Zona 8,true,,UPDATE,1240
TC-00015086,general,Zona 11,true,,INSERT,19535
TC-00015089,trabajador,Zona 18,true,,INSERT,25623
TC-00015090,estudiante,San Miguel Petapa,true,,UPDATE,29365
TC-00015093,trabajador,Santa Catarina Pinula,true,,UPDATE,23098
TC-00015098,general,Zona 17,true,,UPDATE,989
TC-00015099,trabajador,Zona 18,true,,INSERT,9193
TC-00015100,trabajador,Zona 10,true,,UPDATE,29959
TC-00015102,trabajador,Zona 18,true,,INSERT,15243
TC-00015104,,,false,2026-06-08 21:25:00,DELETE,5464
TC-00015105,trabajador,Villa Nueva,true,,UPDATE,452
TC-00015117,adulto_mayor,Zona 8,true,,UPDATE,12189
TC-00015128,adulto_mayor,Mixco,true,,UPDATE,22438
TC-00015130,,,false,2026-06-03 22:53:00,DELETE,2063
TC-00015133,general,Zona 1,true,,UPDATE,26474
TC-00015138,general,Zona 8,true,,UPDATE,16900
TC-00015144,trabajador,Zona 1,true,,INSERT,4953
TC-00015150,trabajador,Mixco,true,,INSERT,14548
TC-00015151,general,Santa Catarina Pinula,true,,INSERT,145
TC-00015152,estudiante,Zona 4,true,,UPDATE,1977
TC-00015156,estudiante,Zona 11,true,,UPDATE,23291
TC-00015157,trabajador,Mixco,true,,UPDATE,30901
TC-00015164,,,false,2026-06-12 21:39:00,DELETE,8271
TC-00015166,adulto_mayor,Zona 4,true,,UPDATE,27187
TC-00015173,trabajador,San Miguel Petapa,true,,INSERT,29706
TC-00015174,trabajador,Zona 6,true,,UPDATE,29281
TC-00015177,adulto_mayor,Zona 17,true,,UPDATE,9303
TC-00015178,estudiante,Santa Catarina Pinula,true,,UPDATE,7292
TC-00015202,trabajador,Zona 4,true,,UPDATE,26500
TC-00015204,,,false,2026-06-03 22:58:00,DELETE,2001
TC-00015207,general,Zona 18,true,,UPDATE,25921
TC-00015209,estudiante,Zona 9,true,,UPDATE,11408
TC-00015211,trabajador,Zona 8,true,,INSERT,7003
TC-00015212,trabajador,Santa Catarina Pinula,true,,UPDATE,17046
TC-00015214,trabajador,Zona 13,true,,INSERT,23613
TC-00015218,trabajador,Zona 13,true,,INSERT,20062
TC-00015221,adulto_mayor,Zona 4,true,,UPDATE,23734
TC-00015222,,,false,2026-07-10 23:21:00,DELETE,27547
TC-00015224,trabajador,San Miguel Petapa,true,,UPDATE,17140
TC-00015226,,,false,2026-07-07 11:01:00,DELETE,25509
TC-00015231,adulto_mayor,Zona 13,true,,UPDATE,27365
TC-00015235,estudiante,Mixco,true,,UPDATE,7909
TC-00015257,trabajador,Zona 7,true,,INSERT,9136
TC-00015258,adulto_mayor,Zona 6,true,,UPDATE,22342
TC-00015262,trabajador,Zona 9,true,,UPDATE,17789
TC-00015263,estudiante,Zona 6,true,,INSERT,29138
TC-00015265,estudiante,Zona 10,true,,UPDATE,25815
TC-00015266,adulto_mayor,Zona 6,true,,UPDATE,16894
TC-00015267,general,Villa Nueva,true,,UPDATE,8184
TC-00015270,adulto_mayor,Zona 10,true,,UPDATE,20277
TC-00015271,trabajador,Zona 4,true,,INSERT,14565
TC-00015274,adulto_mayor,Villa Nueva,true,,UPDATE,8170
TC-00015280,adulto_mayor,Santa Catarina Pinula,true,,UPDATE,13695
TC-00015283,trabajador,Zona 8,true,,INSERT,18756
TC-00015284,trabajador,Zona 7,true,,UPDATE,3285
TC-00015285,trabajador,Zona 11,true,,INSERT,7676
TC-00015289,general,Zona 4,true,,UPDATE,15629
TC-00015290,general,Zona 18,true,,UPDATE,28681
TC-00015291,trabajador,San Miguel Petapa,true,,UPDATE,15698
TC-00015292,estudiante,Zona 6,true,,INSERT,29068
TC-00015309,,,false,2026-06-12 00:07:00,DELETE,8249
TC-00015315,adulto_mayor,Zona 8,true,,UPDATE,6519
TC-00015316,general,Santa Catarina Pinula,true,,UPDATE,3072
TC-00015318,trabajador,Zona 18,true,,INSERT,9030
TC-00015319,adulto_mayor,Mixco,true,,UPDATE,17075
TC-00015322,trabajador,Zona 18,true,,INSERT,27040
TC-00015323,estudiante,Zona 13,true,,INSERT,2250
TC-00015326,estudiante,Zona 7,true,,UPDATE,23142
TC-00015330,estudiante,Zona 12,true,,UPDATE,21973
TC-00015335,,,false,2026-06-24 19:44:00,DELETE,16552
TC-00015342,,,false,2026-06-23 07:13:00,DELETE,15808
TC-00015343,general,Santa Catarina Pinula,true,,INSERT,24909
TC-00015344,adulto_mayor,Zona 4,true,,UPDATE,27888
TC-00015346,,,false,2026-07-15 04:11:00,DELETE,30963
TC-00015351,,,false,2026-07-03 00:02:00,DELETE,22711
TC-00015354,estudiante,Zona 11,true,,INSERT,19473
TC-00015366,estudiante,Zona 8,true,,UPDATE,17003
TC-00015367,estudiante,Zona 13,true,,UPDATE,18288
TC-00015368,general,Zona 1,true,,UPDATE,7847
TC-00015371,,,false,2026-07-13 20:52:00,DELETE,29652
TC-00015374,estudiante,Zona 6,true,,UPDATE,21692
TC-00015376,adulto_mayor,Zona 18,true,,INSERT,29851
TC-00015379,,,false,2026-06-29 02:59:00,DELETE,19971
TC-00015382,general,Zona 4,true,,UPDATE,10747
TC-00015383,estudiante,Zona 17,true,,INSERT,13246
TC-00015385,trabajador,Zona 6,true,,INSERT,14505
TC-00015386,,,false,2026-06-07 19:31:00,DELETE,4780
TC-00015387,general,Zona 9,true,,UPDATE,15568
TC-00015388,estudiante,Zona 13,true,,UPDATE,2359
TC-00015398,general,Zona 11,true,,UPDATE,12067
TC-00015401,trabajador,Zona 12,true,,INSERT,11064
TC-00015406,adulto_mayor,Zona 9,true,,UPDATE,21937
TC-00015411,estudiante,Zona 7,true,,INSERT,11949
TC-00015414,general,Zona 9,true,,UPDATE,10728
TC-00015420,trabajador,Zona 9,true,,INSERT,15325
TC-00015423,,,false,2026-07-05 12:35:00,DELETE,24078
TC-00015425,,,false,2026-07-01 05:34:00,DELETE,21313
TC-00015426,estudiante,Zona 18,true,,UPDATE,23171
TC-00015435,trabajador,Santa Catarina Pinula,true,,INSERT,25027
TC-00015438,trabajador,Zona 1,true,,UPDATE,24589
TC-00015441,trabajador,Mixco,true,,UPDATE,16274
TC-00015443,estudiante,San Miguel Petapa,true,,INSERT,13239
TC-00015444,estudiante,Zona 17,true,,INSERT,19361
TC-00015448,adulto_mayor,Zona 18,true,,UPDATE,27335
TC-00015449,general,Zona 7,true,,UPDATE,5849
TC-00015450,,,false,2026-06-02 17:48:00,DELETE,1317
TC-00015454,,,false,2026-06-02 18:27:00,DELETE,1367
TC-00015456,adulto_mayor,Zona 7,true,,INSERT,22270
TC-00015459,trabajador,Santa Catarina Pinula,true,,UPDATE,12953
TC-00015460,trabajador,Zona 6,true,,INSERT,13127
TC-00015468,estudiante,Villa Nueva,true,,UPDATE,581
TC-00015472,general,Zona 7,true,,UPDATE,14364
TC-00015473,adulto_mayor,Zona 8,true,,UPDATE,17107
TC-00015475,,,false,2026-07-04 11:57:00,DELETE,23448
TC-00015476,estudiante,Zona 17,true,,UPDATE,2375
TC-00015478,general,Zona 1,true,,UPDATE,22625
TC-00015479,trabajador,Zona 9,true,,INSERT,1444
TC-00015480,general,Mixco,true,,UPDATE,22640
TC-00015481,adulto_mayor,Zona 11,true,,UPDATE,19574
TC-00015493,estudiante,Zona 12,true,,UPDATE,990
TC-00015497,general,Zona 11,true,,UPDATE,22412
TC-00015499,general,Zona 1,true,,UPDATE,26626
TC-00015500,trabajador,Zona 10,true,,INSERT,19413
TC-00015501,trabajador,San Miguel Petapa,true,,INSERT,3624
TC-00015502,,,false,2026-06-12 05:51:00,DELETE,8265
TC-00015503,estudiante,Zona 7,true,,UPDATE,25185
TC-00015506,general,Zona 9,true,,INSERT,26452
TC-00015518,adulto_mayor,Villa Nueva,true,,UPDATE,12697
TC-00015522,adulto_mayor,Zona 9,true,,UPDATE,16909
TC-00015528,trabajador,Zona 1,true,,UPDATE,24528
TC-00015532,trabajador,Mixco,true,,INSERT,29145
TC-00015534,trabajador,Zona 4,true,,INSERT,182
TC-00015538,adulto_mayor,Zona 1,true,,UPDATE,11565
TC-00015539,trabajador,Zona 9,true,,UPDATE,23316
TC-00015540,trabajador,Zona 1,true,,UPDATE,26527
TC-00015542,trabajador,Zona 11,true,,INSERT,30454
TC-00015543,trabajador,San Miguel Petapa,true,,UPDATE,28807
TC-00015544,trabajador,Zona 12,true,,INSERT,14595
TC-00015550,,,false,2026-06-21 14:06:00,DELETE,14406
TC-00015553,,,false,2026-06-14 12:40:00,DELETE,9571
TC-00015554,,,false,2026-06-20 03:19:00,DELETE,13744
TC-00015555,trabajador,Zona 10,true,,INSERT,11148
TC-00015556,trabajador,Zona 10,true,,INSERT,2963
TC-00015557,estudiante,Zona 18,true,,UPDATE,18301
TC-00015558,trabajador,Zona 6,true,,UPDATE,1129
TC-00015559,adulto_mayor,Zona 12,true,,UPDATE,12971
TC-00015561,trabajador,Zona 4,true,,INSERT,28334
TC-00015567,trabajador,Zona 1,true,,INSERT,862
TC-00015569,trabajador,Zona 7,true,,INSERT,22810
TC-00015573,general,Santa Catarina Pinula,true,,INSERT,29695
TC-00015587,trabajador,Zona 7,true,,INSERT,21579
TC-00015592,,,false,2026-06-06 00:42:00,DELETE,4123
TC-00015593,trabajador,Mixco,true,,UPDATE,24743
TC-00015597,adulto_mayor,Zona 1,true,,UPDATE,7309
TC-00015605,,,false,2026-06-07 22:20:00,DELETE,4793
TC-00015606,trabajador,San Miguel Petapa,true,,UPDATE,17812
TC-00015612,adulto_mayor,Zona 13,true,,UPDATE,391
TC-00015614,trabajador,Zona 13,true,,UPDATE,24666
TC-00015616,adulto_mayor,Zona 1,true,,UPDATE,403
TC-00015619,adulto_mayor,Zona 13,true,,UPDATE,8116
TC-00015626,adulto_mayor,Zona 10,true,,UPDATE,20978
TC-00015627,general,Zona 9,false,2026-06-28 14:37:00,DELETE,19292
TC-00015628,estudiante,Zona 17,true,,INSERT,24866
TC-00015629,general,Zona 18,true,,UPDATE,14057
TC-00015630,general,Zona 4,true,,INSERT,11052
TC-00015635,trabajador,Zona 18,true,,UPDATE,3960
TC-00015637,,,false,2026-06-09 10:44:00,DELETE,6124
TC-00015638,trabajador,Zona 13,true,,UPDATE,28057
TC-00015640,adulto_mayor,Zona 13,true,,UPDATE,11526
TC-00015645,general,Zona 17,true,,UPDATE,29226
TC-00015650,estudiante,San Miguel Petapa,true,,INSERT,20791
TC-00015656,,,false,2026-06-11 13:52:00,DELETE,7531
TC-00015658,trabajador,Santa Catarina Pinula,true,,INSERT,19354
TC-00015659,estudiante,Zona 11,true,,UPDATE,4508
TC-00015660,general,Zona 13,true,,UPDATE,30197
TC-00015668,trabajador,Mixco,true,,UPDATE,22518
TC-00015670,trabajador,Zona 17,false,2026-07-12 15:39:00,DELETE,28938
TC-00015672,trabajador,Zona 6,true,,UPDATE,20953
TC-00015673,estudiante,Zona 6,true,,UPDATE,20401
TC-00015674,,,false,2026-06-24 00:02:00,DELETE,16499
TC-00015676,trabajador,Zona 18,true,,INSERT,26977
TC-00015679,trabajador,Zona 4,true,,INSERT,13879
TC-00015685,trabajador,Zona 1,true,,INSERT,8468
TC-00015686,trabajador,Zona 6,true,,UPDATE,11624
TC-00015696,adulto_mayor,Zona 18,true,,INSERT,2923
TC-00015702,estudiante,Mixco,true,,INSERT,29773
TC-00015703,trabajador,Zona 18,true,,UPDATE,10897
TC-00015704,general,Zona 13,true,,UPDATE,442
TC-00015706,trabajador,Zona 7,true,,UPDATE,8090
TC-00015709,,,false,2026-07-14 08:51:00,DELETE,30321
TC-00015712,trabajador,Zona 4,true,,INSERT,7068
TC-00015725,general,Zona 18,true,,UPDATE,12892
TC-00015729,,,false,2026-06-22 05:20:00,DELETE,15119
TC-00015734,trabajador,Zona 9,true,,UPDATE,6110
TC-00015740,adulto_mayor,Zona 8,true,,UPDATE,23165
TC-00015748,trabajador,Zona 1,true,,INSERT,27139
TC-00015751,trabajador,Santa Catarina Pinula,true,,INSERT,15314
TC-00015759,trabajador,Zona 8,true,,INSERT,20922
TC-00015762,general,Zona 8,true,,UPDATE,22497
TC-00015767,general,Zona 9,true,,INSERT,29049
TC-00015772,estudiante,Zona 9,true,,UPDATE,5194
TC-00015773,trabajador,San Miguel Petapa,true,,INSERT,18050
TC-00015774,adulto_mayor,Mixco,true,,UPDATE,3803
TC-00015776,general,Zona 12,true,,UPDATE,25987
TC-00015779,general,Zona 10,true,,UPDATE,28596
TC-00015781,estudiante,Zona 4,true,,INSERT,21435
TC-00015783,estudiante,Zona 6,true,,UPDATE,16850
TC-00015784,adulto_mayor,Zona 12,true,,UPDATE,19120
TC-00015790,trabajador,Zona 10,false,2026-07-09 15:41:00,DELETE,26901
TC-00015792,trabajador,Zona 4,true,,INSERT,27799
TC-00015794,adulto_mayor,Santa Catarina Pinula,true,,UPDATE,26532
TC-00015797,adulto_mayor,Zona 12,true,,UPDATE,20495
TC-00015804,general,Mixco,true,,INSERT,16098
TC-00015805,estudiante,Zona 13,true,,UPDATE,12958
TC-00015807,estudiante,Zona 18,true,,UPDATE,22370
TC-00015818,general,Zona 4,true,,UPDATE,27954
TC-00015820,adulto_mayor,Zona 17,false,2026-06-27 12:37:00,DELETE,18577
TC-00015823,trabajador,Zona 10,true,,INSERT,14017
TC-00015833,general,Zona 7,true,,UPDATE,4625
TC-00015834,trabajador,Zona 13,true,,INSERT,30531
TC-00015836,general,Zona 7,true,,INSERT,22150
TC-00015843,estudiante,Mixco,true,,UPDATE,1669
TC-00015844,trabajador,Zona 17,true,,INSERT,30561
TC-00015845,adulto_mayor,Zona 1,true,,UPDATE,28736
TC-00015848,trabajador,Zona 12,true,,UPDATE,23901
TC-00015852,adulto_mayor,Zona 10,true,,UPDATE,7342
TC-00015854,general,Zona 9,false,2026-06-16 05:50:00,DELETE,10998
TC-00015855,trabajador,Zona 10,true,,UPDATE,3118
TC-00015857,adulto_mayor,Zona 6,true,,UPDATE,24467
TC-00015860,,,false,2026-06-06 12:20:00,DELETE,4055
TC-00015862,,,false,2026-06-20 18:20:00,DELETE,13789
TC-00015863,general,Mixco,true,,UPDATE,10673
TC-00015869,adulto_mayor,Zona 7,true,,UPDATE,29292
TC-00015870,general,Mixco,true,,UPDATE,6488
TC-00015874,general,Zona 10,true,,UPDATE,12251
TC-00015876,trabajador,Zona 4,true,,INSERT,24282
TC-00015879,adulto_mayor,Zona 6,true,,UPDATE,27908
TC-00015881,trabajador,Santa Catarina Pinula,false,2026-06-23 23:11:00,DELETE,15799
TC-00015882,general,Zona 12,true,,INSERT,27749
TC-00015884,general,Zona 13,true,,UPDATE,15710
TC-00015889,adulto_mayor,Zona 6,true,,INSERT,22772
TC-00015891,general,Zona 7,true,,UPDATE,23230
TC-00015892,trabajador,Zona 4,true,,INSERT,8993
TC-00015894,adulto_mayor,Zona 12,true,,UPDATE,8190
TC-00015897,estudiante,Zona 9,true,,INSERT,122
TC-00015898,estudiante,Zona 4,true,,UPDATE,24658
TC-00015899,trabajador,Zona 18,true,,UPDATE,29339
TC-00015903,adulto_mayor,Zona 11,true,,UPDATE,3746
TC-00015905,trabajador,Zona 1,true,,INSERT,5670
TC-00015909,adulto_mayor,Villa Nueva,true,,UPDATE,4726
TC-00015911,,,false,2026-06-29 10:15:00,DELETE,19962
TC-00015915,estudiante,Zona 4,true,,UPDATE,25333
TC-00015917,general,Zona 6,true,,INSERT,6914
TC-00015920,estudiante,Zona 7,true,,INSERT,22869
TC-00015933,estudiante,Zona 17,true,,INSERT,18127
TC-00015945,general,Zona 7,true,,UPDATE,30927
TC-00015948,adulto_mayor,Zona 12,true,,UPDATE,10935
TC-00015952,estudiante,Zona 7,true,,UPDATE,9269
TC-00015954,,,false,2026-06-27 18:13:00,DELETE,18621
TC-00015955,trabajador,Zona 11,true,,INSERT,29006
TC-00015956,trabajador,Zona 9,true,,INSERT,4144
TC-00015958,general,Villa Nueva,true,,UPDATE,15496
TC-00015960,general,Zona 11,true,,UPDATE,15757
TC-00015968,general,Zona 8,true,,INSERT,13906
TC-00015970,general,Villa Nueva,true,,INSERT,15953
TC-00015974,estudiante,Zona 18,true,,UPDATE,12118
TC-00015987,trabajador,Zona 11,true,,INSERT,21403
TC-00015989,trabajador,Zona 12,true,,INSERT,13179
TC-00015990,general,Zona 8,true,,INSERT,17317
TC-00015995,,,false,2026-07-06 03:54:00,DELETE,24796
TC-00015998,adulto_mayor,Zona 4,true,,INSERT,5646
TC-00016003,estudiante,Zona 10,true,,UPDATE,5985
TC-00016010,adulto_mayor,Zona 6,true,,UPDATE,16923
TC-00016013,trabajador,Zona 11,true,,INSERT,15357
TC-00016016,adulto_mayor,Zona 9,true,,UPDATE,21741
TC-00016022,trabajador,Zona 4,true,,UPDATE,408
TC-00016026,adulto_mayor,Zona 13,true,,UPDATE,20316
TC-00016031,general,San Miguel Petapa,true,,UPDATE,14167
TC-00016033,general,Zona 7,true,,INSERT,10439
TC-00016035,trabajador,Zona 12,true,,INSERT,12514
TC-00016037,estudiante,Zona 13,true,,UPDATE,5117
TC-00016039,trabajador,Zona 6,true,,UPDATE,7899
TC-00016041,,,false,2026-06-24 14:50:00,DELETE,16523
TC-00016055,trabajador,Zona 18,true,,UPDATE,21238
TC-00016056,estudiante,Zona 12,true,,UPDATE,9333
TC-00016061,,,false,2026-06-26 16:46:00,DELETE,17868
TC-00016063,trabajador,Zona 13,true,,INSERT,20724
TC-00016065,estudiante,Zona 10,true,,UPDATE,13700
TC-00016072,general,Zona 4,true,,UPDATE,9377
TC-00016079,,,false,2026-06-06 11:47:00,DELETE,4136
TC-00016086,general,Zona 8,true,,UPDATE,15090
TC-00016087,,,false,2026-07-11 16:29:00,DELETE,28280
TC-00016097,general,Mixco,true,,INSERT,20859
TC-00016102,estudiante,Zona 7,true,,UPDATE,19737
TC-00016103,adulto_mayor,Zona 13,true,,UPDATE,26470
TC-00016104,,,false,2026-07-15 00:53:00,DELETE,31035
TC-00016109,trabajador,Zona 4,true,,INSERT,29168
TC-00016114,trabajador,Zona 9,true,,UPDATE,28011
TC-00016117,trabajador,Zona 6,true,,INSERT,16790
TC-00016121,general,Zona 12,true,,UPDATE,7315
TC-00016123,general,Santa Catarina Pinula,true,,UPDATE,11512
TC-00016129,adulto_mayor,Zona 7,true,,UPDATE,959
TC-00016130,adulto_mayor,Zona 1,true,,UPDATE,18305
TC-00016131,trabajador,Zona 18,true,,INSERT,25038
TC-00016132,estudiante,Mixco,true,,UPDATE,15590
TC-00016137,adulto_mayor,Zona 11,true,,UPDATE,28856
TC-00016144,general,Zona 13,true,,INSERT,2287
TC-00016160,trabajador,Zona 9,true,,UPDATE,27303
TC-00016163,adulto_mayor,Zona 1,true,,UPDATE,14085
TC-00016164,adulto_mayor,Zona 17,true,,UPDATE,28532
TC-00016165,general,San Miguel Petapa,true,,UPDATE,12907
TC-00016166,estudiante,Villa Nueva,true,,INSERT,1577
TC-00016167,trabajador,Zona 7,true,,UPDATE,26721
TC-00016169,,,false,2026-06-10 09:24:00,DELETE,6874
TC-00016178,trabajador,Zona 1,true,,UPDATE,21802
TC-00016179,estudiante,Zona 13,true,,INSERT,7775
TC-00016180,adulto_mayor,Santa Catarina Pinula,true,,UPDATE,30820
TC-00016184,adulto_mayor,Zona 12,true,,UPDATE,21297
TC-00016194,,,false,2026-06-16 19:36:00,DELETE,10971
TC-00016197,trabajador,Santa Catarina Pinula,true,,UPDATE,29942
TC-00016198,,,false,2026-07-01 05:52:00,DELETE,21335
TC-00016199,trabajador,Zona 11,true,,INSERT,5653
TC-00016200,trabajador,Zona 18,true,,UPDATE,23935
TC-00016201,estudiante,Zona 1,true,,UPDATE,4541
TC-00016202,trabajador,Villa Nueva,true,,INSERT,18788
TC-00016209,trabajador,Zona 12,true,,INSERT,9012
TC-00016217,trabajador,Santa Catarina Pinula,true,,INSERT,4284
TC-00016220,trabajador,Zona 12,true,,INSERT,17287
TC-00016221,trabajador,Zona 12,true,,INSERT,25629
TC-00016222,general,San Miguel Petapa,true,,UPDATE,30253
TC-00016224,adulto_mayor,Villa Nueva,true,,INSERT,27024
TC-00016225,general,Zona 12,true,,INSERT,19350
TC-00016226,trabajador,Mixco,true,,UPDATE,15683
TC-00016227,,,false,2026-06-22 09:45:00,DELETE,15133
TC-00016230,trabajador,Mixco,true,,INSERT,13988
TC-00016231,trabajador,Zona 10,true,,INSERT,16758
TC-00016233,,,false,2026-07-10 03:18:00,DELETE,27586
TC-00016239,general,Zona 1,true,,UPDATE,5973
TC-00016240,,,false,2026-06-27 08:28:00,DELETE,18546
TC-00016243,adulto_mayor,San Miguel Petapa,true,,UPDATE,30175
TC-00016246,trabajador,Zona 11,true,,INSERT,16100
TC-00016247,adulto_mayor,Zona 1,true,,INSERT,23621
TC-00016251,adulto_mayor,Zona 12,true,,UPDATE,24422
TC-00016255,estudiante,Zona 4,true,,UPDATE,26559
TC-00016259,trabajador,San Miguel Petapa,true,,UPDATE,4034
TC-00016260,trabajador,San Miguel Petapa,true,,UPDATE,10045
TC-00016268,adulto_mayor,Villa Nueva,true,,UPDATE,10005
TC-00016269,trabajador,Villa Nueva,true,,INSERT,3520
TC-00016271,trabajador,Santa Catarina Pinula,true,,INSERT,4251
TC-00016272,trabajador,Zona 7,true,,UPDATE,3715
TC-00016273,trabajador,Zona 7,true,,UPDATE,515
TC-00016274,estudiante,Zona 1,true,,INSERT,15288
TC-00016277,estudiante,Zona 12,true,,UPDATE,6007
TC-00016281,trabajador,Villa Nueva,false,2026-07-13 08:53:00,DELETE,29634
TC-00016283,general,Mixco,true,,UPDATE,30630
TC-00016287,general,Zona 6,true,,UPDATE,22445
TC-00016293,trabajador,Zona 8,true,,UPDATE,7867
TC-00016298,general,Zona 11,true,,INSERT,18775
TC-00016300,trabajador,Villa Nueva,true,,UPDATE,5908
TC-00016301,adulto_mayor,Zona 18,true,,UPDATE,4498
TC-00016305,trabajador,San Miguel Petapa,true,,UPDATE,16158
TC-00016307,estudiante,Zona 8,true,,UPDATE,25396
TC-00016308,general,Zona 6,true,,UPDATE,30107
TC-00016311,estudiante,Mixco,true,,INSERT,3609
TC-00016313,estudiante,Zona 7,true,,UPDATE,5791
TC-00016316,trabajador,Villa Nueva,true,,UPDATE,23342
TC-00016318,trabajador,Zona 7,true,,INSERT,12626
TC-00016329,trabajador,Zona 18,true,,INSERT,3461
TC-00016330,adulto_mayor,Zona 1,true,,INSERT,17406
TC-00016331,trabajador,Zona 11,true,,UPDATE,29233
TC-00016334,general,Zona 13,true,,UPDATE,30794
TC-00016336,trabajador,Zona 11,true,,INSERT,27627
TC-00016339,trabajador,Zona 12,true,,UPDATE,26080
TC-00016342,,,false,2026-06-03 00:05:00,DELETE,2023
TC-00016343,trabajador,Zona 18,true,,INSERT,18757
TC-00016357,trabajador,Zona 11,true,,UPDATE,4490
TC-00016358,,,false,2026-06-01 11:01:00,DELETE,617
TC-00016359,adulto_mayor,Zona 9,true,,UPDATE,26613
TC-00016365,adulto_mayor,Zona 18,true,,UPDATE,25114
TC-00016367,adulto_mayor,Mixco,true,,UPDATE,10672
TC-00016373,,,false,2026-06-01 09:17:00,DELETE,686
TC-00016374,trabajador,Zona 1,true,,UPDATE,28874
TC-00016377,general,Zona 6,true,,UPDATE,25184
TC-00016381,trabajador,San Miguel Petapa,true,,INSERT,3467
TC-00016385,adulto_mayor,Zona 4,true,,UPDATE,5268
TC-00016386,general,Zona 18,true,,INSERT,20881
TC-00016387,trabajador,Zona 11,true,,INSERT,29017
TC-00016393,general,Zona 6,true,,UPDATE,23713
TC-00016396,,,false,2026-06-28 03:58:00,DELETE,19272
TC-00016405,adulto_mayor,Zona 9,true,,UPDATE,15027
TC-00016407,adulto_mayor,Zona 11,true,,UPDATE,10106
TC-00016408,general,Zona 8,true,,UPDATE,19042
TC-00016409,adulto_mayor,Santa Catarina Pinula,true,,INSERT,6215
TC-00016410,general,Zona 10,true,,UPDATE,21260
TC-00016414,general,Zona 13,true,,UPDATE,7406
TC-00016419,general,Zona 18,true,,UPDATE,28084
TC-00016422,estudiante,Zona 10,true,,UPDATE,19896
TC-00016423,estudiante,Mixco,true,,INSERT,26244
TC-00016429,estudiante,Villa Nueva,true,,UPDATE,12944
TC-00016430,,,false,2026-07-02 12:47:00,DELETE,22056
TC-00016435,estudiante,Zona 7,true,,UPDATE,14163
TC-00016439,estudiante,Zona 10,true,,UPDATE,18948
TC-00016440,adulto_mayor,Zona 11,true,,UPDATE,1088
TC-00016444,trabajador,Mixco,true,,INSERT,29171
TC-00016445,trabajador,Zona 18,true,,UPDATE,25117
TC-00016448,,,false,2026-07-08 00:57:00,DELETE,26156
TC-00016464,trabajador,Zona 8,true,,INSERT,14657
TC-00016467,estudiante,Zona 9,true,,INSERT,15874
TC-00016470,trabajador,Zona 9,true,,INSERT,25682
TC-00016472,trabajador,Santa Catarina Pinula,true,,INSERT,21617
TC-00016473,trabajador,San Miguel Petapa,true,,INSERT,14591
TC-00016475,trabajador,Zona 13,true,,INSERT,17951
TC-00016479,,,false,2026-07-15 20:42:00,DELETE,31030
TC-00016483,adulto_mayor,Zona 7,true,,INSERT,29709
TC-00016485,trabajador,Zona 6,true,,INSERT,19452
TC-00016486,trabajador,Zona 18,true,,INSERT,15883
TC-00016490,adulto_mayor,Zona 9,true,,UPDATE,593
TC-00016492,trabajador,Zona 10,true,,INSERT,23660
TC-00016496,estudiante,Zona 10,true,,UPDATE,17587
TC-00016498,,,false,2026-06-06 09:28:00,DELETE,4062
TC-00016507,adulto_mayor,Zona 18,true,,UPDATE,12860
TC-00016508,adulto_mayor,Zona 7,true,,UPDATE,20599
TC-00016512,trabajador,Zona 13,true,,UPDATE,4449
TC-00016515,,,false,2026-06-27 17:04:00,DELETE,18587
TC-00016521,general,Zona 17,true,,INSERT,15957
TC-00016525,general,Zona 13,true,,INSERT,6991
TC-00016530,adulto_mayor,Santa Catarina Pinula,true,,INSERT,12432
TC-00016532,trabajador,Zona 17,true,,UPDATE,16872
TC-00016536,adulto_mayor,Mixco,true,,UPDATE,15636
TC-00016547,estudiante,Zona 13,true,,UPDATE,23777
TC-00016549,adulto_mayor,Santa Catarina Pinula,true,,UPDATE,25103
TC-00016551,trabajador,Santa Catarina Pinula,true,,INSERT,14030
TC-00016553,estudiante,San Miguel Petapa,true,,UPDATE,18327
TC-00016556,estudiante,Zona 1,true,,INSERT,25036
TC-00016557,trabajador,Zona 8,true,,INSERT,7657
TC-00016563,adulto_mayor,Santa Catarina Pinula,true,,UPDATE,16193
TC-00016564,trabajador,Zona 18,true,,UPDATE,23945
TC-00016579,trabajador,Zona 7,true,,INSERT,24896
TC-00016582,,,false,2026-06-02 17:52:00,DELETE,1338
TC-00016583,estudiante,Zona 18,true,,UPDATE,3310
TC-00016586,estudiante,Zona 9,true,,UPDATE,22676
TC-00016587,,,false,2026-06-24 19:31:00,DELETE,16496
TC-00016588,estudiante,Zona 6,true,,UPDATE,16119
TC-00016591,general,Zona 9,true,,UPDATE,4529
TC-00016595,trabajador,Zona 4,true,,INSERT,17445
TC-00016598,trabajador,Mixco,true,,UPDATE,28046
TC-00016599,,,false,2026-06-28 08:13:00,DELETE,19295
TC-00016601,estudiante,Zona 9,true,,UPDATE,21032
TC-00016606,adulto_mayor,Zona 17,true,,UPDATE,7194
TC-00016608,estudiante,San Miguel Petapa,true,,UPDATE,20589
TC-00016615,trabajador,Zona 12,true,,INSERT,23462
TC-00016619,trabajador,Zona 7,true,,UPDATE,1964
TC-00016623,general,Zona 18,true,,UPDATE,12001
TC-00016629,estudiante,Zona 11,true,,UPDATE,26546
TC-00016632,trabajador,Zona 6,true,,INSERT,23700
TC-00016636,,,false,2026-06-14 16:14:00,DELETE,9620
TC-00016637,adulto_mayor,Zona 8,true,,INSERT,19513
TC-00016639,adulto_mayor,Zona 13,true,,UPDATE,28183
TC-00016641,adulto_mayor,Zona 8,true,,UPDATE,23895
TC-00016646,general,Zona 7,true,,UPDATE,16130
TC-00016648,trabajador,Zona 11,true,,INSERT,26372
TC-00016651,trabajador,Zona 13,true,,UPDATE,18505
TC-00016654,trabajador,Mixco,true,,UPDATE,14147
TC-00016663,trabajador,San Miguel Petapa,true,,INSERT,20783
TC-00016666,estudiante,Zona 4,true,,INSERT,18749
TC-00016668,general,Zona 12,true,,UPDATE,3257
TC-00016669,estudiante,Zona 11,true,,UPDATE,4698
TC-00016670,trabajador,Zona 9,true,,UPDATE,20301
TC-00016682,trabajador,Zona 7,true,,UPDATE,15482
TC-00016685,,,false,2026-06-08 10:20:00,DELETE,5453
TC-00016688,,,false,2026-07-06 04:25:00,DELETE,24772
TC-00016689,trabajador,Zona 7,true,,INSERT,15399
TC-00016696,general,San Miguel Petapa,true,,UPDATE,17637
TC-00016697,adulto_mayor,Zona 13,true,,INSERT,24911
TC-00016698,general,Zona 13,true,,UPDATE,23277
TC-00016700,general,Zona 1,true,,INSERT,26422
TC-00016701,general,Zona 18,false,2026-07-04 07:25:00,DELETE,23451
TC-00016703,adulto_mayor,Zona 11,true,,INSERT,18847
TC-00016704,estudiante,Zona 10,true,,INSERT,22912
TC-00016706,,,false,2026-07-13 00:56:00,DELETE,29591
TC-00016721,general,Zona 8,true,,INSERT,19398
TC-00016726,trabajador,Zona 6,true,,INSERT,5741
TC-00016730,adulto_mayor,San Miguel Petapa,true,,UPDATE,26059
TC-00016731,trabajador,San Miguel Petapa,true,,UPDATE,2383
TC-00016734,trabajador,Zona 13,true,,INSERT,6401
TC-00016742,estudiante,Villa Nueva,true,,UPDATE,26121
TC-00016744,adulto_mayor,Zona 8,true,,UPDATE,25134
TC-00016749,,,false,2026-07-13 01:01:00,DELETE,29623
TC-00016752,adulto_mayor,Zona 7,true,,UPDATE,4727
TC-00016755,estudiante,Zona 4,true,,UPDATE,24402
TC-00016756,general,Zona 6,true,,UPDATE,3112
TC-00016767,trabajador,Zona 13,true,,INSERT,29856
TC-00016769,adulto_mayor,Santa Catarina Pinula,true,,INSERT,12511
TC-00016773,adulto_mayor,Zona 7,true,,UPDATE,30774
TC-00016774,adulto_mayor,Zona 17,true,,UPDATE,28580
TC-00016775,estudiante,Zona 10,true,,UPDATE,260
TC-00016776,estudiante,Zona 12,true,,UPDATE,27877
TC-00016779,trabajador,Zona 11,true,,INSERT,13209
TC-00016780,trabajador,Zona 1,true,,INSERT,12646
TC-00016785,general,Zona 7,true,,INSERT,20048
TC-00016789,estudiante,Zona 17,true,,UPDATE,8802
TC-00016790,,,false,2026-06-01 11:51:00,DELETE,637
TC-00016794,estudiante,Zona 6,true,,INSERT,26257
TC-00016796,general,Zona 4,true,,UPDATE,2501
TC-00016798,estudiante,Zona 10,true,,UPDATE,30903
TC-00016800,trabajador,Zona 4,true,,INSERT,11859
TC-00016812,general,Zona 8,true,,INSERT,21569
TC-00016814,general,Villa Nueva,false,2026-06-03 01:43:00,DELETE,2021
TC-00016815,estudiante,Mixco,true,,UPDATE,3932
TC-00016816,estudiante,Zona 9,true,,UPDATE,21106
TC-00016817,general,Santa Catarina Pinula,true,,INSERT,13866
TC-00016819,,,false,2026-06-16 22:48:00,DELETE,10961
TC-00016821,general,Zona 18,false,2026-06-25 06:31:00,DELETE,17243
TC-00016824,estudiante,San Miguel Petapa,true,,UPDATE,7475
TC-00016829,estudiante,Zona 6,true,,UPDATE,1136
TC-00016831,trabajador,Zona 1,true,,INSERT,7135
TC-00016834,estudiante,Zona 18,true,,UPDATE,24406
TC-00016840,trabajador,Zona 12,true,,UPDATE,4519
TC-00016844,general,Zona 13,true,,UPDATE,21031
TC-00016847,trabajador,Santa Catarina Pinula,true,,INSERT,27738
TC-00016849,general,Zona 4,true,,INSERT,7662
TC-00016850,adulto_mayor,Zona 17,true,,UPDATE,8682
TC-00016852,,,false,2026-06-09 19:44:00,DELETE,6202
TC-00016856,trabajador,San Miguel Petapa,true,,UPDATE,18394
TC-00016860,,,false,2026-06-29 21:51:00,DELETE,19963
TC-00016862,adulto_mayor,Zona 7,true,,INSERT,11230
TC-00016864,trabajador,Villa Nueva,true,,INSERT,2946
TC-00016865,adulto_mayor,Zona 18,true,,UPDATE,8577
TC-00016866,general,Zona 9,true,,UPDATE,15550
TC-00016867,adulto_mayor,Zona 11,true,,UPDATE,5379
TC-00016868,adulto_mayor,Zona 1,true,,UPDATE,19639
TC-00016869,trabajador,Mixco,true,,INSERT,30538
TC-00016880,adulto_mayor,Mixco,true,,UPDATE,21132
TC-00016883,general,Zona 9,true,,UPDATE,8752
TC-00016886,estudiante,Zona 1,true,,UPDATE,1878
TC-00016888,trabajador,Zona 18,false,2026-06-19 18:58:00,DELETE,13046
TC-00016890,trabajador,Zona 9,true,,UPDATE,4468
TC-00016892,trabajador,Zona 9,true,,INSERT,11779
TC-00016898,general,Mixco,true,,UPDATE,10851
TC-00016900,general,Zona 13,true,,UPDATE,30915
TC-00016901,estudiante,Mixco,false,2026-06-25 17:25:00,DELETE,17200
TC-00016902,trabajador,Zona 13,true,,INSERT,10363
TC-00016909,general,Santa Catarina Pinula,true,,INSERT,29762
TC-00016916,trabajador,Villa Nueva,true,,INSERT,29906
TC-00016918,adulto_mayor,Zona 11,true,,UPDATE,12221
TC-00016924,estudiante,Santa Catarina Pinula,true,,UPDATE,24712
TC-00016934,trabajador,San Miguel Petapa,true,,INSERT,19559
TC-00016938,trabajador,Villa Nueva,true,,UPDATE,1112
TC-00016940,estudiante,Zona 10,false,2026-06-12 03:08:00,DELETE,8251
TC-00016946,general,San Miguel Petapa,true,,UPDATE,14289
TC-00016951,general,Zona 8,true,,INSERT,27091
TC-00016952,trabajador,Zona 10,true,,INSERT,20811
TC-00016954,trabajador,Zona 7,true,,INSERT,20088
TC-00016955,general,Villa Nueva,true,,INSERT,30362
TC-00016956,estudiante,Zona 7,true,,UPDATE,19055
TC-00016957,trabajador,Mixco,false,2026-07-09 11:01:00,DELETE,26855
TC-00016969,estudiante,Zona 12,true,,UPDATE,27406
TC-00016970,general,Zona 1,true,,UPDATE,12247
TC-00016975,trabajador,Zona 18,true,,UPDATE,22600
TC-00016977,trabajador,Zona 8,true,,INSERT,24925
TC-00016978,general,Zona 4,true,,UPDATE,14231
TC-00016979,trabajador,Zona 8,true,,INSERT,23631
TC-00016980,general,Zona 6,true,,UPDATE,13697
TC-00016981,adulto_mayor,Zona 4,true,,UPDATE,17730
TC-00016991,trabajador,Zona 9,true,,INSERT,21427
TC-00016993,trabajador,Zona 8,true,,INSERT,15938
TC-00017004,general,San Miguel Petapa,true,,UPDATE,17574
TC-00017009,estudiante,Zona 4,true,,UPDATE,9323
TC-00017011,estudiante,Zona 17,true,,INSERT,18839
TC-00017012,trabajador,Santa Catarina Pinula,true,,INSERT,13816
TC-00017016,adulto_mayor,Zona 8,true,,UPDATE,14264
TC-00017017,adulto_mayor,Zona 18,false,2026-07-01 22:12:00,DELETE,21347
TC-00017019,estudiante,Zona 4,true,,UPDATE,6809
TC-00017020,trabajador,Mixco,true,,UPDATE,15571
TC-00017024,estudiante,Zona 18,true,,INSERT,29759
TC-00017025,general,Villa Nueva,true,,INSERT,22891
TC-00017027,estudiante,Zona 18,true,,INSERT,9151
TC-00017029,adulto_mayor,Zona 6,true,,INSERT,27115
TC-00017033,trabajador,Zona 4,true,,INSERT,21430
TC-00017034,trabajador,Zona 18,true,,UPDATE,30938
TC-00017039,estudiante,Santa Catarina Pinula,true,,INSERT,29746
TC-00017040,estudiante,Zona 4,true,,INSERT,6407
TC-00017046,trabajador,Zona 7,true,,INSERT,22817
TC-00017056,trabajador,Zona 11,true,,UPDATE,25229
TC-00017057,general,Villa Nueva,true,,UPDATE,23984
TC-00017059,general,Mixco,true,,UPDATE,18521
TC-00017066,general,Zona 13,true,,UPDATE,20500
TC-00017067,trabajador,Zona 10,true,,INSERT,21439
TC-00017075,adulto_mayor,Zona 18,true,,INSERT,24314
TC-00017080,general,Zona 18,true,,INSERT,26350
TC-00017082,trabajador,San Miguel Petapa,true,,UPDATE,8079
TC-00017090,trabajador,Zona 18,true,,INSERT,29072
TC-00017091,,,false,2026-06-17 20:18:00,DELETE,11652
TC-00017094,general,Zona 9,false,2026-07-14 13:50:00,DELETE,30276
TC-00017096,trabajador,Zona 17,true,,INSERT,4229
TC-00017099,trabajador,Zona 6,false,2026-07-07 06:06:00,DELETE,25473
TC-00017112,general,Zona 4,true,,INSERT,14022
TC-00017121,adulto_mayor,San Miguel Petapa,true,,UPDATE,14793
TC-00017124,,,false,2026-06-18 20:30:00,DELETE,12383
TC-00017125,adulto_mayor,Villa Nueva,true,,UPDATE,16257
TC-00017129,trabajador,Zona 7,true,,INSERT,2837
TC-00017132,trabajador,Zona 4,true,,INSERT,28493
TC-00017134,trabajador,Zona 6,true,,INSERT,9054
TC-00017137,trabajador,Zona 17,true,,UPDATE,10250
TC-00017138,trabajador,Santa Catarina Pinula,true,,UPDATE,9287
TC-00017142,adulto_mayor,San Miguel Petapa,true,,INSERT,15936
TC-00017143,estudiante,Zona 12,true,,INSERT,22952
TC-00017147,trabajador,Zona 13,false,2026-07-11 09:31:00,DELETE,28215
TC-00017154,trabajador,Zona 12,true,,UPDATE,3889
TC-00017158,general,Santa Catarina Pinula,true,,INSERT,14519
TC-00017159,trabajador,Zona 10,true,,INSERT,29180
TC-00017160,estudiante,Zona 9,true,,UPDATE,24436
TC-00017166,trabajador,Mixco,true,,INSERT,23629
TC-00017170,general,Zona 9,true,,UPDATE,17131
TC-00017172,estudiante,Zona 6,true,,UPDATE,19657
TC-00017173,estudiante,Zona 13,false,2026-06-12 21:48:00,DELETE,8280
TC-00017174,trabajador,Zona 6,true,,INSERT,18068
TC-00017177,trabajador,San Miguel Petapa,true,,UPDATE,2645
TC-00017182,,,false,2026-07-07 06:45:00,DELETE,25470
TC-00017190,general,San Miguel Petapa,true,,UPDATE,6502
TC-00017192,trabajador,Zona 1,true,,UPDATE,26475
TC-00017199,trabajador,Zona 17,true,,UPDATE,28756
TC-00017200,trabajador,Mixco,true,,UPDATE,20580
TC-00017202,trabajador,Mixco,true,,INSERT,30568
TC-00017206,estudiante,Santa Catarina Pinula,true,,UPDATE,14152
TC-00017207,estudiante,Zona 9,true,,INSERT,4348
TC-00017208,general,Zona 12,false,2026-06-10 12:39:00,DELETE,6831
TC-00017213,estudiante,Zona 4,true,,INSERT,8370
TC-00017216,general,Zona 7,true,,INSERT,22295
TC-00017218,,,false,2026-06-19 01:54:00,DELETE,13083
TC-00017219,general,Zona 11,true,,UPDATE,20448
TC-00017224,estudiante,Zona 9,true,,UPDATE,445
TC-00017228,adulto_mayor,Zona 13,true,,INSERT,18089
TC-00017235,trabajador,Zona 17,true,,INSERT,21539
TC-00017242,general,Zona 13,true,,UPDATE,22512
TC-00017247,estudiante,Mixco,true,,INSERT,29209
TC-00017248,general,Zona 6,true,,INSERT,20872
TC-00017253,trabajador,Mixco,true,,INSERT,29818
TC-00017254,adulto_mayor,Zona 8,true,,UPDATE,12139
TC-00017260,trabajador,Zona 9,true,,UPDATE,20332
TC-00017261,general,San Miguel Petapa,true,,UPDATE,1621
TC-00017262,,,false,2026-06-06 05:57:00,DELETE,4125
TC-00017266,general,Zona 9,true,,INSERT,8438
TC-00017276,adulto_mayor,Zona 8,true,,INSERT,13884
TC-00017280,estudiante,Zona 1,true,,UPDATE,5969
TC-00017282,trabajador,Mixco,true,,UPDATE,5322
TC-00017283,estudiante,Zona 12,true,,INSERT,2864
TC-00017284,adulto_mayor,Mixco,true,,INSERT,23594
TC-00017292,general,Zona 4,true,,UPDATE,12149
TC-00017294,trabajador,Zona 4,true,,INSERT,3613
TC-00017297,trabajador,Zona 11,true,,INSERT,7087
TC-00017300,trabajador,Zona 13,true,,INSERT,18771
TC-00017306,trabajador,Zona 13,true,,INSERT,25654
TC-00017313,trabajador,Zona 9,true,,INSERT,7650
TC-00017320,adulto_mayor,Zona 6,true,,INSERT,30544
TC-00017321,adulto_mayor,Zona 8,true,,UPDATE,28651
TC-00017323,estudiante,Zona 18,true,,UPDATE,7178
TC-00017328,adulto_mayor,San Miguel Petapa,true,,UPDATE,4587
TC-00017340,,,false,2026-06-25 19:15:00,DELETE,17250
TC-00017342,estudiante,Villa Nueva,true,,UPDATE,2477
TC-00017345,general,Zona 11,false,2026-06-16 01:20:00,DELETE,11023
TC-00017346,estudiante,Zona 6,true,,UPDATE,23842
TC-00017348,adulto_mayor,Zona 8,true,,UPDATE,22511
TC-00017350,trabajador,Zona 11,true,,INSERT,25613
TC-00017352,adulto_mayor,Zona 8,true,,UPDATE,2550
TC-00017355,estudiante,Zona 8,true,,UPDATE,21147
TC-00017358,trabajador,Zona 7,true,,INSERT,2160
TC-00017361,general,Mixco,true,,INSERT,4152
TC-00017369,,,false,2026-07-01 03:17:00,DELETE,21316
TC-00017371,trabajador,Zona 6,true,,UPDATE,28023
TC-00017372,,,false,2026-06-18 01:34:00,DELETE,12367
TC-00017373,trabajador,San Miguel Petapa,true,,INSERT,15282
TC-00017375,general,Santa Catarina Pinula,true,,INSERT,24210
TC-00017377,estudiante,Zona 18,true,,INSERT,10486
TC-00017381,estudiante,Zona 7,true,,UPDATE,312
TC-00017384,general,Zona 1,true,,INSERT,4158
TC-00017391,adulto_mayor,Zona 11,true,,INSERT,18782
TC-00017392,,,false,2026-06-06 02:33:00,DELETE,4071
TC-00017394,trabajador,Zona 12,true,,UPDATE,25149
TC-00017395,estudiante,Zona 6,true,,UPDATE,18257
TC-00017396,estudiante,Zona 11,true,,UPDATE,25376
TC-00017397,estudiante,Zona 17,true,,INSERT,2211
TC-00017400,adulto_mayor,Zona 11,true,,UPDATE,18888
TC-00017406,estudiante,Zona 9,true,,UPDATE,20402
TC-00017407,trabajador,Zona 10,true,,INSERT,3468
TC-00017411,trabajador,Zona 4,true,,INSERT,103
TC-00017414,estudiante,Zona 9,true,,UPDATE,30940
TC-00017416,general,Zona 10,true,,INSERT,43
TC-00017418,general,Zona 10,true,,UPDATE,991
TC-00017429,trabajador,Zona 13,true,,INSERT,20085
TC-00017431,general,Zona 6,true,,UPDATE,14756
TC-00017432,,,false,2026-06-02 15:31:00,DELETE,1378
TC-00017438,trabajador,Zona 8,true,,INSERT,171
TC-00017439,trabajador,Zona 7,true,,UPDATE,281
TC-00017441,adulto_mayor,Zona 18,true,,INSERT,15876
TC-00017444,trabajador,Zona 11,true,,INSERT,28432
TC-00017446,trabajador,Zona 9,true,,INSERT,13126
TC-00017453,trabajador,San Miguel Petapa,true,,INSERT,30401
TC-00017458,adulto_mayor,Zona 9,true,,UPDATE,3170
TC-00017466,adulto_mayor,Santa Catarina Pinula,true,,UPDATE,26120
TC-00017472,trabajador,Zona 12,true,,UPDATE,30865
TC-00017473,estudiante,Mixco,true,,UPDATE,4045
TC-00017475,trabajador,Zona 12,false,2026-07-11 02:59:00,DELETE,28282
TC-00017476,general,Zona 8,true,,UPDATE,305
TC-00017482,general,Zona 12,true,,INSERT,24968
TC-00017488,general,Villa Nueva,true,,INSERT,26237
TC-00017489,general,Santa Catarina Pinula,true,,UPDATE,11368
TC-00017493,estudiante,Villa Nueva,true,,INSERT,17302
TC-00017495,trabajador,Zona 11,true,,UPDATE,3896
TC-00017496,,,false,2026-06-23 20:31:00,DELETE,15850
TC-00017497,general,San Miguel Petapa,true,,INSERT,12575
TC-00017502,,,false,2026-07-09 04:52:00,DELETE,26831
TC-00017503,,,false,2026-07-01 10:33:00,DELETE,21303
TC-00017504,adulto_mayor,Zona 7,true,,UPDATE,30145
TC-00017509,trabajador,Zona 9,true,,UPDATE,10622
TC-00017511,estudiante,Zona 12,true,,INSERT,7049
TC-00017514,adulto_mayor,Santa Catarina Pinula,true,,UPDATE,2516
TC-00017515,estudiante,Zona 10,true,,INSERT,2309
TC-00017524,estudiante,Zona 12,true,,UPDATE,11351
TC-00017528,trabajador,Zona 13,true,,UPDATE,24653
TC-00017529,general,Zona 17,true,,UPDATE,4517
TC-00017531,adulto_mayor,Mixco,true,,UPDATE,3840
TC-00017533,general,Zona 8,true,,UPDATE,14280
TC-00017534,trabajador,Santa Catarina Pinula,true,,INSERT,19446
TC-00017536,estudiante,Zona 17,true,,UPDATE,27424
TC-00017540,estudiante,Zona 11,true,,UPDATE,21799
TC-00017542,trabajador,Santa Catarina Pinula,true,,INSERT,18658
TC-00017543,trabajador,San Miguel Petapa,true,,INSERT,30597
TC-00017545,trabajador,Zona 11,true,,UPDATE,22624
TC-00017547,trabajador,San Miguel Petapa,true,,UPDATE,23926
TC-00017549,trabajador,Zona 17,true,,UPDATE,22584
TC-00017553,trabajador,Villa Nueva,true,,INSERT,13919
TC-00017554,adulto_mayor,Zona 10,true,,UPDATE,18529
TC-00017557,estudiante,Zona 11,true,,UPDATE,3156
TC-00017561,,,false,2026-06-10 20:45:00,DELETE,6862
TC-00017573,adulto_mayor,Zona 1,true,,UPDATE,13621
TC-00017581,estudiante,Zona 12,true,,INSERT,23602
TC-00017582,estudiante,Zona 13,true,,INSERT,24222
TC-00017588,trabajador,Zona 18,true,,INSERT,13300
TC-00017589,general,Zona 8,true,,UPDATE,27413
TC-00017591,estudiante,Zona 11,true,,INSERT,26437
TC-00017599,estudiante,Zona 4,true,,UPDATE,19871
TC-00017600,trabajador,Zona 8,true,,UPDATE,1280
TC-00017602,adulto_mayor,Zona 1,true,,UPDATE,14324
TC-00017603,adulto_mayor,Villa Nueva,true,,UPDATE,30143
TC-00017608,general,Mixco,true,,INSERT,20886
TC-00017612,trabajador,Zona 18,false,2026-06-04 11:28:00,DELETE,2704
TC-00017615,general,Zona 8,true,,UPDATE,2407
TC-00017619,trabajador,Zona 1,true,,INSERT,27753
TC-00017621,adulto_mayor,San Miguel Petapa,true,,INSERT,22186
TC-00017625,trabajador,Zona 9,true,,INSERT,20785
TC-00017630,general,Zona 9,true,,UPDATE,24567
TC-00017636,adulto_mayor,Zona 9,true,,UPDATE,20564
TC-00017640,,,false,2026-06-28 20:42:00,DELETE,19312
TC-00017641,estudiante,Zona 18,true,,UPDATE,26102
TC-00017643,general,Mixco,true,,UPDATE,25127
TC-00017648,estudiante,Zona 4,true,,UPDATE,30103
TC-00017649,estudiante,Zona 12,true,,UPDATE,24430
TC-00017650,trabajador,Zona 17,true,,INSERT,20150
TC-00017651,adulto_mayor,Santa Catarina Pinula,true,,UPDATE,5805
TC-00017652,trabajador,Mixco,true,,INSERT,16800
TC-00017658,trabajador,Zona 13,true,,INSERT,22121
TC-00017666,general,Zona 1,true,,INSERT,29147
TC-00017669,trabajador,Mixco,true,,INSERT,4300
TC-00017670,trabajador,Zona 11,true,,UPDATE,25102
TC-00017673,general,Mixco,false,2026-06-19 20:47:00,DELETE,13100
TC-00017674,adulto_mayor,Zona 10,true,,UPDATE,27196
TC-00017675,general,Mixco,true,,UPDATE,3188
TC-00017677,general,Zona 9,false,2026-06-18 22:18:00,DELETE,12333
TC-00017683,adulto_mayor,Zona 6,true,,UPDATE,10892
TC-00017691,adulto_mayor,Zona 4,true,,UPDATE,11310
TC-00017697,trabajador,Mixco,true,,UPDATE,20366
TC-00017701,trabajador,Zona 8,true,,INSERT,15238
TC-00017703,estudiante,Zona 4,true,,INSERT,3464
TC-00017705,adulto_mayor,San Miguel Petapa,true,,UPDATE,16928
TC-00017706,trabajador,Mixco,true,,UPDATE,13680
TC-00017711,trabajador,Zona 7,false,2026-07-15 06:43:00,DELETE,30982
TC-00017713,trabajador,Zona 11,true,,UPDATE,27939
TC-00017717,,,false,2026-07-04 21:02:00,DELETE,23457
TC-00017719,estudiante,Zona 8,true,,UPDATE,21086
TC-00017721,trabajador,Zona 17,true,,UPDATE,24536
TC-00017727,trabajador,Zona 8,true,,UPDATE,3329
TC-00017733,trabajador,Zona 10,true,,UPDATE,10210
TC-00017735,estudiante,San Miguel Petapa,true,,UPDATE,24557
TC-00017736,adulto_mayor,Zona 7,true,,INSERT,5722
TC-00017739,general,Villa Nueva,false,2026-06-21 22:06:00,DELETE,14458
TC-00017744,adulto_mayor,Zona 9,true,,UPDATE,9343
TC-00017745,adulto_mayor,Zona 18,true,,UPDATE,11608
TC-00017747,trabajador,Zona 7,true,,UPDATE,16325
TC-00017750,general,Mixco,true,,UPDATE,23335
TC-00017751,estudiante,Zona 11,true,,UPDATE,29495
TC-00017753,general,Villa Nueva,true,,UPDATE,15492
TC-00017758,estudiante,Zona 9,true,,UPDATE,19742
TC-00017762,trabajador,Zona 7,true,,INSERT,2988
TC-00017767,,,false,2026-07-13 19:54:00,DELETE,29648
TC-00017768,general,Zona 17,true,,UPDATE,20421
TC-00017770,estudiante,Zona 1,true,,UPDATE,17064
TC-00017771,general,Zona 6,true,,UPDATE,12825
TC-00017774,trabajador,Zona 10,true,,INSERT,22205
TC-00017776,estudiante,Zona 8,true,,UPDATE,6112
TC-00017786,adulto_mayor,Santa Catarina Pinula,true,,UPDATE,12119
TC-00017792,adulto_mayor,Zona 11,true,,UPDATE,19575
TC-00017793,adulto_mayor,Zona 8,true,,UPDATE,3021
TC-00017794,estudiante,Zona 7,true,,INSERT,16082
TC-00017797,general,Zona 7,true,,UPDATE,17827
TC-00017799,trabajador,San Miguel Petapa,true,,INSERT,16631
TC-00017800,general,Zona 4,true,,INSERT,26952
TC-00017803,estudiante,Zona 7,true,,UPDATE,22430
TC-00017804,estudiante,Zona 6,true,,INSERT,24275
TC-00017806,,,false,2026-07-09 10:19:00,DELETE,26869
TC-00017809,trabajador,Zona 10,true,,UPDATE,6677
TC-00017810,trabajador,Mixco,true,,INSERT,10513
TC-00017811,trabajador,Zona 7,false,2026-07-03 06:34:00,DELETE,22731
TC-00017812,general,Zona 1,true,,UPDATE,22334
TC-00017813,adulto_mayor,Zona 18,true,,UPDATE,12261
TC-00017815,estudiante,Zona 11,true,,INSERT,28314
TC-00017816,general,Zona 7,true,,INSERT,27716
TC-00017817,general,San Miguel Petapa,true,,UPDATE,25898
TC-00017818,trabajador,Zona 9,true,,UPDATE,17837
TC-00017820,trabajador,Zona 17,true,,INSERT,23612
TC-00017821,,,false,2026-06-18 12:59:00,DELETE,12413
TC-00017825,trabajador,Zona 4,true,,INSERT,3547
TC-00017828,adulto_mayor,Zona 6,true,,INSERT,22887
TC-00017830,adulto_mayor,Villa Nueva,true,,UPDATE,28768
TC-00017834,adulto_mayor,Zona 9,true,,UPDATE,26790
TC-00017839,estudiante,Zona 17,true,,UPDATE,21828
TC-00017842,trabajador,Zona 8,true,,INSERT,24889
TC-00017846,trabajador,Zona 12,true,,INSERT,13350
TC-00017853,general,Zona 4,true,,INSERT,21488
TC-00017857,adulto_mayor,Zona 7,true,,UPDATE,1047
TC-00017860,trabajador,Mixco,false,2026-07-08 19:11:00,DELETE,26152
TC-00017866,general,Zona 12,true,,INSERT,1460
TC-00017868,,,false,2026-06-02 14:17:00,DELETE,1375
TC-00017869,trabajador,Zona 4,true,,INSERT,26278
TC-00017871,general,Zona 9,true,,UPDATE,29478
TC-00017873,adulto_mayor,Zona 17,true,,UPDATE,29241
TC-00017874,trabajador,San Miguel Petapa,true,,INSERT,20122
TC-00017875,trabajador,San Miguel Petapa,true,,UPDATE,23027
TC-00017876,trabajador,Zona 10,true,,UPDATE,9357
TC-00017881,general,Villa Nueva,true,,UPDATE,14957
TC-00017884,trabajador,Zona 6,true,,UPDATE,6741
TC-00017886,trabajador,Zona 13,true,,UPDATE,5228
TC-00017887,trabajador,Zona 6,true,,INSERT,16070
TC-00017888,trabajador,Zona 10,true,,INSERT,20784
TC-00017889,adulto_mayor,Zona 18,true,,UPDATE,29306
TC-00017890,trabajador,Mixco,true,,UPDATE,25968
TC-00017894,trabajador,Zona 10,true,,INSERT,16616
TC-00017904,estudiante,Zona 6,true,,UPDATE,14769
TC-00017906,estudiante,San Miguel Petapa,true,,UPDATE,23308
TC-00017913,estudiante,Zona 11,true,,UPDATE,16202
TC-00017914,,,false,2026-06-14 02:25:00,DELETE,9601
TC-00017916,estudiante,Zona 10,true,,UPDATE,29325
TC-00017922,general,Zona 1,true,,INSERT,13202
TC-00017928,trabajador,San Miguel Petapa,true,,INSERT,29799
TC-00017938,trabajador,Zona 9,true,,UPDATE,5141
TC-00017942,adulto_mayor,Zona 9,true,,UPDATE,19561
TC-00017946,trabajador,Zona 9,true,,INSERT,25604
TC-00017950,estudiante,Villa Nueva,true,,UPDATE,18192
TC-00017958,estudiante,Villa Nueva,true,,INSERT,18026
TC-00017963,general,Zona 9,true,,UPDATE,25262
TC-00017965,general,Zona 1,true,,UPDATE,568
TC-00017966,general,Zona 13,true,,UPDATE,27222
TC-00017968,adulto_mayor,Zona 9,true,,UPDATE,10074
TC-00017975,trabajador,Zona 10,true,,UPDATE,21633
TC-00017978,estudiante,Zona 10,true,,INSERT,4327
TC-00017980,adulto_mayor,Zona 18,true,,INSERT,10519
TC-00017982,trabajador,San Miguel Petapa,true,,INSERT,20720
TC-00017984,estudiante,Zona 18,true,,UPDATE,9997
TC-00017987,,,false,2026-07-15 11:03:00,DELETE,31038
TC-00017990,estudiante,Zona 4,true,,UPDATE,7447
TC-00017992,adulto_mayor,Zona 1,true,,UPDATE,2637
TC-00017993,adulto_mayor,Zona 6,true,,UPDATE,380
TC-00017998,estudiante,Santa Catarina Pinula,true,,INSERT,23005
TC-00017999,trabajador,Mixco,true,,INSERT,11168
TC-00018002,trabajador,Zona 13,true,,UPDATE,11594
TC-00018004,adulto_mayor,Mixco,true,,UPDATE,29987
TC-00018009,estudiante,Zona 13,false,2026-06-28 22:48:00,DELETE,19236
TC-00018013,general,Zona 12,true,,UPDATE,12034
TC-00018014,general,Mixco,true,,UPDATE,358
TC-00018019,estudiante,Zona 7,false,2026-06-12 15:57:00,DELETE,8244
TC-00018020,estudiante,Zona 13,true,,INSERT,13119
TC-00018024,estudiante,Zona 10,true,,UPDATE,28819
TC-00018025,trabajador,Zona 9,true,,UPDATE,3145
TC-00018027,general,Zona 12,true,,UPDATE,24494
TC-00018031,adulto_mayor,Santa Catarina Pinula,false,2026-06-14 09:17:00,DELETE,9643
TC-00018034,adulto_mayor,Zona 6,false,2026-07-11 20:49:00,DELETE,28231
TC-00018039,estudiante,Zona 1,true,,UPDATE,10083
TC-00018045,trabajador,Zona 4,true,,INSERT,13249
TC-00018049,,,false,2026-06-29 02:33:00,DELETE,19961
TC-00018052,,,false,2026-07-05 23:09:00,DELETE,24087
TC-00018053,estudiante,Zona 18,true,,INSERT,20074
TC-00018057,trabajador,San Miguel Petapa,true,,UPDATE,15495
TC-00018059,trabajador,Zona 4,true,,INSERT,17349
TC-00018062,general,Zona 10,true,,UPDATE,7995
TC-00018066,adulto_mayor,Santa Catarina Pinula,true,,UPDATE,29470
TC-00018067,estudiante,Zona 13,true,,UPDATE,16940
TC-00018069,adulto_mayor,Zona 7,true,,UPDATE,5844
TC-00018074,trabajador,Zona 13,true,,INSERT,21531
TC-00018075,estudiante,Zona 8,true,,INSERT,26270
TC-00018079,trabajador,Zona 9,true,,INSERT,5714
TC-00018080,trabajador,Santa Catarina Pinula,true,,INSERT,65
TC-00018081,adulto_mayor,Zona 12,true,,INSERT,30387
TC-00018082,general,Zona 11,true,,UPDATE,24524
TC-00018083,,,false,2026-06-27 22:46:00,DELETE,18620
TC-00018088,trabajador,San Miguel Petapa,true,,UPDATE,30165
TC-00018095,general,San Miguel Petapa,true,,UPDATE,8058
TC-00018096,adulto_mayor,Zona 7,true,,UPDATE,30141
TC-00018100,trabajador,Zona 17,false,2026-07-10 02:12:00,DELETE,27600
TC-00018101,adulto_mayor,Mixco,true,,INSERT,7138
TC-00018102,trabajador,Zona 18,true,,INSERT,1478
TC-00018106,general,Villa Nueva,true,,UPDATE,24515
TC-00018109,,,false,2026-06-12 18:46:00,DELETE,8237
TC-00018121,trabajador,Zona 11,true,,UPDATE,14757
TC-00018122,general,Zona 1,true,,UPDATE,22666
TC-00018123,estudiante,Zona 9,true,,INSERT,9178
TC-00018124,trabajador,Zona 4,true,,INSERT,21504
TC-00018126,trabajador,Zona 10,true,,INSERT,23468
TC-00018127,trabajador,Zona 7,true,,INSERT,6974
TC-00018128,estudiante,Zona 10,true,,UPDATE,24559
TC-00018131,general,Zona 13,true,,UPDATE,12817
TC-00018136,trabajador,Zona 8,true,,INSERT,15887
TC-00018137,estudiante,Zona 13,true,,UPDATE,10148
TC-00018138,general,Zona 12,true,,UPDATE,22609
TC-00018142,trabajador,Villa Nueva,true,,UPDATE,21184
TC-00018145,estudiante,Zona 9,true,,INSERT,19394
TC-00018147,estudiante,Zona 11,true,,INSERT,25549
TC-00018150,estudiante,Zona 7,true,,INSERT,1510
TC-00018153,trabajador,Zona 6,true,,INSERT,20098
TC-00018154,adulto_mayor,Zona 7,true,,INSERT,15886
TC-00018156,trabajador,Zona 8,true,,UPDATE,22572
TC-00018162,trabajador,Santa Catarina Pinula,true,,UPDATE,21920
TC-00018171,adulto_mayor,Zona 10,false,2026-07-06 10:44:00,DELETE,24795
TC-00018172,,,false,2026-06-11 00:19:00,DELETE,7546
TC-00018184,trabajador,Zona 1,true,,INSERT,806
TC-00018190,trabajador,Villa Nueva,true,,UPDATE,27302
TC-00018196,general,Zona 6,true,,UPDATE,10096
TC-00018197,general,San Miguel Petapa,true,,INSERT,27029
TC-00018198,general,Zona 17,true,,INSERT,20033
TC-00018199,general,Mixco,true,,UPDATE,26706
TC-00018200,estudiante,Zona 7,true,,UPDATE,24615
TC-00018201,general,Zona 18,true,,UPDATE,26056
TC-00018202,trabajador,Zona 1,true,,INSERT,15203
TC-00018207,trabajador,Santa Catarina Pinula,true,,INSERT,30361
TC-00018222,trabajador,San Miguel Petapa,true,,UPDATE,22590
TC-00018231,trabajador,Villa Nueva,true,,INSERT,16611
TC-00018232,trabajador,Zona 11,true,,INSERT,25644
TC-00018234,estudiante,Mixco,true,,INSERT,13937
TC-00018238,adulto_mayor,Santa Catarina Pinula,true,,UPDATE,5321
TC-00018245,,,false,2026-07-08 03:30:00,DELETE,26174
TC-00018246,adulto_mayor,Zona 13,true,,UPDATE,30209
TC-00018248,trabajador,Zona 8,true,,INSERT,29033
TC-00018249,trabajador,Zona 7,true,,UPDATE,21662
TC-00018255,trabajador,Zona 18,true,,INSERT,16764
TC-00018256,trabajador,Zona 8,true,,INSERT,5745
TC-00018258,,,false,2026-07-10 03:56:00,DELETE,27596
TC-00018261,general,Zona 8,true,,INSERT,19521
TC-00018262,adulto_mayor,Zona 7,true,,UPDATE,5223
TC-00018265,general,Mixco,true,,UPDATE,11314
TC-00018269,,,false,2026-06-29 14:11:00,DELETE,19950
TC-00018272,adulto_mayor,Zona 1,true,,UPDATE,972
TC-00018273,general,Santa Catarina Pinula,true,,UPDATE,3936
TC-00018279,adulto_mayor,Zona 8,false,2026-07-07 08:29:00,DELETE,25489
TC-00018280,trabajador,Zona 7,true,,UPDATE,30086
TC-00018282,trabajador,Zona 12,true,,INSERT,11116
TC-00018285,adulto_mayor,Zona 1,true,,UPDATE,7889
TC-00018292,trabajador,Santa Catarina Pinula,true,,INSERT,29733
TC-00018293,trabajador,Zona 12,true,,UPDATE,22502
TC-00018294,,,false,2026-06-08 03:25:00,DELETE,5452
TC-00018298,,,false,2026-06-02 06:33:00,DELETE,1310
TC-00018301,,,false,2026-07-05 14:25:00,DELETE,24117
TC-00018302,trabajador,Villa Nueva,true,,INSERT,14718
TC-00018306,estudiante,Zona 10,true,,UPDATE,27226
TC-00018307,adulto_mayor,Mixco,true,,UPDATE,22631
TC-00018311,trabajador,Zona 11,true,,UPDATE,27962
TC-00018312,trabajador,Zona 8,true,,UPDATE,16427
TC-00018314,adulto_mayor,Mixco,true,,UPDATE,4656
TC-00018318,trabajador,Zona 17,true,,INSERT,26297
TC-00018320,estudiante,Mixco,true,,UPDATE,1850
TC-00018323,general,Villa Nueva,true,,UPDATE,1111
TC-00018324,,,false,2026-07-07 16:41:00,DELETE,25524
TC-00018326,general,Santa Catarina Pinula,true,,UPDATE,15084
TC-00018337,,,false,2026-06-16 22:59:00,DELETE,10991
TC-00018340,trabajador,Zona 9,true,,UPDATE,22424
TC-00018341,adulto_mayor,Zona 4,true,,UPDATE,24523
TC-00018342,trabajador,Zona 8,true,,UPDATE,12721
TC-00018343,,,false,2026-06-23 00:07:00,DELETE,15847
TC-00018353,estudiante,San Miguel Petapa,true,,UPDATE,9506
TC-00018354,adulto_mayor,Zona 10,true,,UPDATE,27321
TC-00018359,trabajador,Zona 4,true,,UPDATE,25398
TC-00018361,,,false,2026-06-15 17:27:00,DELETE,10264
TC-00018363,trabajador,Zona 6,true,,UPDATE,26495
TC-00018364,trabajador,Zona 7,true,,UPDATE,13357
TC-00018367,trabajador,Zona 7,true,,UPDATE,21122
TC-00018368,general,Zona 13,true,,INSERT,7758
TC-00018370,trabajador,Zona 13,true,,UPDATE,18434
TC-00018371,general,Zona 4,true,,UPDATE,25307
TC-00018373,estudiante,Zona 1,true,,INSERT,23601
TC-00018374,trabajador,Zona 6,true,,INSERT,19493
TC-00018375,,,false,2026-06-22 05:35:00,DELETE,15129
TC-00018380,trabajador,Zona 11,true,,INSERT,18125
TC-00018382,trabajador,Zona 17,true,,INSERT,2941
TC-00018385,trabajador,Zona 13,true,,INSERT,27785
TC-00018387,estudiante,Zona 9,true,,INSERT,26436
TC-00018388,adulto_mayor,Santa Catarina Pinula,true,,UPDATE,7953
TC-00018392,estudiante,San Miguel Petapa,true,,UPDATE,16939
TC-00018396,general,Zona 13,true,,UPDATE,27172
TC-00018400,trabajador,Zona 6,true,,INSERT,30393
TC-00018405,general,Villa Nueva,true,,INSERT,28310
TC-00018406,trabajador,Mixco,true,,UPDATE,26558
TC-00018407,adulto_mayor,Zona 8,true,,UPDATE,27851
TC-00018409,general,Santa Catarina Pinula,true,,INSERT,21537
TC-00018414,trabajador,Zona 8,true,,INSERT,4884
TC-00018415,general,Zona 11,true,,UPDATE,29560
TC-00018416,trabajador,Zona 12,true,,INSERT,9788
TC-00018417,adulto_mayor,Zona 8,true,,UPDATE,5818
TC-00018423,,,false,2026-07-12 00:41:00,DELETE,28979
TC-00018424,adulto_mayor,Villa Nueva,true,,UPDATE,24652
TC-00018426,trabajador,Zona 13,true,,INSERT,4848
TC-00018427,trabajador,Zona 6,true,,UPDATE,2406
TC-00018429,general,Santa Catarina Pinula,true,,INSERT,28528
TC-00018436,,,false,2026-06-01 21:10:00,DELETE,623
TC-00018437,estudiante,Zona 17,false,2026-07-03 22:09:00,DELETE,22743
TC-00018438,trabajador,Villa Nueva,true,,INSERT,24868
TC-00018441,trabajador,Zona 18,true,,UPDATE,24527
TC-00018444,trabajador,Zona 1,true,,UPDATE,22420
TC-00018446,estudiante,Zona 6,true,,UPDATE,29400
TC-00018452,,,false,2026-06-28 08:49:00,DELETE,19303
TC-00018457,general,Zona 9,true,,INSERT,6302
TC-00018460,trabajador,San Miguel Petapa,false,2026-07-13 05:44:00,DELETE,29598
TC-00018462,trabajador,Santa Catarina Pinula,true,,UPDATE,15654
TC-00018463,general,Zona 12,true,,UPDATE,21020
TC-00018471,,,false,2026-06-05 05:08:00,DELETE,3382
TC-00018472,adulto_mayor,Zona 1,true,,INSERT,9175
TC-00018478,general,Zona 11,true,,UPDATE,24660
TC-00018481,estudiante,Villa Nueva,true,,INSERT,2186
TC-00018490,,,false,2026-06-26 13:14:00,DELETE,17933
TC-00018491,trabajador,Zona 13,false,2026-06-20 12:13:00,DELETE,13749
TC-00018492,trabajador,Villa Nueva,false,2026-07-05 21:15:00,DELETE,24146
TC-00018495,estudiante,Zona 6,false,2026-06-12 22:43:00,DELETE,8192
TC-00018498,trabajador,Zona 11,true,,INSERT,15307
TC-00018500,estudiante,Zona 10,true,,UPDATE,18972
TC-00018502,trabajador,Mixco,false,2026-06-16 11:04:00,DELETE,10973
TC-00018503,general,Zona 9,true,,UPDATE,11302
TC-00018505,adulto_mayor,Zona 4,true,,UPDATE,8102
TC-00018506,general,Zona 12,true,,INSERT,7047
TC-00018507,,,false,2026-06-23 03:18:00,DELETE,15824
TC-00018509,,,false,2026-07-06 01:28:00,DELETE,24790
TC-00018516,trabajador,Zona 8,true,,INSERT,15963
TC-00018521,general,Mixco,true,,UPDATE,20552
TC-00018523,trabajador,Villa Nueva,true,,UPDATE,28634
TC-00018525,adulto_mayor,Zona 1,true,,UPDATE,7169
TC-00018529,estudiante,Zona 4,true,,UPDATE,14298
TC-00018532,estudiante,Zona 1,true,,UPDATE,10143
TC-00018533,trabajador,Zona 4,true,,INSERT,8490
TC-00018543,adulto_mayor,Mixco,true,,INSERT,16099
TC-00018548,trabajador,Santa Catarina Pinula,true,,INSERT,25616
TC-00018554,trabajador,Mixco,true,,UPDATE,30809
TC-00018555,,,false,2026-06-14 01:50:00,DELETE,9584
TC-00018556,adulto_mayor,Villa Nueva,false,2026-07-01 07:29:00,DELETE,21344
TC-00018557,adulto_mayor,Zona 18,true,,INSERT,1472
TC-00018561,adulto_mayor,Zona 13,true,,INSERT,5742
TC-00018563,general,San Miguel Petapa,true,,UPDATE,969
TC-00018565,,,false,2026-07-09 19:10:00,DELETE,26890
TC-00018567,trabajador,Zona 9,true,,UPDATE,1115
TC-00018570,estudiante,Zona 11,true,,UPDATE,27314
TC-00018571,trabajador,Zona 11,true,,INSERT,22282
TC-00018573,adulto_mayor,Zona 10,true,,UPDATE,12040
TC-00018579,,,false,2026-07-02 21:47:00,DELETE,22079
TC-00018586,trabajador,Zona 17,true,,UPDATE,18200
TC-00018588,trabajador,Zona 4,true,,INSERT,29046
TC-00018589,adulto_mayor,Zona 1,true,,INSERT,2952
TC-00018592,trabajador,Zona 4,true,,UPDATE,29433
TC-00018595,,,false,2026-06-16 14:36:00,DELETE,10999
TC-00018596,trabajador,Zona 13,true,,UPDATE,16203
TC-00018597,adulto_mayor,Zona 9,true,,UPDATE,21182
TC-00018600,estudiante,Zona 6,true,,UPDATE,19800
TC-00018605,general,Zona 8,true,,UPDATE,16969
TC-00018607,general,Zona 4,true,,UPDATE,5195
TC-00018608,trabajador,Zona 8,true,,INSERT,4902
TC-00018609,adulto_mayor,Zona 9,true,,UPDATE,12027
TC-00018610,general,Zona 17,true,,UPDATE,18374
TC-00018614,trabajador,Zona 4,false,2026-07-04 15:46:00,DELETE,23454
TC-00018615,adulto_mayor,Zona 8,true,,UPDATE,24674
TC-00018617,trabajador,Zona 12,true,,UPDATE,23832
TC-00018618,trabajador,Santa Catarina Pinula,true,,UPDATE,8539
TC-00018620,trabajador,Santa Catarina Pinula,true,,UPDATE,3351
TC-00018624,trabajador,Villa Nueva,true,,UPDATE,15589
TC-00018625,,,false,2026-06-16 23:35:00,DELETE,11014
TC-00018630,trabajador,Mixco,true,,UPDATE,23779
TC-00018632,trabajador,Zona 10,true,,INSERT,10417
TC-00018636,general,Zona 7,true,,UPDATE,9454
TC-00018637,general,Zona 18,true,,INSERT,27086
TC-00018639,estudiante,Zona 9,true,,UPDATE,8091
TC-00018641,estudiante,Zona 18,true,,UPDATE,23228
TC-00018644,adulto_mayor,Zona 9,true,,UPDATE,29969
TC-00018646,,,false,2026-06-23 21:35:00,DELETE,15842
TC-00018648,adulto_mayor,Zona 6,true,,UPDATE,28015
TC-00018651,adulto_mayor,Zona 4,true,,UPDATE,7877
TC-00018656,adulto_mayor,Zona 12,true,,UPDATE,16810
TC-00018663,general,Zona 17,true,,INSERT,12586
TC-00018666,adulto_mayor,Zona 7,true,,UPDATE,12923
TC-00018669,trabajador,Zona 10,true,,INSERT,9190
TC-00018670,trabajador,Zona 11,true,,UPDATE,4675
TC-00018672,trabajador,Zona 10,true,,INSERT,20101
TC-00018674,adulto_mayor,Zona 9,true,,INSERT,10375
TC-00018676,adulto_mayor,Zona 12,true,,UPDATE,25296
TC-00018677,estudiante,Zona 10,true,,UPDATE,10947
TC-00018678,general,Zona 1,true,,INSERT,13348
TC-00018679,trabajador,Zona 8,true,,INSERT,726
TC-00018680,estudiante,Zona 13,true,,UPDATE,2579
TC-00018681,general,Zona 1,true,,INSERT,2171
TC-00018682,general,San Miguel Petapa,true,,UPDATE,25190
TC-00018685,trabajador,Zona 1,true,,INSERT,3487
TC-00018688,trabajador,Santa Catarina Pinula,true,,INSERT,111
TC-00018690,,,false,2026-06-19 09:04:00,DELETE,13047
TC-00018692,adulto_mayor,Zona 13,true,,UPDATE,16124
TC-00018696,adulto_mayor,Zona 12,true,,INSERT,11242
TC-00018699,general,San Miguel Petapa,true,,UPDATE,18421
TC-00018700,,,false,2026-07-13 16:50:00,DELETE,29615
TC-00018702,general,Zona 13,true,,INSERT,4854
TC-00018704,,,false,2026-07-11 21:02:00,DELETE,28238
TC-00018706,trabajador,Mixco,true,,UPDATE,14852
TC-00018712,estudiante,Zona 11,true,,INSERT,23469
TC-00018714,general,Zona 7,true,,INSERT,16735
TC-00018718,,,false,2026-06-17 00:34:00,DELETE,11729
TC-00018721,trabajador,Villa Nueva,true,,INSERT,25600
TC-00018723,adulto_mayor,Zona 12,true,,UPDATE,23157
TC-00018724,general,Zona 9,true,,UPDATE,21201
TC-00018726,estudiante,Santa Catarina Pinula,true,,UPDATE,16463
TC-00018734,trabajador,Zona 12,true,,UPDATE,4720
TC-00018735,,,false,2026-06-15 02:53:00,DELETE,10329
TC-00018744,general,Santa Catarina Pinula,false,2026-06-22 11:24:00,DELETE,15124
TC-00018745,trabajador,Zona 7,true,,UPDATE,26511
TC-00018756,general,Zona 12,true,,UPDATE,577
TC-00018765,trabajador,Zona 11,false,2026-06-28 07:03:00,DELETE,19320
TC-00018768,adulto_mayor,Mixco,true,,INSERT,26985
TC-00018771,general,Mixco,true,,UPDATE,9414
TC-00018772,adulto_mayor,Zona 17,true,,UPDATE,27206
TC-00018776,adulto_mayor,Villa Nueva,true,,UPDATE,12884
TC-00018782,trabajador,Zona 6,true,,INSERT,27044
TC-00018785,general,Santa Catarina Pinula,true,,UPDATE,7915
TC-00018787,trabajador,Zona 18,true,,INSERT,21450
TC-00018791,,,false,2026-06-03 02:02:00,DELETE,1994
TC-00018793,general,San Miguel Petapa,true,,UPDATE,8578
TC-00018799,estudiante,Mixco,true,,INSERT,22225
TC-00018803,estudiante,Zona 13,true,,UPDATE,6683
TC-00018815,,,false,2026-06-27 10:03:00,DELETE,18595
TC-00018817,general,Zona 18,true,,UPDATE,22343
TC-00018819,general,Zona 13,true,,UPDATE,2473
TC-00018821,general,Mixco,true,,UPDATE,20365
TC-00018829,trabajador,Zona 12,true,,INSERT,2889
TC-00018837,adulto_mayor,Zona 18,true,,UPDATE,3834
TC-00018838,adulto_mayor,Zona 1,true,,UPDATE,424
TC-00018847,estudiante,Villa Nueva,true,,INSERT,3503
TC-00018848,trabajador,Zona 9,true,,INSERT,21611
TC-00018856,trabajador,Zona 11,true,,UPDATE,6660
TC-00018857,estudiante,Zona 4,true,,UPDATE,17132
TC-00018864,trabajador,Zona 8,true,,INSERT,9710
TC-00018866,trabajador,Zona 6,true,,UPDATE,15073
TC-00018876,,,false,2026-06-30 08:27:00,DELETE,20639
TC-00018877,estudiante,Villa Nueva,true,,UPDATE,20547
TC-00018879,adulto_mayor,Zona 7,true,,UPDATE,30179
TC-00018893,,,false,2026-06-25 16:23:00,DELETE,17235
TC-00018894,trabajador,Zona 10,true,,UPDATE,390
TC-00018897,trabajador,Zona 11,true,,UPDATE,14880
TC-00018900,trabajador,Zona 18,true,,INSERT,27613
TC-00018908,,,false,2026-06-10 18:28:00,DELETE,6859
TC-00018909,adulto_mayor,San Miguel Petapa,true,,UPDATE,30629
TC-00018911,trabajador,Zona 11,true,,INSERT,20165
TC-00018913,trabajador,Zona 1,true,,UPDATE,30817
TC-00018915,trabajador,Santa Catarina Pinula,true,,UPDATE,18182
TC-00018917,trabajador,Zona 18,true,,INSERT,11803
TC-00018919,estudiante,Zona 1,true,,UPDATE,28100
TC-00018926,,,false,2026-06-20 12:44:00,DELETE,13755
TC-00018928,trabajador,Zona 4,true,,INSERT,22311
TC-00018933,trabajador,Zona 6,true,,UPDATE,25851
TC-00018935,estudiante,Zona 6,true,,UPDATE,16843
TC-00018939,estudiante,Zona 9,false,2026-07-08 03:32:00,DELETE,26209
TC-00018940,trabajador,Zona 13,true,,INSERT,14705
TC-00018941,general,Mixco,true,,INSERT,19467
TC-00018945,general,Zona 1,true,,INSERT,24930
TC-00018950,adulto_mayor,Zona 11,true,,UPDATE,26542
TC-00018951,general,Zona 7,false,2026-06-26 14:00:00,DELETE,17909
TC-00018954,estudiante,Zona 4,false,2026-06-17 23:12:00,DELETE,11676
TC-00018961,trabajador,Villa Nueva,true,,INSERT,4209
TC-00018962,adulto_mayor,Zona 7,true,,UPDATE,5338
TC-00018964,general,Zona 6,true,,UPDATE,20543
TC-00018966,general,Zona 6,true,,UPDATE,28873
TC-00018967,adulto_mayor,Zona 4,true,,UPDATE,24650
TC-00018969,estudiante,Zona 18,true,,UPDATE,6027
TC-00018971,adulto_mayor,Zona 11,true,,UPDATE,7940
TC-00018973,trabajador,Zona 18,true,,UPDATE,22449
TC-00018975,general,Zona 13,true,,UPDATE,20283
TC-00018978,adulto_mayor,Zona 4,true,,UPDATE,3231
TC-00018980,estudiante,Santa Catarina Pinula,true,,UPDATE,6753
TC-00018981,adulto_mayor,Zona 10,true,,INSERT,18090
TC-00018992,estudiante,Mixco,true,,UPDATE,6015
TC-00018994,estudiante,Zona 18,true,,UPDATE,13581
TC-00019008,,,false,2026-07-09 04:20:00,DELETE,26896
TC-00019012,trabajador,Zona 12,true,,INSERT,11087
TC-00019014,estudiante,Zona 7,true,,UPDATE,2527
TC-00019017,estudiante,Zona 4,true,,UPDATE,17660
TC-00019028,adulto_mayor,Zona 18,true,,UPDATE,29258
TC-00019032,estudiante,Zona 8,true,,INSERT,16573
TC-00019046,general,Zona 17,true,,UPDATE,15504
TC-00019049,trabajador,Villa Nueva,true,,UPDATE,28103
TC-00019051,trabajador,Zona 1,true,,UPDATE,13570
TC-00019054,trabajador,Zona 6,true,,INSERT,18150
TC-00019060,general,San Miguel Petapa,true,,UPDATE,27985
TC-00019063,adulto_mayor,Zona 9,true,,UPDATE,10171
TC-00019064,estudiante,Zona 8,true,,UPDATE,17042
TC-00019069,general,San Miguel Petapa,true,,UPDATE,10151
TC-00019070,general,Zona 7,true,,UPDATE,6075
TC-00019074,trabajador,Zona 12,true,,INSERT,2925
TC-00019075,estudiante,Zona 1,true,,UPDATE,16925
TC-00019076,,,false,2026-06-28 19:28:00,DELETE,19268
TC-00019079,adulto_mayor,Zona 17,true,,UPDATE,8803
TC-00019082,estudiante,Zona 1,true,,UPDATE,22506
TC-00019087,,,false,2026-06-21 17:22:00,DELETE,14428
TC-00019092,general,San Miguel Petapa,true,,INSERT,14554
TC-00019098,general,Villa Nueva,true,,INSERT,13973
TC-00019102,general,San Miguel Petapa,true,,UPDATE,9436
TC-00019105,trabajador,Santa Catarina Pinula,true,,INSERT,1420
TC-00019106,trabajador,Zona 11,true,,INSERT,6321
TC-00019107,estudiante,Santa Catarina Pinula,true,,UPDATE,3876
TC-00019115,trabajador,Villa Nueva,true,,UPDATE,17497
TC-00019117,general,Zona 9,true,,UPDATE,2313
TC-00019121,,,false,2026-06-06 11:56:00,DELETE,4086
TC-00019124,general,Zona 9,true,,INSERT,4273
TC-00019126,trabajador,Zona 18,true,,INSERT,14715
TC-00019131,trabajador,Zona 11,true,,INSERT,29839
TC-00019132,trabajador,Zona 17,true,,INSERT,11957
TC-00019140,estudiante,Zona 4,true,,UPDATE,15441
TC-00019145,trabajador,Zona 9,true,,INSERT,19447
TC-00019146,trabajador,Zona 4,true,,INSERT,24987
TC-00019151,estudiante,Zona 4,false,2026-07-10 02:33:00,DELETE,27559
TC-00019154,adulto_mayor,Zona 13,true,,UPDATE,30847
TC-00019155,estudiante,Zona 13,true,,INSERT,14663
TC-00019156,trabajador,Mixco,true,,INSERT,4933
TC-00019158,general,Santa Catarina Pinula,true,,UPDATE,2336
TC-00019162,general,Zona 13,true,,UPDATE,28125
TC-00019168,,,false,2026-06-18 12:14:00,DELETE,12403
TC-00019176,estudiante,Zona 11,true,,UPDATE,2642
TC-00019183,general,Zona 18,true,,INSERT,15915
TC-00019184,adulto_mayor,Zona 7,true,,UPDATE,26704
TC-00019185,trabajador,Zona 7,true,,INSERT,18029
TC-00019186,adulto_mayor,Zona 13,true,,UPDATE,30201
TC-00019189,estudiante,Zona 17,true,,UPDATE,9394
TC-00019195,,,false,2026-06-13 02:21:00,DELETE,8968
TC-00019198,estudiante,Zona 11,true,,UPDATE,20586
TC-00019206,adulto_mayor,Zona 9,true,,UPDATE,5391
TC-00019209,estudiante,Zona 10,true,,INSERT,9017
TC-00019210,trabajador,Villa Nueva,true,,UPDATE,16282
TC-00019211,,,false,2026-06-23 15:32:00,DELETE,15865
TC-00019213,adulto_mayor,Zona 1,true,,UPDATE,12982
TC-00019216,general,Zona 10,true,,UPDATE,11540
TC-00019218,trabajador,Zona 6,true,,INSERT,27069
TC-00019222,adulto_mayor,Zona 11,true,,UPDATE,26075
TC-00019230,,,false,2026-06-06 10:40:00,DELETE,4109
TC-00019231,estudiante,Zona 11,true,,INSERT,29003
TC-00019235,trabajador,San Miguel Petapa,true,,INSERT,193
TC-00019244,estudiante,Zona 9,true,,UPDATE,1151
TC-00019248,trabajador,Zona 7,true,,UPDATE,10653
TC-00019251,trabajador,Zona 13,true,,INSERT,29054
TC-00019258,adulto_mayor,Zona 1,true,,INSERT,22925
TC-00019259,trabajador,Santa Catarina Pinula,true,,INSERT,24208
TC-00019265,trabajador,Zona 7,true,,UPDATE,20516
TC-00019268,,,false,2026-06-15 00:22:00,DELETE,10266
TC-00019273,trabajador,Zona 10,true,,INSERT,27709
TC-00019282,trabajador,Zona 1,true,,INSERT,9790
TC-00019286,adulto_mayor,Zona 4,true,,INSERT,13287
TC-00019289,general,Zona 17,true,,INSERT,16655
TC-00019291,estudiante,Zona 7,true,,UPDATE,19812
TC-00019297,estudiante,Zona 1,true,,UPDATE,18459
TC-00019300,adulto_mayor,Zona 18,true,,UPDATE,28871
TC-00019301,adulto_mayor,Zona 9,true,,INSERT,3516
TC-00019306,estudiante,Zona 8,true,,UPDATE,25207
TC-00019307,estudiante,Zona 18,true,,UPDATE,30685
TC-00019308,trabajador,Zona 11,true,,INSERT,15184
TC-00019319,general,Zona 8,true,,UPDATE,30652
TC-00019320,adulto_mayor,Zona 11,false,2026-07-03 03:30:00,DELETE,22692
TC-00019322,estudiante,Santa Catarina Pinula,true,,UPDATE,6749
TC-00019325,estudiante,Zona 9,true,,INSERT,13173
TC-00019329,trabajador,Zona 7,true,,INSERT,2801
TC-00019335,trabajador,Zona 7,true,,UPDATE,496
TC-00019339,trabajador,Zona 6,true,,INSERT,23587
TC-00019342,trabajador,San Miguel Petapa,true,,UPDATE,8042
TC-00019346,trabajador,Zona 12,true,,INSERT,29893
TC-00019352,trabajador,Zona 8,true,,INSERT,7643
TC-00019355,trabajador,Zona 11,true,,INSERT,30471
TC-00019356,trabajador,Mixco,true,,UPDATE,21684
TC-00019360,estudiante,Zona 7,true,,UPDATE,27439
TC-00019365,general,Zona 11,true,,UPDATE,6482
TC-00019367,general,Mixco,true,,INSERT,25687
TC-00019368,adulto_mayor,Zona 18,true,,UPDATE,16449
TC-00019370,trabajador,Zona 6,true,,INSERT,22266
TC-00019374,general,Villa Nueva,true,,UPDATE,30891
TC-00019382,trabajador,San Miguel Petapa,true,,INSERT,8498
TC-00019384,estudiante,Zona 1,true,,UPDATE,16122
TC-00019385,general,Zona 18,true,,INSERT,16005
TC-00019387,general,Zona 11,true,,UPDATE,24395
TC-00019394,estudiante,Zona 4,true,,UPDATE,15722
TC-00019396,estudiante,San Miguel Petapa,true,,UPDATE,3866
TC-00019399,estudiante,Zona 12,true,,UPDATE,2500
TC-00019400,adulto_mayor,Zona 18,true,,INSERT,22222
TC-00019402,trabajador,Zona 17,true,,INSERT,18753
TC-00019406,adulto_mayor,Villa Nueva,true,,INSERT,8344
TC-00019413,general,San Miguel Petapa,true,,UPDATE,17609
TC-00019414,general,Zona 18,true,,UPDATE,21017
TC-00019415,trabajador,Zona 18,true,,INSERT,14654
TC-00019417,estudiante,Zona 9,true,,UPDATE,30926
TC-00019418,trabajador,Zona 17,true,,INSERT,6222
TC-00019420,adulto_mayor,Zona 8,true,,UPDATE,10177
TC-00019421,trabajador,Villa Nueva,true,,INSERT,28388
TC-00019427,general,Zona 6,true,,UPDATE,12033
TC-00019428,general,Zona 17,true,,UPDATE,16265
TC-00019429,general,Mixco,true,,UPDATE,14045
TC-00019436,estudiante,Santa Catarina Pinula,true,,UPDATE,17676
TC-00019437,,,false,2026-06-02 01:48:00,DELETE,1371
TC-00019448,estudiante,Zona 8,true,,UPDATE,11372
TC-00019449,trabajador,Zona 18,true,,INSERT,13803
TC-00019452,estudiante,Zona 7,true,,UPDATE,14967
TC-00019460,adulto_mayor,San Miguel Petapa,true,,UPDATE,11326
TC-00019466,general,Santa Catarina Pinula,true,,UPDATE,30162
TC-00019476,adulto_mayor,Zona 10,true,,UPDATE,21915
TC-00019482,estudiante,San Miguel Petapa,true,,INSERT,5025
TC-00019486,trabajador,Zona 8,true,,INSERT,28491
TC-00019488,,,false,2026-07-07 22:19:00,DELETE,25496
TC-00019489,adulto_mayor,Zona 17,true,,UPDATE,26601
TC-00019496,estudiante,Zona 8,true,,INSERT,22803
TC-00019500,adulto_mayor,Zona 17,true,,UPDATE,16941
TC-00019503,adulto_mayor,San Miguel Petapa,true,,UPDATE,409
TC-00019507,general,Zona 12,true,,INSERT,5696
TC-00019511,estudiante,Villa Nueva,true,,UPDATE,23214
TC-00019513,adulto_mayor,Zona 1,true,,INSERT,5
TC-00019524,trabajador,Zona 7,true,,UPDATE,7932
TC-00019529,,,false,2026-07-09 20:38:00,DELETE,26862
TC-00019532,estudiante,Villa Nueva,true,,UPDATE,17017
TC-00019534,trabajador,Zona 10,true,,UPDATE,10699
TC-00019540,adulto_mayor,Zona 8,true,,UPDATE,30076
TC-00019541,trabajador,Zona 12,true,,UPDATE,9946
TC-00019542,trabajador,Zona 6,true,,UPDATE,30060
TC-00019543,estudiante,Zona 10,true,,UPDATE,11986
TC-00019546,estudiante,Zona 8,true,,UPDATE,19623
TC-00019549,general,Zona 7,true,,UPDATE,19582
TC-00019551,adulto_mayor,Santa Catarina Pinula,true,,UPDATE,19861
TC-00019554,estudiante,Zona 6,true,,INSERT,24884
TC-00019564,trabajador,Zona 8,true,,INSERT,23655
TC-00019567,estudiante,Zona 10,true,,UPDATE,9943
TC-00019568,adulto_mayor,Zona 4,true,,UPDATE,17091
TC-00019570,general,Zona 1,true,,UPDATE,29327
TC-00019586,trabajador,Zona 6,true,,INSERT,27054
TC-00019589,trabajador,Mixco,true,,INSERT,17977
TC-00019591,estudiante,Zona 17,true,,UPDATE,25390
TC-00019593,trabajador,Zona 13,true,,UPDATE,26665
TC-00019594,estudiante,Zona 1,true,,INSERT,24367
TC-00019595,trabajador,Zona 9,true,,UPDATE,8619
TC-00019596,trabajador,Zona 13,true,,INSERT,24193
TC-00019597,adulto_mayor,Zona 1,true,,UPDATE,15082
TC-00019598,trabajador,Santa Catarina Pinula,true,,UPDATE,25952
TC-00019599,general,San Miguel Petapa,true,,UPDATE,8125
TC-00019600,,,false,2026-07-07 15:19:00,DELETE,25479
TC-00019602,general,Zona 17,true,,INSERT,28361
TC-00019603,adulto_mayor,Zona 7,true,,UPDATE,20410
TC-00019604,trabajador,San Miguel Petapa,true,,INSERT,18662
TC-00019606,estudiante,Zona 12,true,,UPDATE,21213
TC-00019607,general,Zona 8,true,,UPDATE,3791
TC-00019612,trabajador,Santa Catarina Pinula,true,,UPDATE,13576
TC-00019615,trabajador,Zona 9,true,,UPDATE,22485
TC-00019617,estudiante,Zona 8,true,,UPDATE,3219
TC-00019621,general,Zona 13,true,,UPDATE,13704
TC-00019622,trabajador,Zona 10,true,,INSERT,127
TC-00019632,estudiante,San Miguel Petapa,true,,UPDATE,8710
TC-00019635,estudiante,Santa Catarina Pinula,true,,INSERT,25669
TC-00019636,trabajador,Zona 6,true,,INSERT,25052
TC-00019637,adulto_mayor,Zona 17,true,,UPDATE,11459
TC-00019640,,,false,2026-06-24 14:09:00,DELETE,16513
TC-00019642,adulto_mayor,Villa Nueva,true,,INSERT,29875
TC-00019645,adulto_mayor,Zona 11,true,,UPDATE,25131
TC-00019646,general,Mixco,true,,UPDATE,8031
TC-00019649,trabajador,Mixco,true,,INSERT,28991
TC-00019657,,,false,2026-06-07 14:37:00,DELETE,4806
TC-00019660,trabajador,Zona 12,true,,INSERT,22170
TC-00019672,,,false,2026-07-04 10:02:00,DELETE,23413
TC-00019674,estudiante,Zona 1,true,,UPDATE,28106
TC-00019675,trabajador,Zona 9,true,,UPDATE,28115
TC-00019677,trabajador,Zona 6,true,,UPDATE,25269
TC-00019680,general,Zona 7,true,,UPDATE,21822
TC-00019682,trabajador,Zona 12,true,,UPDATE,23949
TC-00019685,estudiante,Zona 6,true,,UPDATE,14314
TC-00019690,estudiante,Zona 11,true,,UPDATE,20606
TC-00019692,,,false,2026-07-11 11:30:00,DELETE,28235
TC-00019695,adulto_mayor,Zona 8,true,,UPDATE,29971
TC-00019696,trabajador,Zona 13,true,,UPDATE,24611
TC-00019700,estudiante,Zona 9,true,,UPDATE,3713
TC-00019702,estudiante,Santa Catarina Pinula,true,,UPDATE,13572
TC-00019709,trabajador,Zona 11,true,,INSERT,30518
TC-00019710,adulto_mayor,Zona 8,true,,UPDATE,20335
TC-00019717,trabajador,Zona 1,false,2026-06-30 08:28:00,DELETE,20676
TC-00019719,adulto_mayor,Zona 4,true,,UPDATE,23083
TC-00019727,adulto_mayor,San Miguel Petapa,true,,UPDATE,12049
TC-00019733,trabajador,Zona 4,true,,UPDATE,23314
TC-00019746,general,Zona 18,true,,UPDATE,11317
TC-00019747,estudiante,Zona 1,true,,UPDATE,6747
TC-00019748,trabajador,Zona 18,true,,INSERT,17429
TC-00019749,,,false,2026-07-09 17:48:00,DELETE,26886
TC-00019753,,,false,2026-06-16 22:33:00,DELETE,11040
TC-00019758,estudiante,Zona 1,true,,UPDATE,13513
TC-00019759,trabajador,Mixco,true,,INSERT,4346
TC-00019762,trabajador,Zona 11,true,,INSERT,30467
TC-00019766,trabajador,Santa Catarina Pinula,true,,UPDATE,13606
TC-00019767,estudiante,Zona 1,true,,UPDATE,15569
TC-00019778,general,Zona 8,true,,INSERT,9806
TC-00019787,,,false,2026-06-19 11:01:00,DELETE,13087
TC-00019788,,,false,2026-06-04 21:09:00,DELETE,2741
TC-00019789,estudiante,Zona 17,true,,UPDATE,449
TC-00019790,,,false,2026-07-12 12:34:00,DELETE,28903
TC-00019791,general,Zona 10,true,,UPDATE,29463
TC-00019796,,,false,2026-06-18 20:13:00,DELETE,12411
TC-00019797,trabajador,Mixco,true,,UPDATE,11476
TC-00019804,,,false,2026-06-04 12:12:00,DELETE,2730
TC-00019805,adulto_mayor,Zona 18,true,,UPDATE,12734
TC-00019808,adulto_mayor,Mixco,true,,INSERT,4312
TC-00019813,trabajador,Santa Catarina Pinula,true,,INSERT,9173
TC-00019814,,,false,2026-06-19 13:36:00,DELETE,13031
TC-00019823,estudiante,Zona 12,true,,INSERT,26953
TC-00019832,trabajador,Zona 9,true,,UPDATE,26816
TC-00019833,trabajador,Zona 6,true,,INSERT,2132
TC-00019835,estudiante,Zona 1,true,,UPDATE,26777
TC-00019836,,,false,2026-06-16 04:05:00,DELETE,10992
TC-00019844,estudiante,Zona 10,true,,UPDATE,8857
TC-00019851,,,false,2026-06-17 10:27:00,DELETE,11718
TC-00019854,trabajador,Zona 10,true,,INSERT,30464
TC-00019859,trabajador,Zona 6,true,,INSERT,13118
TC-00019861,general,Zona 1,true,,INSERT,5057
TC-00019862,trabajador,Santa Catarina Pinula,true,,INSERT,22829
TC-00019868,general,Zona 17,true,,UPDATE,11306
TC-00019872,estudiante,Zona 10,true,,INSERT,2075
TC-00019875,adulto_mayor,Zona 18,true,,UPDATE,14089
TC-00019876,general,Zona 10,true,,UPDATE,17569
TC-00019880,general,Zona 10,true,,INSERT,27128
TC-00019882,adulto_mayor,San Miguel Petapa,true,,UPDATE,10640
TC-00019884,trabajador,Zona 11,true,,UPDATE,12262
TC-00019885,adulto_mayor,San Miguel Petapa,true,,UPDATE,10685
TC-00019892,,,false,2026-06-12 03:46:00,DELETE,8233
TC-00019893,trabajador,Zona 12,true,,INSERT,29156
TC-00019895,trabajador,Zona 6,true,,INSERT,3568
TC-00019896,trabajador,Zona 6,false,2026-06-26 11:26:00,DELETE,17894
TC-00019897,estudiante,Zona 7,true,,UPDATE,29251
TC-00019903,,,false,2026-07-04 00:06:00,DELETE,23440
TC-00019908,estudiante,Zona 18,true,,INSERT,4242
TC-00019909,trabajador,Zona 8,true,,INSERT,30591
TC-00019911,general,San Miguel Petapa,true,,UPDATE,21166
TC-00019912,adulto_mayor,Zona 12,true,,UPDATE,2654
TC-00019921,trabajador,Zona 1,true,,INSERT,19501
TC-00019929,estudiante,Zona 6,true,,UPDATE,25825
TC-00019930,trabajador,Zona 10,true,,UPDATE,13407
TC-00019934,estudiante,Zona 8,true,,UPDATE,25109
TC-00019936,general,Zona 18,true,,UPDATE,27959
TC-00019939,estudiante,Zona 10,true,,UPDATE,7920
TC-00019940,general,Zona 18,true,,INSERT,30583
TC-00019941,,,false,2026-06-30 21:10:00,DELETE,20635
TC-00019947,adulto_mayor,Mixco,true,,UPDATE,12773
TC-00019948,trabajador,Mixco,true,,INSERT,22813
TC-00019949,general,Zona 11,true,,UPDATE,30919
TC-00019967,general,Zona 11,true,,UPDATE,27412
TC-00019969,trabajador,Zona 10,true,,UPDATE,7966
TC-00019973,estudiante,Mixco,true,,UPDATE,4586
TC-00019983,,,false,2026-06-12 20:36:00,DELETE,8201
TC-00019988,estudiante,Zona 7,true,,INSERT,5633
TC-00019990,trabajador,Zona 18,true,,INSERT,26241
TC-00019994,general,Zona 7,true,,UPDATE,12174
TC-00019996,trabajador,Zona 12,true,,UPDATE,18978
TC-00019998,trabajador,Zona 11,true,,UPDATE,12237
TC-00020003,general,Zona 4,true,,UPDATE,30706
TC-00020005,adulto_mayor,Zona 6,true,,INSERT,8412
TC-00020008,,,false,2026-06-10 17:15:00,DELETE,6828
TC-00020015,general,San Miguel Petapa,true,,UPDATE,29300
TC-00020018,trabajador,Zona 6,true,,INSERT,25588
TC-00020022,trabajador,Zona 10,true,,INSERT,12451
TC-00020031,adulto_mayor,Zona 10,true,,UPDATE,19105
TC-00020034,estudiante,Zona 17,true,,UPDATE,3259
TC-00020037,general,Zona 11,true,,UPDATE,30805
TC-00020039,estudiante,Zona 9,true,,UPDATE,12691
TC-00020045,estudiante,Zona 4,true,,INSERT,17995
TC-00020047,estudiante,Zona 13,true,,INSERT,22969
TC-00020049,,,false,2026-06-14 15:00:00,DELETE,9614
TC-00020050,estudiante,Zona 12,true,,UPDATE,19670
TC-00020057,,,false,2026-07-13 23:13:00,DELETE,29626
TC-00020063,adulto_mayor,Zona 9,true,,UPDATE,10895
TC-00020065,general,Zona 6,true,,UPDATE,20413
TC-00020073,trabajador,Zona 11,true,,UPDATE,21240
TC-00020074,general,Zona 1,true,,UPDATE,2343
TC-00020077,trabajador,Zona 17,true,,INSERT,25018
TC-00020080,trabajador,Zona 1,true,,INSERT,13325
TC-00020081,,,false,2026-07-13 17:57:00,DELETE,29583
TC-00020088,trabajador,Zona 4,true,,INSERT,28468
TC-00020099,,,false,2026-06-18 09:35:00,DELETE,12409
TC-00020101,,,false,2026-07-08 07:10:00,DELETE,26161
TC-00020103,trabajador,Villa Nueva,true,,INSERT,29816
TC-00020108,trabajador,Zona 12,true,,INSERT,3559
TC-00020109,,,false,2026-06-11 07:12:00,DELETE,7590
TC-00020110,trabajador,Zona 10,true,,UPDATE,27452
TC-00020112,estudiante,Zona 11,false,2026-06-29 19:12:00,DELETE,20004
TC-00020114,adulto_mayor,Zona 18,true,,UPDATE,14928
TC-00020117,adulto_mayor,Zona 7,true,,INSERT,12532
TC-00020121,estudiante,Zona 10,true,,INSERT,5024
TC-00020122,estudiante,Zona 12,true,,UPDATE,4667
TC-00020123,estudiante,Zona 7,true,,UPDATE,28065
TC-00020127,adulto_mayor,San Miguel Petapa,true,,UPDATE,3930
TC-00020130,,,false,2026-06-13 08:14:00,DELETE,8901
TC-00020133,trabajador,Zona 9,true,,INSERT,20882
TC-00020134,adulto_mayor,Mixco,true,,UPDATE,21709
TC-00020138,trabajador,Villa Nueva,true,,INSERT,25675
TC-00020141,trabajador,Villa Nueva,true,,UPDATE,19200
TC-00020143,trabajador,Zona 7,true,,INSERT,29095
TC-00020147,trabajador,San Miguel Petapa,true,,INSERT,9764
TC-00020149,estudiante,Zona 17,true,,UPDATE,1027
TC-00020152,adulto_mayor,Zona 6,true,,UPDATE,24420
TC-00020154,adulto_mayor,Zona 18,true,,INSERT,12447
TC-00020155,general,Mixco,true,,INSERT,29152
TC-00020157,estudiante,Zona 7,true,,UPDATE,18262
TC-00020163,adulto_mayor,Zona 12,true,,UPDATE,3970
TC-00020164,estudiante,Villa Nueva,true,,INSERT,4199
TC-00020168,estudiante,Zona 7,true,,INSERT,20892
TC-00020170,general,Zona 12,false,2026-07-06 20:48:00,DELETE,24782
TC-00020176,,,false,2026-06-10 15:32:00,DELETE,6812
TC-00020178,adulto_mayor,Zona 18,true,,UPDATE,23931
TC-00020185,,,false,2026-07-03 03:44:00,DELETE,22703
TC-00020190,trabajador,Zona 9,true,,UPDATE,18492
TC-00020192,general,Zona 11,true,,UPDATE,16249
TC-00020197,,,false,2026-07-05 14:03:00,DELETE,24101
TC-00020201,general,San Miguel Petapa,true,,UPDATE,18334
TC-00020205,estudiante,Mixco,true,,INSERT,29731
TC-00020206,adulto_mayor,Zona 8,true,,UPDATE,14795
TC-00020209,general,Villa Nueva,true,,INSERT,21535
TC-00020212,estudiante,Zona 13,true,,UPDATE,21972
TC-00020214,trabajador,Zona 9,true,,UPDATE,13589
TC-00020227,estudiante,Villa Nueva,true,,UPDATE,6598
TC-00020228,adulto_mayor,Zona 13,true,,UPDATE,27453
TC-00020230,estudiante,Zona 13,true,,UPDATE,18497
TC-00020232,general,Zona 8,true,,UPDATE,10719
TC-00020237,trabajador,Zona 11,true,,UPDATE,10215
TC-00020239,trabajador,Zona 4,true,,INSERT,25061
TC-00020240,trabajador,Zona 10,true,,UPDATE,7153
TC-00020241,general,Zona 17,true,,UPDATE,18478
TC-00020246,trabajador,Zona 12,true,,INSERT,22086
TC-00020251,estudiante,Zona 13,true,,INSERT,10478
TC-00020260,trabajador,Zona 17,true,,UPDATE,21783
TC-00020261,general,Zona 12,true,,INSERT,22996
TC-00020263,trabajador,Villa Nueva,true,,UPDATE,10872
TC-00020264,general,Zona 8,true,,UPDATE,6583
TC-00020265,,,false,2026-07-06 20:42:00,DELETE,24776
TC-00020274,trabajador,Zona 9,true,,UPDATE,28609
TC-00020276,,,false,2026-06-23 07:47:00,DELETE,15861
TC-00020277,estudiante,Villa Nueva,true,,INSERT,12486
TC-00020278,trabajador,Zona 17,true,,UPDATE,30616
TC-00020279,general,Zona 8,true,,UPDATE,30931
TC-00020283,estudiante,San Miguel Petapa,true,,UPDATE,16318
TC-00020285,general,Zona 7,true,,UPDATE,3762
TC-00020291,trabajador,Zona 17,true,,UPDATE,26570
TC-00020293,estudiante,Mixco,true,,INSERT,7760
TC-00020294,,,false,2026-06-12 07:01:00,DELETE,8276
TC-00020298,trabajador,Zona 17,true,,INSERT,16661
TC-00020299,general,Zona 11,true,,INSERT,24906
TC-00020300,estudiante,Villa Nueva,true,,INSERT,30492
TC-00020301,estudiante,Zona 4,true,,UPDATE,12985
TC-00020302,general,Mixco,true,,INSERT,26456
TC-00020305,general,Zona 18,true,,UPDATE,7457
TC-00020324,adulto_mayor,Zona 9,true,,UPDATE,27348
TC-00020326,trabajador,Zona 13,true,,INSERT,2849
TC-00020327,trabajador,Zona 9,true,,INSERT,2951
TC-00020328,estudiante,Santa Catarina Pinula,true,,UPDATE,9987
TC-00020329,trabajador,Zona 4,true,,INSERT,14546
TC-00020335,estudiante,Zona 9,true,,UPDATE,30147
TC-00020341,,,false,2026-06-04 13:51:00,DELETE,2676
TC-00020348,estudiante,Zona 13,true,,INSERT,22835
TC-00020350,adulto_mayor,Villa Nueva,true,,UPDATE,25224
TC-00020352,estudiante,Zona 8,true,,INSERT,29118
TC-00020356,estudiante,Mixco,true,,INSERT,15924
TC-00020364,adulto_mayor,Zona 4,true,,UPDATE,26680
TC-00020365,general,Zona 11,false,2026-07-02 05:23:00,DELETE,22026
TC-00020368,estudiante,Villa Nueva,true,,UPDATE,4030
TC-00020373,trabajador,Zona 7,true,,INSERT,14522
TC-00020374,estudiante,Zona 6,true,,INSERT,5551
TC-00020376,,,false,2026-06-08 12:46:00,DELETE,5496
TC-00020378,estudiante,Mixco,true,,INSERT,22101
TC-00020381,general,Zona 11,true,,INSERT,19472
TC-00020385,adulto_mayor,Zona 6,true,,INSERT,27002
TC-00020391,,,false,2026-07-08 13:05:00,DELETE,26147
TC-00020393,estudiante,Villa Nueva,true,,UPDATE,11402
TC-00020397,trabajador,Zona 9,true,,INSERT,4857
TC-00020399,,,false,2026-06-29 03:04:00,DELETE,19934
TC-00020401,general,Zona 9,true,,UPDATE,5827
TC-00020402,estudiante,San Miguel Petapa,true,,UPDATE,9249
TC-00020411,trabajador,Zona 12,true,,INSERT,13291
TC-00020412,adulto_mayor,Zona 7,true,,UPDATE,12840
TC-00020414,trabajador,Zona 11,true,,UPDATE,3893
TC-00020417,estudiante,Zona 1,true,,UPDATE,26503
TC-00020418,,,false,2026-06-29 00:55:00,DELETE,19990
TC-00020426,trabajador,San Miguel Petapa,true,,INSERT,8373
TC-00020427,,,false,2026-06-23 00:43:00,DELETE,15825
TC-00020428,general,Zona 6,true,,UPDATE,30784
TC-00020429,trabajador,Zona 6,true,,INSERT,8381
TC-00020435,general,Villa Nueva,true,,INSERT,26266
TC-00020441,adulto_mayor,Zona 4,true,,UPDATE,16935
TC-00020442,general,Santa Catarina Pinula,true,,UPDATE,11373
TC-00020446,general,Zona 7,true,,UPDATE,21657
TC-00020452,trabajador,Zona 17,true,,INSERT,5702
TC-00020464,trabajador,Santa Catarina Pinula,true,,INSERT,2816
TC-00020465,adulto_mayor,Zona 4,true,,INSERT,13981
TC-00020477,trabajador,Villa Nueva,true,,INSERT,29821
TC-00020483,estudiante,Mixco,true,,UPDATE,25782
TC-00020491,adulto_mayor,Zona 11,true,,UPDATE,20594
TC-00020492,,,false,2026-06-26 21:06:00,DELETE,17893
TC-00020495,trabajador,Zona 4,true,,UPDATE,16989
TC-00020498,trabajador,Zona 12,true,,UPDATE,28058
TC-00020499,,,false,2026-07-11 20:58:00,DELETE,28203
TC-00020501,general,Zona 12,true,,UPDATE,20393
TC-00020502,trabajador,Zona 18,true,,UPDATE,8028
TC-00020505,adulto_mayor,Zona 8,true,,UPDATE,26466
TC-00020522,estudiante,Villa Nueva,true,,UPDATE,4515
TC-00020523,trabajador,Zona 1,true,,INSERT,6220
TC-00020524,trabajador,Zona 12,true,,UPDATE,2349
TC-00020525,adulto_mayor,Zona 6,true,,INSERT,700
TC-00020526,trabajador,Villa Nueva,true,,INSERT,28298
TC-00020527,adulto_mayor,Zona 11,false,2026-07-06 10:25:00,DELETE,24830
TC-00020532,general,Mixco,true,,UPDATE,28149
TC-00020535,trabajador,Zona 10,true,,INSERT,25671
TC-00020537,general,Zona 8,true,,UPDATE,28774
TC-00020538,trabajador,Zona 13,true,,INSERT,9695
TC-00020544,general,San Miguel Petapa,true,,UPDATE,20514
TC-00020548,general,Santa Catarina Pinula,true,,UPDATE,10796
TC-00020550,,,false,2026-06-29 14:38:00,DELETE,19995
TC-00020551,general,Zona 10,true,,INSERT,20094
TC-00020552,estudiante,Zona 9,true,,UPDATE,4595
TC-00020555,estudiante,Zona 8,true,,UPDATE,415
TC-00020560,general,Zona 7,true,,UPDATE,16932
TC-00020561,trabajador,San Miguel Petapa,true,,INSERT,22151
TC-00020564,trabajador,Zona 9,true,,INSERT,20092
TC-00020566,adulto_mayor,Zona 17,true,,UPDATE,21083
TC-00020570,adulto_mayor,Zona 18,true,,UPDATE,3304
TC-00020572,adulto_mayor,Zona 6,true,,INSERT,26245
TC-00020575,trabajador,Zona 18,true,,INSERT,29909
TC-00020584,trabajador,Zona 18,true,,INSERT,20776
TC-00020586,,,false,2026-06-07 17:59:00,DELETE,4760
TC-00020594,general,Zona 1,true,,INSERT,11041
TC-00020602,trabajador,Zona 7,true,,INSERT,18819
TC-00020603,trabajador,Villa Nueva,true,,INSERT,20203
TC-00020604,,,false,2026-07-06 17:59:00,DELETE,24762
TC-00020608,estudiante,Zona 1,false,2026-07-02 04:17:00,DELETE,22049
TC-00020612,adulto_mayor,Mixco,true,,INSERT,26308
TC-00020614,estudiante,Zona 9,true,,UPDATE,21753
TC-00020618,adulto_mayor,Zona 1,true,,UPDATE,14400
TC-00020620,trabajador,Villa Nueva,true,,INSERT,9129
TC-00020622,adulto_mayor,Zona 13,true,,UPDATE,10007
TC-00020624,adulto_mayor,Santa Catarina Pinula,true,,UPDATE,12138
TC-00020625,adulto_mayor,Mixco,true,,UPDATE,13651
TC-00020627,estudiante,Zona 17,true,,UPDATE,28659
TC-00020632,adulto_mayor,Santa Catarina Pinula,true,,UPDATE,15025
TC-00020637,trabajador,Mixco,true,,INSERT,6902
TC-00020638,estudiante,Zona 1,true,,UPDATE,15031
TC-00020639,trabajador,San Miguel Petapa,true,,UPDATE,23754
TC-00020642,,,false,2026-06-08 19:44:00,DELETE,5440
TC-00020648,estudiante,Zona 7,true,,UPDATE,18274
TC-00020649,trabajador,Santa Catarina Pinula,false,2026-06-23 23:03:00,DELETE,15859
TC-00020652,trabajador,Zona 4,true,,UPDATE,25383
TC-00020655,trabajador,Zona 17,true,,UPDATE,7143
TC-00020656,trabajador,Zona 6,true,,INSERT,30425
TC-00020661,trabajador,Zona 9,true,,UPDATE,27419
TC-00020663,trabajador,Zona 4,true,,UPDATE,5960
TC-00020669,trabajador,Zona 11,true,,UPDATE,8155
TC-00020670,general,Zona 1,true,,UPDATE,12124
TC-00020672,,,false,2026-07-01 08:57:00,DELETE,21381
TC-00020679,trabajador,Zona 8,true,,UPDATE,8740
TC-00020684,estudiante,San Miguel Petapa,true,,UPDATE,17023
TC-00020695,trabajador,Zona 4,true,,INSERT,22947
TC-00020700,trabajador,Mixco,true,,INSERT,24355
TC-00020702,adulto_mayor,Zona 9,true,,UPDATE,18514
TC-00020704,general,Zona 12,true,,UPDATE,1279
TC-00020708,trabajador,Zona 12,true,,INSERT,21596
TC-00020714,adulto_mayor,Santa Catarina Pinula,true,,UPDATE,19046
TC-00020715,adulto_mayor,Zona 4,true,,INSERT,21505
TC-00020716,trabajador,Zona 7,true,,UPDATE,13489
TC-00020719,estudiante,Zona 18,true,,INSERT,10420
TC-00020721,,,false,2026-07-05 20:15:00,DELETE,24131
TC-00020725,general,Zona 18,true,,UPDATE,21745
TC-00020727,general,Zona 12,true,,UPDATE,30127
TC-00020730,estudiante,Zona 11,true,,UPDATE,1869
TC-00020731,trabajador,Santa Catarina Pinula,true,,INSERT,14623
TC-00020732,trabajador,Zona 17,true,,UPDATE,2377
TC-00020733,general,Zona 11,true,,INSERT,14710
TC-00020739,adulto_mayor,Zona 13,false,2026-07-12 16:32:00,DELETE,28929
TC-00020742,general,Zona 17,true,,UPDATE,20346
TC-00020743,,,false,2026-06-17 21:51:00,DELETE,11667
TC-00020744,general,Zona 7,true,,INSERT,24960
TC-00020745,trabajador,Zona 12,true,,INSERT,20146
TC-00020746,estudiante,Villa Nueva,true,,UPDATE,21748
TC-00020748,general,San Miguel Petapa,true,,UPDATE,25431
TC-00020753,general,Zona 1,true,,UPDATE,23095
TC-00020758,trabajador,Zona 1,true,,INSERT,24323
TC-00020761,,,false,2026-07-01 18:01:00,DELETE,21345
TC-00020764,,,false,2026-07-01 02:55:00,DELETE,21338
TC-00020765,trabajador,Zona 12,true,,UPDATE,28806
TC-00020766,,,false,2026-07-12 03:54:00,DELETE,28980
TC-00020767,general,Zona 8,true,,UPDATE,26760
TC-00020768,trabajador,Zona 13,true,,UPDATE,30710
TC-00020769,trabajador,San Miguel Petapa,true,,UPDATE,16320
TC-00020770,,,false,2026-06-11 13:28:00,DELETE,7585
TC-00020772,general,Zona 18,true,,INSERT,2173
TC-00020773,,,false,2026-06-10 03:58:00,DELETE,6888
TC-00020781,trabajador,Villa Nueva,true,,UPDATE,1970
TC-00020793,,,false,2026-07-03 15:43:00,DELETE,22721
TC-00020803,adulto_mayor,Zona 4,true,,UPDATE,16466
TC-00020808,general,Zona 10,true,,UPDATE,1051
TC-00020810,trabajador,Zona 1,true,,UPDATE,15038
TC-00020812,adulto_mayor,San Miguel Petapa,true,,UPDATE,13638
TC-00020823,trabajador,Zona 12,true,,UPDATE,24687
TC-00020824,adulto_mayor,Mixco,true,,UPDATE,29283
TC-00020826,trabajador,Zona 8,true,,UPDATE,971
TC-00020827,trabajador,Santa Catarina Pinula,true,,INSERT,18727
TC-00020829,general,Zona 12,false,2026-06-14 20:48:00,DELETE,9655
TC-00020839,estudiante,Zona 17,true,,UPDATE,24425
TC-00020849,trabajador,Zona 6,true,,INSERT,29024
TC-00020851,trabajador,Zona 10,true,,INSERT,107
TC-00020852,estudiante,Zona 17,true,,UPDATE,12688
TC-00020853,adulto_mayor,Zona 12,true,,UPDATE,21715
TC-00020858,general,Zona 17,true,,UPDATE,18230
TC-00020865,,,false,2026-06-06 05:17:00,DELETE,4113
TC-00020866,trabajador,Zona 9,true,,INSERT,1448
TC-00020873,,,false,2026-06-21 14:19:00,DELETE,14435
TC-00020875,trabajador,Villa Nueva,true,,UPDATE,10223
TC-00020877,general,Zona 7,true,,UPDATE,3253
TC-00020887,general,Zona 17,true,,UPDATE,29297
TC-00020894,trabajador,Zona 8,true,,INSERT,9761
TC-00020895,general,Mixco,true,,INSERT,2147
TC-00020898,adulto_mayor,Zona 18,true,,UPDATE,18885
TC-00020901,,,false,2026-06-09 14:40:00,DELETE,6199
TC-00020906,estudiante,Zona 9,true,,UPDATE,29338
TC-00020912,general,Zona 10,true,,UPDATE,28184
TC-00020914,trabajador,San Miguel Petapa,true,,INSERT,23584
TC-00020915,general,San Miguel Petapa,true,,UPDATE,19682
TC-00020916,estudiante,Zona 4,true,,UPDATE,26092
TC-00020921,trabajador,Villa Nueva,true,,UPDATE,20382
TC-00020931,estudiante,Mixco,true,,UPDATE,21078
TC-00020932,estudiante,Zona 17,true,,UPDATE,361
TC-00020934,trabajador,Zona 18,true,,INSERT,24350
TC-00020935,,,false,2026-06-17 11:50:00,DELETE,11645
TC-00020936,trabajador,Zona 12,true,,INSERT,17290
TC-00020938,estudiante,Mixco,true,,INSERT,14512
TC-00020943,,,false,2026-07-08 10:51:00,DELETE,26148
TC-00020948,adulto_mayor,Zona 9,true,,INSERT,5749
TC-00020949,estudiante,Zona 11,true,,INSERT,15267
TC-00020953,trabajador,Zona 12,true,,INSERT,28423
TC-00020960,trabajador,Zona 18,true,,UPDATE,5854
TC-00020961,,,false,2026-07-13 09:20:00,DELETE,29638
TC-00020975,trabajador,Zona 10,true,,INSERT,20135
TC-00020978,general,Mixco,true,,UPDATE,18887
TC-00020981,adulto_mayor,Zona 18,true,,UPDATE,1093
TC-00020990,trabajador,Zona 11,true,,INSERT,19460
TC-00020991,trabajador,Zona 17,true,,UPDATE,26491
TC-00020994,trabajador,Zona 10,true,,INSERT,29676
TC-00020997,estudiante,Zona 8,true,,UPDATE,30158
TC-00021000,adulto_mayor,Zona 17,true,,UPDATE,18897
TC-00021006,trabajador,Zona 4,true,,INSERT,20077
TC-00021010,trabajador,Zona 13,true,,UPDATE,25228
TC-00021012,,,false,2026-07-10 06:09:00,DELETE,27554
TC-00021013,adulto_mayor,Zona 9,true,,UPDATE,29257
TC-00021015,general,Villa Nueva,true,,UPDATE,19878
TC-00021016,adulto_mayor,Zona 11,true,,UPDATE,10241
TC-00021028,trabajador,Zona 10,true,,UPDATE,30190
TC-00021030,general,Zona 6,true,,UPDATE,453
TC-00021047,trabajador,Zona 6,true,,UPDATE,1121
TC-00021051,estudiante,Mixco,true,,INSERT,4178
TC-00021053,estudiante,Zona 1,true,,INSERT,18058
TC-00021059,trabajador,Zona 10,true,,INSERT,24364
TC-00021060,trabajador,Zona 13,true,,UPDATE,28588
TC-00021068,trabajador,Zona 7,true,,UPDATE,16921
TC-00021072,trabajador,Zona 6,true,,UPDATE,18949
TC-00021073,trabajador,Zona 18,true,,INSERT,20732
TC-00021076,estudiante,Santa Catarina Pinula,true,,UPDATE,29395
TC-00021077,trabajador,Zona 17,true,,UPDATE,28772
TC-00021086,trabajador,Mixco,false,2026-06-21 22:14:00,DELETE,14463
TC-00021089,,,false,2026-06-04 10:32:00,DELETE,2698
TC-00021097,general,Zona 11,true,,INSERT,20897
TC-00021099,general,San Miguel Petapa,true,,INSERT,25693
TC-00021100,adulto_mayor,Zona 6,true,,UPDATE,30745
TC-00021101,general,Zona 8,true,,UPDATE,11982
TC-00021103,estudiante,Zona 8,true,,UPDATE,8827
TC-00021106,trabajador,Mixco,true,,INSERT,22800
TC-00021107,trabajador,Santa Catarina Pinula,true,,INSERT,9696
TC-00021116,adulto_mayor,Zona 6,true,,UPDATE,21145
TC-00021121,,,false,2026-06-26 16:15:00,DELETE,17911
TC-00021124,estudiante,Santa Catarina Pinula,true,,UPDATE,7873
TC-00021126,adulto_mayor,San Miguel Petapa,true,,UPDATE,8735
TC-00021138,trabajador,Zona 12,true,,UPDATE,28135
TC-00021140,,,false,2026-07-04 06:37:00,DELETE,23410
TC-00021143,estudiante,Villa Nueva,true,,UPDATE,29949
TC-00021146,estudiante,Zona 17,true,,INSERT,27713
TC-00021147,trabajador,Santa Catarina Pinula,true,,INSERT,27685
TC-00021150,adulto_mayor,Zona 18,true,,INSERT,20157
TC-00021152,estudiante,Zona 18,true,,UPDATE,10051
TC-00021153,general,Zona 9,true,,UPDATE,3786
TC-00021154,estudiante,Mixco,true,,INSERT,27129
TC-00021157,estudiante,Zona 8,true,,UPDATE,20341
TC-00021159,trabajador,Mixco,true,,UPDATE,7238
TC-00021160,adulto_mayor,Zona 8,true,,UPDATE,1686
TC-00021161,adulto_mayor,Zona 9,true,,UPDATE,30111
TC-00021165,general,Mixco,true,,UPDATE,22473
TC-00021170,general,Zona 6,true,,INSERT,8287
TC-00021172,,,false,2026-06-28 02:18:00,DELETE,19316
TC-00021178,trabajador,Zona 7,true,,INSERT,11920
TC-00021181,,,false,2026-06-29 00:58:00,DELETE,19992
TC-00021184,trabajador,Zona 12,true,,INSERT,25572
TC-00021185,trabajador,Zona 6,true,,INSERT,25543
TC-00021190,trabajador,Villa Nueva,true,,INSERT,20810
TC-00021196,trabajador,Zona 1,true,,INSERT,29129
TC-00021199,trabajador,Zona 9,true,,INSERT,14026
TC-00021200,estudiante,Zona 18,true,,UPDATE,20529
TC-00021203,estudiante,Santa Catarina Pinula,true,,UPDATE,21711
TC-00021207,estudiante,Zona 7,true,,UPDATE,8172
TC-00021208,trabajador,Zona 13,true,,INSERT,9124
TC-00021209,trabajador,Zona 4,true,,INSERT,26362
TC-00021211,adulto_mayor,Zona 13,true,,UPDATE,23773
TC-00021215,adulto_mayor,Zona 17,true,,INSERT,6444
TC-00021224,adulto_mayor,Zona 7,true,,UPDATE,29408
TC-00021225,general,Zona 1,true,,UPDATE,30034
TC-00021227,estudiante,Mixco,true,,UPDATE,10824
TC-00021235,adulto_mayor,Zona 6,true,,UPDATE,20251
TC-00021236,estudiante,Zona 17,true,,UPDATE,14100
TC-00021237,trabajador,Zona 6,false,2026-06-08 07:52:00,DELETE,5443
TC-00021238,adulto_mayor,Zona 11,true,,UPDATE,12199
TC-00021249,trabajador,Zona 7,true,,UPDATE,3095
TC-00021254,trabajador,San Miguel Petapa,true,,INSERT,25707
TC-00021255,adulto_mayor,Mixco,true,,UPDATE,5101
TC-00021256,,,false,2026-07-11 22:48:00,DELETE,28213
TC-00021265,,,false,2026-06-30 14:18:00,DELETE,20652
TC-00021274,trabajador,Zona 4,true,,UPDATE,10145
TC-00021275,trabajador,San Miguel Petapa,true,,UPDATE,28754
TC-00021278,estudiante,Mixco,true,,UPDATE,4524
TC-00021279,trabajador,Zona 10,true,,UPDATE,6758
TC-00021280,trabajador,Zona 12,true,,INSERT,20846
TC-00021283,estudiante,Zona 17,true,,INSERT,11240
TC-00021284,trabajador,Zona 1,true,,INSERT,8413
TC-00021285,trabajador,Zona 18,true,,UPDATE,29337
TC-00021287,adulto_mayor,Zona 18,true,,UPDATE,16918
TC-00021288,estudiante,Zona 11,true,,INSERT,27615
TC-00021292,general,Villa Nueva,true,,UPDATE,19898
TC-00021296,,,false,2026-07-01 11:58:00,DELETE,21319
TC-00021301,,,false,2026-06-10 11:05:00,DELETE,6826
TC-00021302,general,Zona 4,true,,UPDATE,24655
TC-00021304,adulto_mayor,Zona 10,true,,UPDATE,21804
TC-00021311,general,Zona 8,true,,UPDATE,27980
TC-00021315,trabajador,Zona 11,true,,INSERT,3553
TC-00021321,adulto_mayor,Zona 6,true,,UPDATE,27340
TC-00021322,trabajador,Santa Catarina Pinula,true,,INSERT,17973
TC-00021331,trabajador,Zona 1,true,,UPDATE,11359
TC-00021339,adulto_mayor,Zona 8,true,,UPDATE,19005
TC-00021341,adulto_mayor,Zona 4,true,,UPDATE,5826
TC-00021348,general,Santa Catarina Pinula,true,,INSERT,22224
TC-00021351,estudiante,Zona 11,true,,INSERT,21493
TC-00021352,trabajador,Santa Catarina Pinula,true,,INSERT,25755
TC-00021356,trabajador,Zona 10,true,,INSERT,22142
TC-00021359,estudiante,Mixco,true,,UPDATE,15635
TC-00021360,estudiante,Zona 17,true,,INSERT,6939
TC-00021363,trabajador,Zona 18,true,,UPDATE,20260
TC-00021369,estudiante,Zona 17,true,,UPDATE,546
TC-00021376,adulto_mayor,Zona 12,true,,UPDATE,6067
TC-00021382,,,false,2026-06-29 13:03:00,DELETE,20009
TC-00021388,estudiante,Zona 7,true,,UPDATE,3959
TC-00021389,trabajador,Zona 17,true,,INSERT,17394
TC-00021391,,,false,2026-06-21 15:40:00,DELETE,14409
TC-00021395,trabajador,Zona 11,true,,UPDATE,17720
TC-00021396,estudiante,Villa Nueva,true,,INSERT,10399
TC-00021397,trabajador,San Miguel Petapa,true,,INSERT,13284
TC-00021399,estudiante,Zona 12,true,,INSERT,12541
TC-00021403,estudiante,Zona 8,true,,UPDATE,29398
TC-00021406,adulto_mayor,Zona 8,true,,UPDATE,24027
TC-00021407,general,Zona 13,true,,UPDATE,27968
TC-00021408,estudiante,San Miguel Petapa,true,,UPDATE,7921
TC-00021418,adulto_mayor,San Miguel Petapa,true,,UPDATE,2658
TC-00021422,adulto_mayor,Villa Nueva,true,,UPDATE,30157
TC-00021423,trabajador,Zona 10,true,,INSERT,24965
TC-00021432,adulto_mayor,Zona 13,true,,INSERT,19456
TC-00021434,general,Zona 13,true,,UPDATE,21732
TC-00021439,general,Zona 4,true,,UPDATE,15759
TC-00021442,adulto_mayor,Zona 18,true,,UPDATE,9331
TC-00021444,general,Zona 12,true,,UPDATE,21204
TC-00021445,trabajador,Zona 6,true,,INSERT,7033
TC-00021449,,,false,2026-06-23 11:32:00,DELETE,15869
TC-00021450,trabajador,Zona 13,true,,INSERT,9663
TC-00021464,general,San Miguel Petapa,true,,INSERT,30589
TC-00021468,,,false,2026-06-27 02:55:00,DELETE,18604
TC-00021471,estudiante,Zona 8,true,,INSERT,25078
TC-00021472,adulto_mayor,Zona 13,true,,UPDATE,27190
TC-00021476,general,Zona 9,true,,UPDATE,14274
TC-00021477,trabajador,Zona 12,true,,UPDATE,23936
TC-00021478,trabajador,Zona 7,true,,UPDATE,17020
TC-00021479,general,Zona 10,true,,UPDATE,23791
TC-00021480,trabajador,Zona 1,true,,INSERT,19372
TC-00021484,estudiante,Zona 18,true,,UPDATE,17650
TC-00021489,adulto_mayor,Zona 1,true,,INSERT,20800
TC-00021495,general,Zona 8,true,,UPDATE,9294
TC-00021497,trabajador,Zona 11,true,,UPDATE,30160
TC-00021500,estudiante,Zona 9,true,,UPDATE,11549
TC-00021501,trabajador,Santa Catarina Pinula,true,,UPDATE,5999
TC-00021502,trabajador,Zona 8,true,,INSERT,28409
TC-00021504,trabajador,Santa Catarina Pinula,true,,UPDATE,16845
TC-00021506,,,false,2026-06-24 17:32:00,DELETE,16535
TC-00021507,trabajador,Zona 17,true,,INSERT,28472
TC-00021508,estudiante,Mixco,true,,INSERT,11135
TC-00021514,estudiante,Mixco,true,,INSERT,18115
TC-00021523,estudiante,Villa Nueva,true,,UPDATE,14812
TC-00021527,estudiante,Mixco,true,,INSERT,24184
TC-00021528,trabajador,Santa Catarina Pinula,true,,INSERT,1590
TC-00021532,estudiante,Zona 1,true,,INSERT,15995
TC-00021535,adulto_mayor,Zona 11,true,,UPDATE,13659
TC-00021537,adulto_mayor,Zona 12,true,,UPDATE,28804
TC-00021538,trabajador,Zona 8,true,,UPDATE,30242
TC-00021544,,,false,2026-06-01 00:01:00,DELETE,649
TC-00021548,adulto_mayor,Zona 1,false,2026-07-04 21:09:00,DELETE,23417
TC-00021550,adulto_mayor,Zona 8,true,,UPDATE,12136
TC-00021552,trabajador,Zona 8,true,,INSERT,23008
TC-00021564,trabajador,Zona 12,true,,INSERT,21512
TC-00021565,estudiante,Mixco,true,,UPDATE,30894
TC-00021568,trabajador,Villa Nueva,true,,UPDATE,9324
TC-00021570,trabajador,Zona 17,true,,INSERT,24263
TC-00021573,trabajador,Zona 8,true,,INSERT,26382
TC-00021574,estudiante,Zona 9,true,,UPDATE,26477
TC-00021575,general,Zona 8,true,,UPDATE,27495
TC-00021579,estudiante,Zona 9,true,,INSERT,30539
TC-00021580,general,Villa Nueva,false,2026-07-09 05:48:00,DELETE,26821
TC-00021586,adulto_mayor,Zona 10,true,,UPDATE,5264
TC-00021587,trabajador,Zona 12,true,,INSERT,29218
TC-00021588,estudiante,Villa Nueva,true,,UPDATE,17021
TC-00021589,trabajador,Villa Nueva,false,2026-06-11 20:40:00,DELETE,7556
TC-00021592,adulto_mayor,Zona 10,true,,UPDATE,3912
TC-00021593,,,false,2026-06-13 06:12:00,DELETE,8883
TC-00021596,general,Santa Catarina Pinula,true,,UPDATE,8118
TC-00021600,adulto_mayor,Zona 9,true,,UPDATE,30154
TC-00021602,trabajador,Zona 11,true,,UPDATE,30801
TC-00021607,trabajador,Zona 12,true,,UPDATE,4646
TC-00021610,trabajador,Zona 9,true,,UPDATE,15070
TC-00021611,trabajador,Zona 1,true,,UPDATE,17142
TC-00021612,trabajador,Villa Nueva,true,,UPDATE,9990
TC-00021614,estudiante,San Miguel Petapa,true,,UPDATE,15528
TC-00021618,estudiante,Zona 18,true,,UPDATE,10130
TC-00021619,,,false,2026-06-08 21:33:00,DELETE,5505
TC-00021620,general,Zona 1,true,,UPDATE,26804
TC-00021623,,,false,2026-06-29 04:29:00,DELETE,19924
TC-00021624,estudiante,Zona 8,true,,UPDATE,19587
TC-00021627,trabajador,Zona 18,true,,INSERT,20138
TC-00021630,adulto_mayor,Zona 9,true,,UPDATE,25295
TC-00021633,,,false,2026-06-15 09:07:00,DELETE,10302
TC-00021635,estudiante,Zona 13,false,2026-07-03 23:41:00,DELETE,22717
TC-00021637,estudiante,San Miguel Petapa,true,,INSERT,7742
TC-00021638,trabajador,Zona 17,true,,INSERT,11057
TC-00021642,estudiante,Zona 1,true,,UPDATE,26535
TC-00021644,trabajador,San Miguel Petapa,true,,UPDATE,21927
TC-00021647,,,false,2026-06-24 03:33:00,DELETE,16548
TC-00021653,trabajador,Zona 4,true,,UPDATE,20974
TC-00021654,adulto_mayor,Zona 8,true,,INSERT,20764
TC-00021656,trabajador,Zona 7,true,,UPDATE,25806
TC-00021661,trabajador,Zona 1,true,,INSERT,24913
TC-00021664,general,Zona 17,true,,INSERT,20043
TC-00021667,estudiante,Zona 6,true,,INSERT,22198
TC-00021674,estudiante,Zona 8,true,,UPDATE,20297
TC-00021678,trabajador,Zona 11,true,,INSERT,4141
TC-00021682,estudiante,Zona 4,true,,UPDATE,5278
TC-00021689,estudiante,Zona 8,true,,UPDATE,15067
TC-00021692,estudiante,Zona 18,true,,UPDATE,20544
TC-00021695,general,Zona 12,true,,UPDATE,21061
TC-00021699,adulto_mayor,Zona 9,false,2026-06-30 10:40:00,DELETE,20666
TC-00021702,trabajador,Zona 6,true,,UPDATE,3908
TC-00021714,general,Zona 18,true,,UPDATE,5842
TC-00021717,adulto_mayor,Zona 12,true,,UPDATE,26729
TC-00021720,,,false,2026-06-26 19:12:00,DELETE,17883
TC-00021734,trabajador,Zona 9,true,,INSERT,24296
TC-00021735,estudiante,Zona 7,true,,UPDATE,30650
TC-00021739,adulto_mayor,Zona 4,true,,UPDATE,5160
TC-00021741,trabajador,Zona 10,true,,INSERT,11181
TC-00021747,trabajador,Zona 6,true,,UPDATE,6656
TC-00021750,estudiante,Zona 12,true,,UPDATE,28582
TC-00021755,general,Zona 17,true,,UPDATE,29525
TC-00021758,general,Zona 17,true,,UPDATE,2431
TC-00021761,adulto_mayor,Zona 1,true,,UPDATE,18904
TC-00021763,general,Santa Catarina Pinula,true,,UPDATE,5840
TC-00021767,trabajador,Zona 7,true,,INSERT,814
TC-00021768,estudiante,Villa Nueva,true,,INSERT,22791
TC-00021769,trabajador,Santa Catarina Pinula,true,,INSERT,24164
TC-00021770,adulto_mayor,Zona 1,true,,INSERT,22967
TC-00021773,estudiante,Zona 8,true,,UPDATE,21895
TC-00021775,general,Zona 9,true,,UPDATE,30645
TC-00021784,adulto_mayor,Zona 12,true,,UPDATE,488
TC-00021786,trabajador,Zona 11,true,,UPDATE,11348
TC-00021787,trabajador,Zona 8,true,,INSERT,30515
TC-00021795,estudiante,Villa Nueva,true,,INSERT,27731
TC-00021802,general,Zona 17,true,,UPDATE,2374
TC-00021803,adulto_mayor,Zona 18,true,,UPDATE,25372
TC-00021804,adulto_mayor,Zona 6,true,,UPDATE,25140
TC-00021807,general,Zona 1,true,,INSERT,15283
TC-00021811,adulto_mayor,Zona 7,false,2026-06-03 07:09:00,DELETE,2052
TC-00021812,trabajador,Santa Catarina Pinula,true,,INSERT,15980
TC-00021815,trabajador,Zona 1,true,,UPDATE,1759
TC-00021820,trabajador,Zona 18,true,,UPDATE,4702
TC-00021824,general,Zona 17,true,,INSERT,14581
TC-00021826,general,Zona 6,true,,INSERT,21433
TC-00021827,adulto_mayor,Zona 18,true,,UPDATE,16268
TC-00021830,adulto_mayor,Zona 6,true,,UPDATE,25379
TC-00021832,adulto_mayor,Zona 8,true,,UPDATE,30773
TC-00021836,trabajador,Zona 7,true,,INSERT,2818
TC-00021837,estudiante,Zona 10,true,,UPDATE,25392
TC-00021840,estudiante,Zona 11,true,,INSERT,28351
TC-00021841,adulto_mayor,Zona 10,true,,UPDATE,3098
TC-00021842,,,false,2026-06-11 23:00:00,DELETE,7534
TC-00021843,general,Santa Catarina Pinula,true,,UPDATE,15701
TC-00021844,estudiante,Zona 18,true,,UPDATE,22521
TC-00021845,general,Santa Catarina Pinula,true,,UPDATE,25322
TC-00021850,trabajador,Santa Catarina Pinula,true,,UPDATE,14961
TC-00021851,general,Zona 1,true,,UPDATE,17493
TC-00021857,general,Zona 12,true,,UPDATE,29318
TC-00021859,trabajador,Zona 4,true,,UPDATE,540
TC-00021868,general,Villa Nueva,true,,INSERT,2128
TC-00021871,trabajador,Zona 18,true,,UPDATE,24659
TC-00021873,adulto_mayor,Villa Nueva,true,,INSERT,16054
TC-00021874,trabajador,Zona 10,true,,INSERT,23619
TC-00021883,general,Zona 18,true,,UPDATE,17037
TC-00021884,trabajador,Santa Catarina Pinula,true,,INSERT,2948
TC-00021885,trabajador,Zona 18,true,,UPDATE,15682
TC-00021888,,,false,2026-06-09 23:44:00,DELETE,6196
TC-00021889,general,Santa Catarina Pinula,true,,INSERT,24900
TC-00021891,general,San Miguel Petapa,true,,INSERT,7040
TC-00021899,trabajador,Zona 9,true,,INSERT,29797
TC-00021900,adulto_mayor,Zona 7,true,,INSERT,26979
TC-00021903,trabajador,Zona 8,true,,INSERT,22288
TC-00021905,,,false,2026-07-13 19:36:00,DELETE,29629
TC-00021907,trabajador,Zona 9,true,,UPDATE,8851
TC-00021910,adulto_mayor,Santa Catarina Pinula,true,,UPDATE,8163
TC-00021919,trabajador,Zona 4,true,,INSERT,17376
TC-00021925,trabajador,Villa Nueva,true,,INSERT,12494
TC-00021928,estudiante,Zona 11,true,,UPDATE,5131
TC-00021929,,,false,2026-06-25 22:58:00,DELETE,17216
TC-00021933,estudiante,Santa Catarina Pinula,true,,UPDATE,27865
TC-00021934,trabajador,Zona 12,true,,INSERT,18760
TC-00021937,trabajador,Zona 9,true,,INSERT,24908
TC-00021938,general,Zona 18,true,,INSERT,2848
TC-00021939,general,Santa Catarina Pinula,true,,UPDATE,25861
TC-00021942,trabajador,Zona 17,true,,UPDATE,3276
TC-00021946,general,Zona 13,true,,INSERT,29120
TC-00021947,adulto_mayor,Zona 9,true,,UPDATE,25979
TC-00021954,trabajador,Zona 8,true,,INSERT,17397
TC-00021957,adulto_mayor,Zona 7,true,,UPDATE,27928
TC-00021959,estudiante,Zona 8,true,,INSERT,21567
TC-00021960,estudiante,Zona 4,false,2026-06-26 04:56:00,DELETE,17939
TC-00021961,estudiante,Zona 9,true,,UPDATE,26496
TC-00021963,estudiante,Zona 4,true,,UPDATE,9915
TC-00021966,trabajador,Zona 1,false,2026-06-09 17:14:00,DELETE,6186
TC-00021968,estudiante,Zona 13,true,,INSERT,27835
TC-00021978,adulto_mayor,Zona 7,true,,UPDATE,3009
TC-00021980,general,Zona 12,true,,UPDATE,23847
TC-00021988,estudiante,Villa Nueva,true,,INSERT,24935
TC-00021991,general,Zona 7,true,,UPDATE,28786
TC-00021993,estudiante,Zona 4,true,,UPDATE,18973
TC-00021994,trabajador,Mixco,true,,INSERT,9043
TC-00021995,trabajador,Zona 18,true,,UPDATE,17564
TC-00022001,trabajador,Zona 11,true,,UPDATE,4647
TC-00022002,trabajador,Santa Catarina Pinula,true,,INSERT,21609
TC-00022003,estudiante,Zona 4,true,,UPDATE,30950
TC-00022004,,,false,2026-06-29 21:01:00,DELETE,19966
TC-00022005,trabajador,Villa Nueva,true,,INSERT,30473
TC-00022006,trabajador,Zona 12,true,,UPDATE,13571
TC-00022007,trabajador,Zona 17,true,,INSERT,29859
TC-00022008,,,false,2026-06-22 01:35:00,DELETE,15148
TC-00022010,estudiante,Zona 1,true,,UPDATE,20411
TC-00022012,trabajador,Zona 13,false,2026-06-29 15:01:00,DELETE,19984
TC-00022017,,,false,2026-06-27 17:25:00,DELETE,18566
TC-00022018,adulto_mayor,Zona 11,true,,INSERT,30381
TC-00022020,estudiante,Zona 10,true,,UPDATE,9230
TC-00022021,,,false,2026-07-04 00:00:00,DELETE,23408
TC-00022025,estudiante,Zona 4,true,,INSERT,26344
TC-00022029,estudiante,San Miguel Petapa,true,,UPDATE,20473
TC-00022033,general,Zona 6,true,,INSERT,13979
TC-00022041,,,false,2026-06-13 21:09:00,DELETE,8927
TC-00022045,general,Mixco,true,,INSERT,26938
TC-00022050,estudiante,Zona 6,true,,UPDATE,23020
TC-00022052,general,Zona 8,false,2026-07-05 22:42:00,DELETE,24114
TC-00022054,,,false,2026-06-08 22:41:00,DELETE,5437
TC-00022057,trabajador,Santa Catarina Pinula,true,,UPDATE,28097
TC-00022063,estudiante,Zona 11,true,,INSERT,158
TC-00022064,general,Zona 1,true,,UPDATE,11508
TC-00022073,estudiante,Zona 8,true,,INSERT,20737
TC-00022075,estudiante,Zona 7,true,,UPDATE,25413
TC-00022083,trabajador,Mixco,true,,INSERT,7043
TC-00022085,general,Zona 9,true,,INSERT,13204
TC-00022086,adulto_mayor,San Miguel Petapa,true,,UPDATE,3319
TC-00022088,adulto_mayor,Zona 9,true,,INSERT,20852
TC-00022089,trabajador,Zona 4,true,,UPDATE,30933
TC-00022090,adulto_mayor,Zona 7,true,,UPDATE,15600
TC-00022099,estudiante,Zona 1,true,,UPDATE,4393
TC-00022100,estudiante,Zona 6,true,,UPDATE,30857
TC-00022102,general,Zona 17,true,,INSERT,24892
TC-00022108,general,Zona 18,true,,INSERT,7048
TC-00022110,trabajador,Villa Nueva,true,,INSERT,16
TC-00022112,estudiante,Zona 12,true,,UPDATE,13698
TC-00022116,general,Zona 13,true,,UPDATE,26506
TC-00022117,estudiante,Zona 7,true,,UPDATE,27849
TC-00022119,adulto_mayor,Zona 18,true,,UPDATE,6712
TC-00022124,trabajador,Zona 6,true,,INSERT,22930
TC-00022130,trabajador,Mixco,true,,INSERT,11217
TC-00022148,trabajador,Zona 7,true,,UPDATE,10596
TC-00022151,general,Zona 17,true,,INSERT,28461
TC-00022153,estudiante,Zona 7,true,,UPDATE,14921
TC-00022159,estudiante,San Miguel Petapa,true,,INSERT,12554
TC-00022166,trabajador,Zona 9,true,,INSERT,22258
TC-00022168,trabajador,Zona 4,true,,INSERT,28390
TC-00022169,trabajador,Zona 7,true,,UPDATE,12784
TC-00022170,trabajador,Zona 1,true,,INSERT,24259
TC-00022178,trabajador,Zona 8,true,,INSERT,29031
TC-00022181,adulto_mayor,San Miguel Petapa,true,,UPDATE,14770
TC-00022183,,,false,2026-06-09 03:57:00,DELETE,6133
TC-00022186,trabajador,Mixco,true,,INSERT,22951
TC-00022194,general,Zona 9,true,,INSERT,11771
TC-00022195,general,Zona 6,true,,UPDATE,26562
TC-00022198,,,false,2026-06-25 22:46:00,DELETE,17172
TC-00022199,trabajador,Zona 18,true,,UPDATE,20340
TC-00022200,adulto_mayor,Villa Nueva,true,,INSERT,22885
TC-00022202,estudiante,Zona 4,true,,UPDATE,28717
TC-00022203,adulto_mayor,Zona 4,true,,INSERT,29210
TC-00022209,trabajador,Zona 11,true,,INSERT,26292
TC-00022210,trabajador,Zona 17,true,,INSERT,10404
TC-00022212,adulto_mayor,San Miguel Petapa,true,,UPDATE,14740
TC-00022215,trabajador,Mixco,true,,INSERT,29109
TC-00022216,,,false,2026-06-21 18:21:00,DELETE,14426
TC-00022218,estudiante,Zona 18,true,,UPDATE,5316
TC-00022221,trabajador,Santa Catarina Pinula,true,,INSERT,29785
TC-00022223,general,Zona 12,true,,UPDATE,17838
TC-00022227,estudiante,Zona 4,true,,UPDATE,16173
TC-00022229,trabajador,Zona 10,true,,INSERT,4982
TC-00022230,adulto_mayor,Villa Nueva,true,,INSERT,27837
TC-00022231,,,false,2026-07-08 15:46:00,DELETE,26153
TC-00022233,,,false,2026-06-11 23:34:00,DELETE,7577
TC-00022236,trabajador,Zona 12,true,,UPDATE,13457
TC-00022243,general,Zona 6,true,,UPDATE,7898
TC-00022246,estudiante,Zona 13,true,,INSERT,26966
TC-00022249,adulto_mayor,Zona 10,true,,UPDATE,12160
TC-00022250,general,Zona 8,true,,UPDATE,21090
TC-00022263,estudiante,Mixco,true,,INSERT,26956
TC-00022264,adulto_mayor,Zona 13,true,,UPDATE,16926
TC-00022265,,,false,2026-06-26 06:34:00,DELETE,17888
TC-00022267,trabajador,Zona 6,true,,UPDATE,28557
TC-00022268,general,Zona 10,true,,UPDATE,11422
TC-00022271,general,Zona 9,true,,UPDATE,7439
TC-00022277,general,Zona 6,true,,INSERT,18816
TC-00022285,general,Mixco,true,,UPDATE,12870
TC-00022287,estudiante,Santa Catarina Pinula,true,,UPDATE,7394
TC-00022288,trabajador,San Miguel Petapa,true,,INSERT,23547
TC-00022289,trabajador,Zona 17,true,,INSERT,19366
TC-00022290,trabajador,Zona 18,true,,INSERT,2299
TC-00022294,,,false,2026-07-12 23:46:00,DELETE,28947
TC-00022296,estudiante,San Miguel Petapa,true,,INSERT,13237
TC-00022298,estudiante,Zona 1,true,,UPDATE,24596
TC-00022300,general,Zona 1,true,,UPDATE,25925
TC-00022308,trabajador,Zona 1,true,,INSERT,74
TC-00022314,estudiante,Zona 6,true,,UPDATE,29428
TC-00022318,trabajador,Zona 17,true,,UPDATE,4014
TC-00022319,general,Zona 11,true,,INSERT,20106
TC-00022322,,,false,2026-07-05 01:15:00,DELETE,24089
TC-00022324,trabajador,Mixco,true,,INSERT,8289
TC-00022325,estudiante,Zona 9,true,,INSERT,30428
TC-00022331,trabajador,Zona 11,true,,INSERT,21471
TC-00022332,adulto_mayor,Zona 4,false,2026-06-22 08:50:00,DELETE,15170
TC-00022334,trabajador,Zona 6,true,,INSERT,22971
TC-00022335,,,false,2026-07-07 10:06:00,DELETE,25458
TC-00022336,adulto_mayor,Zona 12,true,,UPDATE,25313
TC-00022340,trabajador,Zona 17,true,,INSERT,20906
TC-00022341,estudiante,Santa Catarina Pinula,true,,UPDATE,6791
TC-00022343,general,Villa Nueva,true,,UPDATE,29246
TC-00022347,general,Zona 6,true,,UPDATE,19826
TC-00022351,trabajador,Zona 11,true,,UPDATE,13015
TC-00022352,,,false,2026-07-04 04:08:00,DELETE,23382
TC-00022353,estudiante,Zona 11,true,,UPDATE,9237
TC-00022355,adulto_mayor,Zona 4,true,,UPDATE,28852
TC-00022365,trabajador,Zona 6,true,,UPDATE,6010
TC-00022366,estudiante,Zona 6,true,,UPDATE,6695
TC-00022367,trabajador,Zona 7,true,,INSERT,29119
TC-00022368,trabajador,Zona 12,true,,UPDATE,30022
TC-00022371,estudiante,San Miguel Petapa,true,,UPDATE,14802
TC-00022374,trabajador,Zona 17,true,,INSERT,4151
TC-00022375,general,Villa Nueva,true,,UPDATE,30713
TC-00022379,adulto_mayor,Zona 9,true,,INSERT,13962
TC-00022383,trabajador,Zona 10,true,,INSERT,8292
TC-00022388,general,Zona 9,true,,UPDATE,1954
TC-00022390,,,false,2026-06-07 22:51:00,DELETE,4817
TC-00022391,trabajador,Zona 8,true,,UPDATE,10246
TC-00022394,,,false,2026-07-04 13:47:00,DELETE,23416
TC-00022398,general,Zona 12,true,,UPDATE,30089
TC-00022400,adulto_mayor,San Miguel Petapa,true,,UPDATE,8642
TC-00022405,estudiante,Zona 6,true,,UPDATE,14269
TC-00022409,trabajador,Zona 10,true,,UPDATE,21256
TC-00022412,adulto_mayor,Zona 11,true,,UPDATE,16827
TC-00022420,adulto_mayor,Zona 17,true,,UPDATE,4692
TC-00022421,estudiante,Zona 6,false,2026-07-09 09:39:00,DELETE,26825
TC-00022424,estudiante,Zona 6,true,,UPDATE,23105
TC-00022426,trabajador,Mixco,true,,INSERT,11200
TC-00022428,adulto_mayor,Zona 12,true,,UPDATE,26017
TC-00022433,general,Zona 10,true,,UPDATE,22336
TC-00022435,general,Zona 10,true,,INSERT,20034
TC-00022437,estudiante,Zona 18,true,,UPDATE,11311
TC-00022443,trabajador,Zona 18,true,,UPDATE,9982
TC-00022446,trabajador,Mixco,true,,INSERT,23497
TC-00022450,general,Zona 18,true,,UPDATE,10652
TC-00022451,general,Zona 8,true,,INSERT,27676
TC-00022454,,,false,2026-06-01 06:00:00,DELETE,624
TC-00022461,trabajador,Mixco,true,,UPDATE,30850
TC-00022472,,,false,2026-06-21 04:29:00,DELETE,14488
TC-00022477,estudiante,San Miguel Petapa,true,,UPDATE,18223
TC-00022478,trabajador,Zona 11,false,2026-06-22 11:11:00,DELETE,15135
TC-00022487,trabajador,Mixco,true,,UPDATE,9568
TC-00022489,adulto_mayor,Villa Nueva,true,,UPDATE,18335
TC-00022492,general,Zona 18,true,,UPDATE,25869
TC-00022493,estudiante,Zona 8,true,,INSERT,30367
TC-00022498,estudiante,Zona 18,true,,INSERT,14504
TC-00022500,adulto_mayor,Zona 18,true,,UPDATE,11437
TC-00022501,trabajador,Zona 18,true,,UPDATE,7360
TC-00022509,trabajador,Zona 11,true,,INSERT,10564
TC-00022512,,,false,2026-06-24 11:09:00,DELETE,16556
TC-00022513,general,Zona 8,true,,INSERT,13324
TC-00022516,trabajador,Zona 18,true,,UPDATE,12888
TC-00022519,general,Zona 6,true,,UPDATE,16444
TC-00022520,trabajador,Zona 18,true,,UPDATE,28006
TC-00022526,adulto_mayor,Zona 1,true,,UPDATE,16955
TC-00022528,estudiante,Zona 8,true,,UPDATE,11637
TC-00022530,adulto_mayor,Mixco,true,,UPDATE,22569
TC-00022533,adulto_mayor,Villa Nueva,true,,UPDATE,10746
TC-00022534,general,Zona 18,true,,UPDATE,1684
TC-00022546,trabajador,Villa Nueva,true,,INSERT,1431
TC-00022547,trabajador,Zona 6,true,,INSERT,27120
TC-00022548,general,Villa Nueva,true,,UPDATE,10861
TC-00022557,general,Zona 1,true,,INSERT,4210
TC-00022562,general,Villa Nueva,true,,UPDATE,15740
TC-00022565,estudiante,Zona 10,true,,INSERT,9077
TC-00022568,trabajador,Zona 18,true,,INSERT,19497
TC-00022570,,,false,2026-06-07 10:16:00,DELETE,4820
TC-00022575,,,false,2026-06-26 16:59:00,DELETE,17937
TC-00022577,adulto_mayor,Zona 4,true,,UPDATE,26045
TC-00022579,general,Zona 12,true,,UPDATE,26754
TC-00022580,adulto_mayor,Villa Nueva,true,,UPDATE,21098
TC-00022587,estudiante,Zona 7,true,,UPDATE,25118
TC-00022588,adulto_mayor,Zona 13,true,,UPDATE,24001
TC-00022591,adulto_mayor,Zona 17,true,,UPDATE,16414
TC-00022593,adulto_mayor,Zona 10,true,,UPDATE,25790
TC-00022594,trabajador,Zona 1,true,,INSERT,17448
TC-00022595,trabajador,Zona 1,true,,UPDATE,12000
TC-00022599,estudiante,Zona 9,false,2026-06-16 14:01:00,DELETE,11026
TC-00022603,general,Zona 8,true,,INSERT,28503
TC-00022607,general,Zona 10,true,,UPDATE,25129
TC-00022613,,,false,2026-06-22 18:31:00,DELETE,15173
TC-00022614,estudiante,Villa Nueva,true,,UPDATE,23161
TC-00022615,,,false,2026-07-08 06:57:00,DELETE,26172
TC-00022618,trabajador,Zona 13,true,,UPDATE,15730
TC-00022620,general,Zona 10,true,,UPDATE,11974
TC-00022624,,,false,2026-06-10 07:28:00,DELETE,6866
TC-00022626,general,Zona 10,true,,INSERT,29870
TC-00022628,estudiante,Zona 7,true,,UPDATE,15017
TC-00022636,estudiante,Zona 9,true,,UPDATE,4516
TC-00022644,estudiante,Zona 1,true,,UPDATE,9222
TC-00022653,general,San Miguel Petapa,true,,UPDATE,19020
TC-00022659,trabajador,Zona 13,true,,INSERT,27626
TC-00022663,general,Zona 11,true,,UPDATE,11611
TC-00022665,trabajador,Zona 1,true,,UPDATE,1139
TC-00022674,,,false,2026-07-02 15:45:00,DELETE,22047
TC-00022677,general,Zona 9,true,,UPDATE,10613
TC-00022681,adulto_mayor,Zona 11,false,2026-07-14 21:41:00,DELETE,30303
TC-00022685,adulto_mayor,Zona 7,true,,UPDATE,11380
TC-00022688,trabajador,Villa Nueva,true,,INSERT,30537
TC-00022689,general,Santa Catarina Pinula,true,,INSERT,17418
TC-00022692,estudiante,Zona 18,true,,UPDATE,27964
TC-00022698,trabajador,Zona 18,true,,INSERT,24384
TC-00022702,trabajador,Zona 1,true,,INSERT,20144
TC-00022703,estudiante,San Miguel Petapa,true,,UPDATE,17582
TC-00022704,general,Zona 11,true,,UPDATE,6049
TC-00022705,general,Zona 4,true,,UPDATE,21794
TC-00022706,trabajador,Zona 1,true,,INSERT,11122
TC-00022709,trabajador,Santa Catarina Pinula,true,,INSERT,27707
TC-00022711,general,Mixco,true,,UPDATE,27343
TC-00022715,general,Zona 17,true,,INSERT,12524
TC-00022725,general,Zona 18,true,,INSERT,17403
TC-00022727,,,false,2026-06-10 11:57:00,DELETE,6854
TC-00022729,estudiante,Villa Nueva,true,,UPDATE,23947
TC-00022733,trabajador,Zona 7,true,,INSERT,11259
TC-00022734,estudiante,Zona 13,true,,UPDATE,12694
TC-00022744,trabajador,Zona 13,true,,INSERT,20723
TC-00022749,adulto_mayor,Zona 13,true,,UPDATE,27463
TC-00022751,adulto_mayor,Zona 11,true,,UPDATE,21641
TC-00022756,,,false,2026-07-06 22:19:00,DELETE,24812
TC-00022761,estudiante,Zona 17,true,,UPDATE,25882
TC-00022769,estudiante,Zona 4,true,,UPDATE,29392
TC-00022773,trabajador,Zona 11,true,,INSERT,26264
TC-00022775,estudiante,Zona 13,true,,UPDATE,13434
TC-00022783,trabajador,Zona 10,true,,UPDATE,273
TC-00022785,trabajador,Zona 6,true,,UPDATE,7290
TC-00022789,trabajador,Zona 6,true,,INSERT,24185
TC-00022805,trabajador,Zona 4,true,,INSERT,11830
TC-00022811,trabajador,Zona 17,true,,INSERT,7771
TC-00022813,general,Zona 17,true,,UPDATE,19916
TC-00022816,trabajador,San Miguel Petapa,true,,UPDATE,5132
TC-00022818,general,Zona 8,true,,UPDATE,20992
TC-00022827,trabajador,Zona 13,true,,UPDATE,30121
TC-00022829,,,false,2026-06-22 09:33:00,DELETE,15099
TC-00022836,adulto_mayor,Zona 6,true,,UPDATE,15734
TC-00022840,,,false,2026-07-15 02:24:00,DELETE,31018
TC-00022841,trabajador,Zona 11,true,,UPDATE,18962
TC-00022842,general,Santa Catarina Pinula,true,,UPDATE,20578
TC-00022844,,,false,2026-06-16 13:38:00,DELETE,10975
TC-00022850,trabajador,Zona 8,true,,UPDATE,8648
TC-00022856,trabajador,Zona 11,true,,UPDATE,24426
TC-00022858,adulto_mayor,Santa Catarina Pinula,true,,UPDATE,21263
TC-00022859,trabajador,Zona 4,true,,UPDATE,9440
TC-00022862,,,false,2026-06-16 20:27:00,DELETE,11006
TC-00022864,trabajador,Zona 17,true,,INSERT,11839
TC-00022868,general,Zona 13,true,,UPDATE,8092
TC-00022870,estudiante,Zona 12,true,,UPDATE,347
TC-00022872,trabajador,Zona 6,true,,INSERT,23463
TC-00022875,adulto_mayor,Zona 4,true,,UPDATE,25397
TC-00022881,adulto_mayor,Zona 13,true,,UPDATE,8878
TC-00022883,general,Zona 12,true,,UPDATE,3854
TC-00022892,,,false,2026-06-05 12:24:00,DELETE,3396
TC-00022894,estudiante,Zona 11,true,,UPDATE,1148
TC-00022901,trabajador,Zona 10,true,,UPDATE,25320
TC-00022902,general,Zona 8,true,,INSERT,13890
TC-00022903,adulto_mayor,Zona 12,true,,UPDATE,7499
TC-00022906,estudiante,Zona 17,true,,UPDATE,2363
TC-00022908,estudiante,Zona 17,true,,INSERT,29016
TC-00022912,estudiante,Zona 1,true,,INSERT,16045
TC-00022914,general,Zona 4,true,,INSERT,12446
TC-00022915,trabajador,Zona 7,true,,INSERT,7596
TC-00022918,trabajador,Zona 9,true,,INSERT,20731
TC-00022919,estudiante,San Miguel Petapa,true,,UPDATE,19167
TC-00022926,general,Zona 6,true,,UPDATE,23266
TC-00022931,adulto_mayor,Zona 13,true,,INSERT,7685
TC-00022932,adulto_mayor,Zona 6,true,,UPDATE,23722
TC-00022933,adulto_mayor,Zona 9,true,,UPDATE,11370
TC-00022938,estudiante,Zona 13,true,,UPDATE,26594
TC-00022939,estudiante,Zona 12,true,,UPDATE,28695
TC-00022942,trabajador,Zona 6,true,,INSERT,28488
TC-00022947,adulto_mayor,San Miguel Petapa,true,,UPDATE,10833
TC-00022948,adulto_mayor,San Miguel Petapa,true,,UPDATE,8761
TC-00022951,trabajador,Santa Catarina Pinula,true,,INSERT,23562
TC-00022952,trabajador,Zona 11,true,,UPDATE,29513
TC-00022954,trabajador,Zona 10,true,,UPDATE,432
TC-00022957,general,Zona 17,true,,INSERT,12624
TC-00022960,trabajador,Zona 8,true,,UPDATE,14363
TC-00022962,adulto_mayor,Zona 10,true,,INSERT,20083
TC-00022963,trabajador,Zona 13,true,,INSERT,5624
TC-00022970,estudiante,Mixco,false,2026-07-10 23:36:00,DELETE,27564
TC-00022971,adulto_mayor,Zona 10,true,,INSERT,2139
TC-00022973,,,false,2026-06-11 10:00:00,DELETE,7550
TC-00022974,adulto_mayor,Zona 8,true,,UPDATE,27368
TC-00022975,general,Zona 10,true,,UPDATE,11346
TC-00022979,general,Zona 9,true,,UPDATE,18895
TC-00022981,trabajador,Zona 6,true,,UPDATE,15085
TC-00022983,estudiante,Santa Catarina Pinula,true,,INSERT,1498
TC-00022986,estudiante,Mixco,true,,INSERT,25741
TC-00022988,adulto_mayor,Zona 18,true,,UPDATE,27409
TC-00022993,adulto_mayor,Zona 8,true,,UPDATE,29440
TC-00023004,trabajador,Zona 17,true,,INSERT,10406
TC-00023005,estudiante,Zona 8,true,,INSERT,10413
TC-00023010,general,Zona 4,true,,INSERT,18018
TC-00023016,adulto_mayor,Santa Catarina Pinula,true,,UPDATE,30240
TC-00023018,trabajador,Mixco,true,,INSERT,9087
TC-00023019,general,Villa Nueva,true,,INSERT,26995
TC-00023021,adulto_mayor,Zona 17,true,,INSERT,13941
TC-00023023,trabajador,Zona 13,true,,INSERT,18015
TC-00023024,estudiante,Zona 11,true,,INSERT,30402
TC-00023026,general,Zona 8,true,,UPDATE,10950
TC-00023028,adulto_mayor,Mixco,true,,UPDATE,28571
TC-00023029,,,false,2026-06-11 15:53:00,DELETE,7530
TC-00023037,trabajador,Zona 1,true,,UPDATE,16362
TC-00023038,estudiante,Zona 10,true,,UPDATE,6083
TC-00023043,adulto_mayor,Zona 13,true,,INSERT,28997
TC-00023044,,,false,2026-06-11 12:41:00,DELETE,7543
TC-00023049,general,Santa Catarina Pinula,true,,INSERT,4331
TC-00023050,adulto_mayor,Zona 13,true,,UPDATE,7906
TC-00023051,adulto_mayor,Zona 1,true,,UPDATE,27975
TC-00023054,adulto_mayor,Zona 9,true,,INSERT,27125
TC-00023058,trabajador,San Miguel Petapa,true,,INSERT,19352
TC-00023065,estudiante,Villa Nueva,true,,UPDATE,11397
TC-00023066,estudiante,Zona 9,true,,INSERT,28481
TC-00023071,adulto_mayor,Zona 18,true,,UPDATE,18520
TC-00023073,trabajador,Zona 1,true,,INSERT,4219
TC-00023078,estudiante,Zona 9,true,,UPDATE,23149
TC-00023080,trabajador,Zona 18,true,,UPDATE,16228
TC-00023084,,,false,2026-07-05 06:14:00,DELETE,24095
TC-00023088,trabajador,Zona 10,true,,INSERT,21628
TC-00023094,adulto_mayor,Santa Catarina Pinula,true,,UPDATE,25421
TC-00023100,general,Zona 17,true,,UPDATE,22419
TC-00023101,adulto_mayor,Mixco,true,,UPDATE,22500
TC-00023105,estudiante,Zona 18,true,,INSERT,16706
TC-00023108,trabajador,Mixco,true,,INSERT,23592
TC-00023110,general,Zona 6,true,,INSERT,13274
TC-00023119,adulto_mayor,Zona 18,true,,UPDATE,24482
TC-00023120,trabajador,Zona 7,true,,UPDATE,29936
TC-00023123,trabajador,Zona 9,true,,UPDATE,9438
TC-00023129,trabajador,Villa Nueva,true,,INSERT,4889
TC-00023131,general,Zona 8,true,,INSERT,45
TC-00023132,trabajador,Villa Nueva,true,,INSERT,16047
TC-00023133,,,false,2026-06-05 23:23:00,DELETE,3388
TC-00023137,,,false,2026-06-24 03:48:00,DELETE,16538
TC-00023138,adulto_mayor,Zona 11,true,,INSERT,13815
TC-00023140,trabajador,Zona 7,true,,INSERT,9738
TC-00023150,general,Zona 8,true,,UPDATE,30647
TC-00023152,adulto_mayor,Zona 11,true,,UPDATE,26722
TC-00023154,trabajador,Zona 6,true,,UPDATE,24604
TC-00023159,adulto_mayor,Zona 1,true,,UPDATE,17108
TC-00023160,general,Zona 6,true,,INSERT,26987
TC-00023162,adulto_mayor,Mixco,true,,UPDATE,27912
TC-00023167,trabajador,Santa Catarina Pinula,true,,INSERT,14003
TC-00023177,,,false,2026-06-19 23:18:00,DELETE,13041
TC-00023178,,,false,2026-07-11 05:39:00,DELETE,28257
TC-00023183,,,false,2026-06-11 10:14:00,DELETE,7511
TC-00023186,estudiante,Zona 13,true,,INSERT,27819
TC-00023194,,,false,2026-07-14 12:59:00,DELETE,30336
TC-00023202,trabajador,Mixco,true,,INSERT,16721
TC-00023203,trabajador,San Miguel Petapa,true,,INSERT,10475
TC-00023204,adulto_mayor,Zona 1,true,,UPDATE,24628
TC-00023205,trabajador,Zona 11,true,,INSERT,24374
TC-00023211,adulto_mayor,San Miguel Petapa,true,,UPDATE,22329
TC-00023216,trabajador,Zona 17,true,,INSERT,8379
TC-00023218,estudiante,Zona 8,false,2026-06-27 15:36:00,DELETE,18561
TC-00023219,estudiante,Villa Nueva,true,,UPDATE,12854
TC-00023223,,,false,2026-06-25 16:07:00,DELETE,17236
TC-00023231,estudiante,Villa Nueva,true,,UPDATE,5860
TC-00023236,estudiante,Zona 7,true,,UPDATE,7988
TC-00023251,,,false,2026-06-17 07:16:00,DELETE,11644
TC-00023254,adulto_mayor,Zona 18,true,,UPDATE,15523
TC-00023260,estudiante,Santa Catarina Pinula,true,,UPDATE,23258
TC-00023262,estudiante,Zona 13,true,,INSERT,26399
TC-00023263,trabajador,Villa Nueva,true,,INSERT,9116
TC-00023266,trabajador,San Miguel Petapa,true,,UPDATE,7855
TC-00023282,trabajador,Villa Nueva,true,,UPDATE,24560
TC-00023291,adulto_mayor,Zona 12,true,,INSERT,23496
TC-00023292,adulto_mayor,Zona 7,true,,UPDATE,500
TC-00023295,general,Zona 1,true,,UPDATE,25179
TC-00023298,adulto_mayor,Zona 1,true,,UPDATE,6117
TC-00023299,trabajador,Zona 17,true,,INSERT,13852
TC-00023300,trabajador,Santa Catarina Pinula,true,,INSERT,2828
TC-00023302,trabajador,Mixco,true,,INSERT,155
TC-00023303,estudiante,Zona 11,true,,INSERT,22309
TC-00023308,general,San Miguel Petapa,false,2026-06-14 10:52:00,DELETE,9629
TC-00023309,trabajador,Zona 8,true,,INSERT,2761
TC-00023312,trabajador,Santa Catarina Pinula,true,,INSERT,26306
TC-00023314,trabajador,Zona 6,true,,UPDATE,294
TC-00023315,trabajador,Zona 8,true,,INSERT,16694
TC-00023316,trabajador,Zona 10,true,,UPDATE,16915
TC-00023317,trabajador,Zona 17,true,,UPDATE,1248
TC-00023324,trabajador,Zona 17,true,,INSERT,21442
TC-00023328,trabajador,Santa Catarina Pinula,true,,INSERT,18678
TC-00023330,trabajador,Zona 4,true,,INSERT,23632
TC-00023332,general,Zona 17,true,,UPDATE,3238
TC-00023338,trabajador,Villa Nueva,true,,UPDATE,18214
TC-00023341,estudiante,Zona 12,true,,UPDATE,13684
TC-00023342,estudiante,Zona 4,true,,INSERT,1542
TC-00023343,estudiante,Zona 17,true,,UPDATE,23173
TC-00023345,trabajador,San Miguel Petapa,true,,UPDATE,5307
TC-00023350,trabajador,Zona 11,true,,INSERT,1406
TC-00023364,trabajador,Zona 13,true,,INSERT,27618
TC-00023367,,,false,2026-06-04 01:39:00,DELETE,2736
TC-00023372,general,Villa Nueva,true,,UPDATE,12155
TC-00023378,,,false,2026-07-01 18:39:00,DELETE,21309
TC-00023381,,,false,2026-06-08 10:52:00,DELETE,5509
TC-00023383,trabajador,Zona 8,true,,INSERT,13160
TC-00023389,estudiante,Zona 6,true,,UPDATE,26815
TC-00023390,trabajador,Zona 13,true,,UPDATE,12850
TC-00023392,,,false,2026-06-24 22:20:00,DELETE,16471
TC-00023396,adulto_mayor,Zona 6,true,,UPDATE,15577
TC-00023397,estudiante,San Miguel Petapa,true,,INSERT,26365
TC-00023401,general,Zona 17,true,,INSERT,15356
TC-00023411,trabajador,Mixco,true,,UPDATE,18429
TC-00023413,estudiante,Zona 17,true,,UPDATE,19581
TC-00023421,trabajador,Zona 18,true,,INSERT,26926
TC-00023423,trabajador,Zona 7,true,,UPDATE,1656
TC-00023429,trabajador,Zona 11,true,,INSERT,27101
TC-00023433,trabajador,Mixco,true,,INSERT,26355
TC-00023438,trabajador,Zona 8,true,,INSERT,25733
TC-00023442,general,Zona 1,true,,UPDATE,1204
TC-00023445,trabajador,Zona 7,true,,UPDATE,27937
TC-00023448,estudiante,Zona 12,true,,UPDATE,23285
TC-00023452,general,San Miguel Petapa,true,,INSERT,5029
TC-00023457,estudiante,Santa Catarina Pinula,true,,UPDATE,974
TC-00023458,adulto_mayor,Mixco,true,,INSERT,25608
TC-00023460,,,false,2026-06-23 18:03:00,DELETE,15852
TC-00023461,trabajador,Zona 9,true,,UPDATE,27282
TC-00023463,adulto_mayor,Zona 6,true,,UPDATE,25811
TC-00023466,general,Zona 17,true,,UPDATE,27947
TC-00023467,estudiante,Zona 10,true,,UPDATE,19585
TC-00023470,trabajador,Zona 17,true,,UPDATE,5373
TC-00023482,estudiante,Zona 1,true,,UPDATE,22357
TC-00023483,trabajador,Zona 1,true,,UPDATE,16360
TC-00023490,trabajador,Zona 10,true,,UPDATE,17146
TC-00023497,trabajador,Zona 4,true,,INSERT,16613
TC-00023499,general,Zona 1,true,,INSERT,24220
TC-00023501,trabajador,Zona 10,true,,UPDATE,13523
TC-00023505,general,Zona 1,true,,UPDATE,1113
TC-00023518,adulto_mayor,Zona 10,true,,UPDATE,26733
TC-00023521,trabajador,Zona 4,true,,INSERT,4342
TC-00023525,estudiante,Villa Nueva,true,,INSERT,135
TC-00023528,general,Mixco,true,,UPDATE,29964
TC-00023533,,,false,2026-06-13 00:32:00,DELETE,8899
TC-00023538,trabajador,Santa Catarina Pinula,true,,INSERT,22979
TC-00023541,adulto_mayor,Zona 7,true,,UPDATE,12851
TC-00023546,general,Zona 9,true,,INSERT,22773
TC-00023553,general,Zona 4,true,,UPDATE,23719
TC-00023559,adulto_mayor,Santa Catarina Pinula,true,,UPDATE,11532
TC-00023563,,,false,2026-07-03 18:55:00,DELETE,22726
TC-00023565,trabajador,Zona 9,true,,INSERT,27080
TC-00023567,,,false,2026-06-06 23:03:00,DELETE,4104
TC-00023569,estudiante,Zona 6,true,,INSERT,19420
TC-00023570,trabajador,Zona 7,true,,UPDATE,30192
TC-00023576,,,false,2026-06-17 12:11:00,DELETE,11714
TC-00023577,trabajador,Mixco,true,,INSERT,21482
TC-00023580,general,Santa Catarina Pinula,true,,INSERT,5588
TC-00023582,,,false,2026-06-28 06:02:00,DELETE,19313
TC-00023583,adulto_mayor,Zona 17,false,2026-06-11 11:58:00,DELETE,7552
TC-00023584,general,Zona 7,true,,INSERT,7718
TC-00023589,general,Zona 4,true,,UPDATE,10193
TC-00023590,trabajador,Zona 1,true,,INSERT,2087
TC-00023591,trabajador,Zona 12,true,,UPDATE,24437
TC-00023592,general,Villa Nueva,true,,INSERT,27646
TC-00023595,estudiante,Zona 12,true,,UPDATE,30210
TC-00023601,trabajador,Zona 10,true,,UPDATE,29951
TC-00023605,general,Mixco,true,,UPDATE,1100
TC-00023609,adulto_mayor,Zona 9,true,,UPDATE,8122
TC-00023610,trabajador,Zona 18,true,,INSERT,14497
TC-00023617,estudiante,Zona 7,true,,INSERT,17309
TC-00023620,trabajador,Zona 6,true,,UPDATE,10692
TC-00023621,trabajador,Zona 13,false,2026-06-29 02:42:00,DELETE,20002
TC-00023626,,,false,2026-06-18 08:16:00,DELETE,12396
TC-00023634,estudiante,Zona 1,true,,UPDATE,12017
TC-00023637,,,false,2026-06-22 02:55:00,DELETE,15094
TC-00023640,general,Villa Nueva,true,,INSERT,17409
TC-00023641,trabajador,Zona 4,true,,INSERT,5614
TC-00023642,trabajador,Zona 13,true,,INSERT,28359
TC-00023655,estudiante,Zona 10,true,,UPDATE,25982
TC-00023659,trabajador,Zona 7,true,,UPDATE,5172
TC-00023660,estudiante,Mixco,true,,UPDATE,21767
TC-00023665,general,Zona 18,true,,INSERT,14531
TC-00023676,estudiante,Zona 9,true,,UPDATE,19747
TC-00023677,trabajador,Zona 17,true,,INSERT,906
TC-00023678,,,false,2026-06-12 02:12:00,DELETE,8227
TC-00023679,,,false,2026-07-11 09:58:00,DELETE,28222
TC-00023681,trabajador,Zona 9,true,,UPDATE,15488
TC-00023683,,,false,2026-07-03 01:49:00,DELETE,22722
TC-00023684,estudiante,Villa Nueva,true,,INSERT,4994
TC-00023685,adulto_mayor,Villa Nueva,true,,INSERT,8326
TC-00023690,trabajador,Zona 1,true,,INSERT,25705
TC-00023691,estudiante,Zona 10,true,,INSERT,2200
TC-00023692,adulto_mayor,Zona 10,true,,UPDATE,22668
TC-00023700,general,Santa Catarina Pinula,true,,INSERT,17402
TC-00023702,trabajador,Zona 1,false,2026-07-03 07:42:00,DELETE,22685
TC-00023704,trabajador,Zona 12,true,,INSERT,22187
TC-00023713,adulto_mayor,Zona 17,true,,UPDATE,9298
TC-00023715,adulto_mayor,Mixco,true,,UPDATE,12893
TC-00023718,general,Zona 8,true,,UPDATE,24468
TC-00023721,,,false,2026-06-12 13:35:00,DELETE,8216
TC-00023726,,,false,2026-07-08 08:13:00,DELETE,26145
TC-00023729,trabajador,Zona 4,true,,INSERT,15385
TC-00023739,estudiante,Villa Nueva,true,,INSERT,27765
TC-00023742,general,Zona 9,false,2026-07-05 10:04:00,DELETE,24112
TC-00023743,trabajador,Zona 12,true,,INSERT,20794
TC-00023749,trabajador,Zona 6,true,,UPDATE,24403
TC-00023763,trabajador,Zona 10,true,,UPDATE,16938
TC-00023781,general,Zona 13,true,,INSERT,29903
TC-00023786,general,Zona 18,true,,INSERT,7729
TC-00023791,estudiante,Santa Catarina Pinula,true,,UPDATE,30884
TC-00023800,general,Zona 17,true,,UPDATE,24705
TC-00023801,adulto_mayor,Zona 1,true,,UPDATE,13000
TC-00023802,trabajador,Santa Catarina Pinula,true,,INSERT,9846
TC-00023803,adulto_mayor,Zona 8,true,,UPDATE,30138
TC-00023809,general,San Miguel Petapa,true,,UPDATE,316
TC-00023812,estudiante,Zona 10,true,,UPDATE,18964
TC-00023822,trabajador,Zona 11,true,,INSERT,9703
TC-00023832,estudiante,Villa Nueva,true,,UPDATE,3957
TC-00023840,estudiante,Zona 8,true,,UPDATE,13643
TC-00023841,adulto_mayor,Zona 10,true,,UPDATE,14875
TC-00023848,trabajador,Zona 13,true,,INSERT,19424
TC-00023852,adulto_mayor,Zona 17,true,,UPDATE,19207
TC-00023853,trabajador,Zona 10,true,,INSERT,17482
TC-00023855,trabajador,Zona 18,true,,INSERT,25679
TC-00023859,,,false,2026-07-03 20:45:00,DELETE,22751
TC-00023867,trabajador,Zona 13,true,,UPDATE,1046
TC-00023871,adulto_mayor,Zona 4,true,,UPDATE,17118
TC-00023875,,,false,2026-06-03 06:58:00,DELETE,2047
TC-00023876,trabajador,Santa Catarina Pinula,true,,UPDATE,12041
TC-00023879,,,false,2026-06-16 02:55:00,DELETE,11000
TC-00023884,,,false,2026-07-07 14:50:00,DELETE,25487
TC-00023892,estudiante,Zona 12,true,,INSERT,17379
TC-00023895,estudiante,Zona 9,true,,UPDATE,1856
TC-00023897,general,Zona 13,false,2026-06-30 16:55:00,DELETE,20629
TC-00023898,general,Zona 6,true,,UPDATE,25263
TC-00023902,trabajador,Zona 11,true,,INSERT,12629
TC-00023907,trabajador,Zona 6,true,,UPDATE,1781
TC-00023911,general,Zona 9,true,,UPDATE,29353
TC-00023913,,,false,2026-06-29 18:17:00,DELETE,19994
TC-00023921,general,Zona 13,true,,UPDATE,3754
TC-00023923,trabajador,Zona 10,true,,INSERT,22246
TC-00023924,general,Zona 8,true,,INSERT,17303
TC-00023928,trabajador,Santa Catarina Pinula,true,,UPDATE,1719
TC-00023930,trabajador,Mixco,true,,INSERT,21520
TC-00023931,adulto_mayor,San Miguel Petapa,true,,UPDATE,26761
TC-00023939,general,Zona 10,true,,UPDATE,30074
TC-00023940,trabajador,Zona 12,true,,UPDATE,9301
TC-00023950,trabajador,Santa Catarina Pinula,true,,INSERT,24915
TC-00023951,estudiante,Zona 10,true,,UPDATE,26574
TC-00023955,adulto_mayor,Zona 7,true,,UPDATE,29280
TC-00023956,estudiante,San Miguel Petapa,true,,UPDATE,5152
TC-00023957,,,false,2026-06-11 04:11:00,DELETE,7538
TC-00023960,,,false,2026-06-19 15:32:00,DELETE,13039
TC-00023963,trabajador,Zona 4,true,,UPDATE,19787
TC-00023964,trabajador,Zona 8,true,,INSERT,17943
TC-00023965,estudiante,Zona 10,true,,UPDATE,10877
TC-00023968,adulto_mayor,Zona 17,true,,UPDATE,8149
TC-00023969,estudiante,Villa Nueva,true,,UPDATE,14140
TC-00023975,general,Villa Nueva,true,,UPDATE,8777
TC-00023978,general,Zona 12,true,,UPDATE,16120
TC-00023987,trabajador,Zona 8,true,,UPDATE,7493
TC-00023990,trabajador,Zona 18,true,,INSERT,28434
TC-00023994,general,Zona 12,true,,INSERT,16685
TC-00023996,general,Zona 11,true,,UPDATE,8748
TC-00024000,,,false,2026-06-19 05:57:00,DELETE,13078
TC-00024002,,,false,2026-06-03 04:57:00,DELETE,1981
TC-00024004,,,false,2026-06-18 07:44:00,DELETE,12398
TC-00024005,,,false,2026-07-09 02:18:00,DELETE,26895
TC-00024012,trabajador,Zona 10,true,,INSERT,20136
TC-00024013,general,Zona 13,true,,UPDATE,11597
TC-00024014,trabajador,Zona 1,true,,UPDATE,23136
TC-00024027,general,Zona 4,true,,INSERT,27089
TC-00024028,adulto_mayor,Mixco,true,,UPDATE,9359
TC-00024031,adulto_mayor,Zona 1,true,,UPDATE,13588
TC-00024033,trabajador,Zona 10,true,,INSERT,2881
TC-00024035,adulto_mayor,Zona 1,true,,UPDATE,3151
TC-00024036,general,Zona 1,true,,UPDATE,22531
TC-00024037,estudiante,Zona 18,true,,UPDATE,14845
TC-00024038,estudiante,Zona 4,true,,INSERT,15375
TC-00024039,general,Zona 17,true,,UPDATE,30665
TC-00024042,adulto_mayor,Santa Catarina Pinula,false,2026-07-06 18:02:00,DELETE,24766
TC-00024045,estudiante,Zona 4,true,,INSERT,24284
TC-00024046,general,San Miguel Petapa,true,,INSERT,20744
TC-00024050,general,Zona 10,true,,UPDATE,18271
TC-00024056,general,Zona 10,true,,UPDATE,12022
TC-00024057,adulto_mayor,Zona 4,true,,UPDATE,24499
TC-00024058,general,Zona 6,true,,UPDATE,29295
TC-00024062,adulto_mayor,Zona 11,true,,INSERT,16775
TC-00024065,general,Zona 6,true,,UPDATE,26468
TC-00024069,adulto_mayor,Santa Catarina Pinula,true,,UPDATE,30072
TC-00024072,estudiante,Zona 6,true,,UPDATE,3983
TC-00024075,general,Zona 8,false,2026-07-09 08:29:00,DELETE,26851
TC-00024082,adulto_mayor,Zona 1,true,,INSERT,829
TC-00024084,trabajador,Zona 17,true,,UPDATE,28077
TC-00024086,estudiante,Zona 7,true,,UPDATE,15493
TC-00024090,trabajador,Mixco,true,,INSERT,8337
TC-00024091,,,false,2026-06-26 12:56:00,DELETE,17906
TC-00024092,trabajador,Villa Nueva,true,,INSERT,24237
TC-00024094,,,false,2026-06-25 16:03:00,DELETE,17180
TC-00024096,,,false,2026-06-16 04:53:00,DELETE,11033
TC-00024098,estudiante,Zona 8,true,,UPDATE,19710
TC-00024100,adulto_mayor,Zona 10,true,,UPDATE,27332
TC-00024106,,,false,2026-07-09 05:23:00,DELETE,26904
TC-00024110,general,Zona 18,true,,UPDATE,18380
TC-00024111,general,Zona 6,true,,UPDATE,12900
TC-00024115,trabajador,Zona 18,true,,UPDATE,15694
TC-00024118,adulto_mayor,Zona 10,true,,UPDATE,10103
TC-00024119,general,Zona 11,true,,UPDATE,25865
TC-00024121,,,false,2026-06-26 16:45:00,DELETE,17855
TC-00024122,adulto_mayor,Zona 9,true,,UPDATE,3233
TC-00024123,,,false,2026-06-03 21:33:00,DELETE,1987
TC-00024129,trabajador,Zona 10,true,,UPDATE,28645
TC-00024133,trabajador,Zona 7,true,,INSERT,25699
TC-00024144,estudiante,Zona 18,true,,UPDATE,28112
TC-00024146,general,Zona 12,true,,UPDATE,16401
TC-00024147,,,false,2026-06-13 09:27:00,DELETE,8936
TC-00024149,trabajador,Zona 11,true,,INSERT,8334
TC-00024150,,,false,2026-06-14 11:54:00,DELETE,9649
TC-00024154,trabajador,Santa Catarina Pinula,true,,INSERT,18102
TC-00024166,adulto_mayor,Zona 1,true,,UPDATE,28700
TC-00024167,estudiante,Zona 18,true,,INSERT,8382
TC-00024176,,,false,2026-06-30 11:16:00,DELETE,20672
TC-00024182,estudiante,Santa Catarina Pinula,true,,UPDATE,27955
TC-00024183,,,false,2026-07-10 09:36:00,DELETE,27576
TC-00024185,general,Zona 13,true,,UPDATE,22411
TC-00024188,general,Zona 4,true,,UPDATE,5883
TC-00024209,trabajador,San Miguel Petapa,true,,UPDATE,11975
TC-00024217,estudiante,Zona 10,true,,INSERT,16677
TC-00024219,estudiante,Zona 10,true,,UPDATE,4663
TC-00024222,trabajador,Zona 6,true,,UPDATE,532
TC-00024225,general,Villa Nueva,true,,INSERT,9135
TC-00024226,general,Zona 13,true,,UPDATE,1882
TC-00024227,trabajador,Zona 18,true,,INSERT,17318
TC-00024228,trabajador,Mixco,true,,INSERT,8975
TC-00024230,estudiante,Mixco,true,,UPDATE,6788
TC-00024231,estudiante,San Miguel Petapa,true,,UPDATE,19613
TC-00024233,general,Villa Nueva,true,,INSERT,2910
TC-00024234,general,Zona 4,true,,UPDATE,10008
TC-00024236,general,Zona 17,true,,UPDATE,3777
TC-00024237,general,Zona 10,true,,UPDATE,2623
TC-00024238,estudiante,Zona 8,true,,UPDATE,1825
TC-00024239,estudiante,Mixco,true,,UPDATE,6480
TC-00024242,estudiante,Zona 13,true,,INSERT,28402
TC-00024248,trabajador,Zona 11,true,,INSERT,4173
TC-00024250,trabajador,San Miguel Petapa,true,,INSERT,30477
TC-00024253,trabajador,Zona 6,true,,INSERT,7739
TC-00024254,,,false,2026-06-18 05:19:00,DELETE,12399
TC-00024256,trabajador,Zona 11,true,,UPDATE,17050
TC-00024260,trabajador,Villa Nueva,true,,UPDATE,27353
TC-00024271,estudiante,Zona 12,true,,UPDATE,28141
TC-00024274,estudiante,Zona 4,true,,INSERT,7749
TC-00024282,adulto_mayor,Zona 8,true,,UPDATE,3174
TC-00024283,adulto_mayor,Zona 8,true,,UPDATE,30015
TC-00024284,general,Zona 18,true,,UPDATE,21883
TC-00024287,adulto_mayor,Zona 6,true,,UPDATE,15737
TC-00024289,general,Zona 1,true,,UPDATE,23135
TC-00024305,trabajador,Zona 9,true,,INSERT,8293
TC-00024308,trabajador,Villa Nueva,true,,INSERT,18638
TC-00024316,estudiante,Zona 4,true,,INSERT,15412
TC-00024319,estudiante,Zona 1,true,,INSERT,20109
TC-00024320,general,Zona 18,true,,UPDATE,28820
TC-00024322,trabajador,San Miguel Petapa,true,,INSERT,27107
TC-00024324,trabajador,Mixco,true,,INSERT,4833
TC-00024332,estudiante,San Miguel Petapa,true,,UPDATE,3012
TC-00024344,trabajador,Zona 13,true,,UPDATE,21705
TC-00024350,trabajador,San Miguel Petapa,true,,INSERT,28406
TC-00024356,adulto_mayor,Zona 18,false,2026-06-16 03:40:00,DELETE,10993
TC-00024358,trabajador,Zona 18,true,,UPDATE,30898
TC-00024359,trabajador,Santa Catarina Pinula,true,,INSERT,27123
TC-00024364,estudiante,Zona 6,true,,INSERT,27727
TC-00024366,estudiante,Zona 17,true,,INSERT,3465
TC-00024369,adulto_mayor,Zona 6,true,,INSERT,22956
TC-00024372,trabajador,Villa Nueva,true,,INSERT,12656
TC-00024374,trabajador,Zona 10,true,,INSERT,15987
TC-00024375,adulto_mayor,Zona 9,true,,INSERT,16653
TC-00024377,estudiante,Zona 7,true,,UPDATE,18524
TC-00024378,trabajador,Zona 12,true,,INSERT,9067
TC-00024379,trabajador,Zona 8,true,,INSERT,29754
TC-00024381,trabajador,Zona 18,true,,INSERT,12636
TC-00024383,adulto_mayor,Zona 11,true,,INSERT,28392
TC-00024385,estudiante,Santa Catarina Pinula,true,,UPDATE,8830
TC-00024387,estudiante,Zona 12,true,,UPDATE,19855
TC-00024390,trabajador,Zona 9,true,,INSERT,22976
TC-00024392,trabajador,Villa Nueva,true,,INSERT,21487
TC-00024398,estudiante,Zona 1,true,,UPDATE,25197
TC-00024399,general,Zona 12,true,,UPDATE,19828
TC-00024403,,,false,2026-06-23 04:48:00,DELETE,15786
TC-00024404,trabajador,Santa Catarina Pinula,true,,INSERT,18044
TC-00024405,,,false,2026-06-15 20:54:00,DELETE,10273
TC-00024407,trabajador,Santa Catarina Pinula,true,,INSERT,102
TC-00024408,estudiante,Villa Nueva,true,,UPDATE,3109
TC-00024409,,,false,2026-06-14 08:03:00,DELETE,9608
TC-00024410,trabajador,Villa Nueva,true,,UPDATE,12264
TC-00024418,trabajador,Zona 6,true,,INSERT,5677
TC-00024422,estudiante,Zona 18,true,,UPDATE,22493
TC-00024423,trabajador,Zona 10,true,,INSERT,23668
TC-00024425,general,Villa Nueva,true,,INSERT,29190
TC-00024430,trabajador,Zona 9,true,,UPDATE,1851
TC-00024431,trabajador,Villa Nueva,true,,INSERT,18167
TC-00024432,trabajador,Zona 7,true,,INSERT,12540
TC-00024437,estudiante,Zona 6,true,,INSERT,30444
TC-00024445,general,Zona 1,true,,UPDATE,7433
TC-00024447,general,San Miguel Petapa,true,,INSERT,21618
TC-00024450,general,Zona 1,true,,UPDATE,15471
TC-00024452,trabajador,Zona 17,true,,INSERT,28508
TC-00024461,adulto_mayor,Zona 9,true,,UPDATE,13007
TC-00024465,,,false,2026-07-04 07:53:00,DELETE,23378
TC-00024466,estudiante,Zona 1,true,,INSERT,29099
TC-00024467,general,Zona 13,true,,UPDATE,13531
TC-00024469,trabajador,Zona 6,true,,INSERT,4371
TC-00024471,,,false,2026-06-15 16:52:00,DELETE,10280
TC-00024473,estudiante,Mixco,true,,UPDATE,8070
TC-00024475,estudiante,Zona 6,true,,UPDATE,19786
TC-00024481,adulto_mayor,Zona 1,true,,UPDATE,7170
TC-00024483,,,false,2026-07-13 09:06:00,DELETE,29614
TC-00024487,estudiante,Zona 17,true,,UPDATE,18966
TC-00024488,trabajador,Zona 12,true,,INSERT,20721
TC-00024491,adulto_mayor,Zona 12,true,,UPDATE,19576
TC-00024492,adulto_mayor,Mixco,true,,UPDATE,5771
TC-00024500,,,false,2026-06-19 14:09:00,DELETE,13068
TC-00024501,trabajador,Zona 17,true,,UPDATE,29500
TC-00024507,general,Zona 7,true,,UPDATE,25254
TC-00024517,,,false,2026-07-10 21:20:00,DELETE,27552
TC-00024519,,,false,2026-06-11 00:51:00,DELETE,7547
TC-00024521,general,Mixco,true,,INSERT,26974
TC-00024524,estudiante,Zona 18,true,,UPDATE,30907
TC-00024529,general,Villa Nueva,true,,UPDATE,10185
TC-00024530,trabajador,Zona 9,true,,UPDATE,25434
TC-00024531,trabajador,Zona 7,true,,INSERT,15404
TC-00024532,general,Zona 13,true,,INSERT,22167
TC-00024533,estudiante,Zona 1,true,,UPDATE,15627
TC-00024537,trabajador,Santa Catarina Pinula,true,,UPDATE,16986
TC-00024544,general,Zona 6,true,,INSERT,8416
TC-00024545,,,false,2026-06-14 11:12:00,DELETE,9640
TC-00024546,trabajador,Zona 8,true,,UPDATE,4664
TC-00024549,,,false,2026-06-06 15:18:00,DELETE,4051
TC-00024550,estudiante,Mixco,true,,INSERT,30395
TC-00024551,trabajador,Zona 9,true,,INSERT,16783
TC-00024553,trabajador,Mixco,true,,INSERT,18137
TC-00024562,estudiante,San Miguel Petapa,true,,UPDATE,27382
TC-00024563,trabajador,Zona 1,true,,UPDATE,17806
TC-00024564,,,false,2026-07-08 14:53:00,DELETE,26135
TC-00024569,trabajador,Villa Nueva,true,,UPDATE,4658
TC-00024571,,,false,2026-06-10 08:55:00,DELETE,6875
TC-00024579,trabajador,Santa Catarina Pinula,true,,INSERT,20108
TC-00024582,,,false,2026-06-25 07:51:00,DELETE,17205
TC-00024584,trabajador,Zona 8,true,,UPDATE,9289
TC-00024586,trabajador,Zona 8,true,,UPDATE,18342
TC-00024595,adulto_mayor,Zona 13,true,,UPDATE,1089
TC-00024596,trabajador,Zona 13,true,,UPDATE,1764
TC-00024602,trabajador,Zona 11,true,,INSERT,1437
TC-00024604,,,false,2026-06-02 11:18:00,DELETE,1335
TC-00024608,adulto_mayor,Zona 7,true,,UPDATE,10076
TC-00024610,,,false,2026-06-20 23:21:00,DELETE,13778
TC-00024612,adulto_mayor,San Miguel Petapa,true,,INSERT,17365
TC-00024615,adulto_mayor,Zona 4,false,2026-07-06 04:39:00,DELETE,24767
TC-00024617,estudiante,Zona 18,true,,UPDATE,11636
TC-00024621,general,Zona 4,true,,INSERT,16734
TC-00024622,general,San Miguel Petapa,true,,UPDATE,23286
TC-00024626,estudiante,Mixco,true,,INSERT,19371
TC-00024629,general,San Miguel Petapa,true,,UPDATE,4416
TC-00024631,trabajador,San Miguel Petapa,true,,UPDATE,20560
TC-00024632,,,false,2026-07-07 10:36:00,DELETE,25474
TC-00024633,estudiante,Zona 18,true,,UPDATE,25826
TC-00024634,estudiante,Zona 1,true,,UPDATE,24486
TC-00024636,trabajador,Zona 9,true,,INSERT,2071
TC-00024643,trabajador,Zona 8,true,,INSERT,16634
TC-00024644,estudiante,San Miguel Petapa,true,,UPDATE,5285
TC-00024646,trabajador,Zona 11,true,,UPDATE,18404
TC-00024657,adulto_mayor,Zona 1,true,,UPDATE,1118
TC-00024658,adulto_mayor,Zona 4,true,,INSERT,3452
TC-00024660,adulto_mayor,Zona 6,true,,UPDATE,28120
TC-00024661,estudiante,Zona 8,true,,UPDATE,8524
TC-00024663,estudiante,Zona 7,true,,INSERT,3641
TC-00024666,,,false,2026-06-21 09:41:00,DELETE,14402
TC-00024667,trabajador,Zona 9,true,,INSERT,9106
TC-00024672,general,Zona 7,true,,UPDATE,12752
TC-00024675,general,Zona 13,true,,INSERT,11234
TC-00024676,adulto_mayor,Zona 1,true,,UPDATE,1101
TC-00024677,trabajador,Zona 7,true,,UPDATE,11442
TC-00024679,trabajador,Zona 10,true,,UPDATE,30958
TC-00024681,trabajador,Zona 11,true,,INSERT,803
TC-00024682,trabajador,Zona 11,true,,UPDATE,10841
TC-00024691,adulto_mayor,Zona 18,true,,INSERT,24265
TC-00024696,estudiante,Zona 12,true,,UPDATE,3034
TC-00024704,adulto_mayor,Zona 7,true,,INSERT,13136
TC-00024709,trabajador,Zona 18,true,,INSERT,29189
TC-00024718,general,San Miguel Petapa,true,,INSERT,19409
TC-00024720,adulto_mayor,Villa Nueva,true,,UPDATE,14389
TC-00024724,general,Villa Nueva,true,,INSERT,29186
TC-00024725,general,Zona 6,true,,INSERT,20176
TC-00024729,trabajador,Zona 7,true,,INSERT,6982
TC-00024739,,,false,2026-07-07 22:46:00,DELETE,25447
TC-00024741,adulto_mayor,Santa Catarina Pinula,true,,UPDATE,22416
TC-00024743,adulto_mayor,Santa Catarina Pinula,true,,UPDATE,21643
TC-00024745,trabajador,Mixco,true,,UPDATE,2643
TC-00024747,estudiante,Zona 10,true,,UPDATE,10019
TC-00024748,adulto_mayor,Zona 4,true,,UPDATE,18934
TC-00024751,trabajador,Zona 12,true,,UPDATE,27903
TC-00024752,trabajador,Zona 17,true,,UPDATE,19677
TC-00024755,estudiante,Zona 11,true,,INSERT,3566
TC-00024756,estudiante,Zona 1,true,,UPDATE,10134
TC-00024761,general,Zona 7,true,,UPDATE,26127
TC-00024762,,,false,2026-06-07 09:21:00,DELETE,4815
TC-00024767,trabajador,Zona 12,true,,INSERT,4248
TC-00024768,general,San Miguel Petapa,true,,UPDATE,20964
TC-00024774,adulto_mayor,Zona 8,true,,UPDATE,30123
TC-00024779,trabajador,Zona 8,true,,INSERT,27810
TC-00024784,general,Zona 4,true,,UPDATE,14382
TC-00024789,trabajador,San Miguel Petapa,true,,UPDATE,22665
TC-00024790,trabajador,Zona 9,true,,UPDATE,1912
TC-00024798,estudiante,Zona 1,true,,UPDATE,28641
TC-00024808,adulto_mayor,Zona 9,true,,UPDATE,29328
TC-00024811,trabajador,Zona 12,true,,INSERT,17988
TC-00024812,general,Villa Nueva,true,,UPDATE,12181
TC-00024817,adulto_mayor,Zona 11,true,,UPDATE,28119
TC-00024821,adulto_mayor,Zona 1,true,,INSERT,22191
TC-00024822,estudiante,Zona 10,true,,UPDATE,15665
TC-00024823,trabajador,Zona 10,true,,INSERT,14037
TC-00024829,estudiante,Zona 6,true,,INSERT,1589
TC-00024833,general,Villa Nueva,true,,UPDATE,30025
TC-00024837,general,Santa Catarina Pinula,false,2026-07-01 20:12:00,DELETE,21317
TC-00024840,general,Zona 7,true,,UPDATE,19101
TC-00024841,trabajador,Zona 17,true,,INSERT,8417
TC-00024842,general,Zona 18,true,,UPDATE,9246
TC-00024850,trabajador,Zona 9,true,,UPDATE,17006
TC-00024851,trabajador,Mixco,true,,INSERT,17269
TC-00024853,trabajador,Mixco,false,2026-07-09 23:47:00,DELETE,26907
TC-00024855,trabajador,Zona 8,true,,INSERT,16078
TC-00024860,trabajador,Zona 13,true,,UPDATE,14380
TC-00024862,general,Santa Catarina Pinula,true,,UPDATE,30790
TC-00024865,estudiante,Villa Nueva,true,,UPDATE,19006
TC-00024868,trabajador,San Miguel Petapa,true,,INSERT,2770
TC-00024876,trabajador,Zona 4,true,,UPDATE,333
TC-00024880,general,San Miguel Petapa,true,,UPDATE,18917
TC-00024882,estudiante,Zona 17,true,,UPDATE,16457
TC-00024891,estudiante,Zona 12,true,,INSERT,1617
TC-00024898,estudiante,Zona 6,true,,INSERT,2905
TC-00024901,trabajador,Zona 18,true,,UPDATE,8544
TC-00024903,general,Zona 13,true,,UPDATE,3694
TC-00024907,general,Zona 9,true,,UPDATE,12088
TC-00024915,trabajador,Zona 7,true,,INSERT,22899
TC-00024922,trabajador,Zona 9,true,,UPDATE,338
TC-00024926,trabajador,Mixco,true,,INSERT,30453
TC-00024928,general,Zona 12,true,,UPDATE,27375
TC-00024932,adulto_mayor,Zona 11,true,,UPDATE,10809
TC-00024936,estudiante,Zona 9,true,,INSERT,10351
TC-00024943,trabajador,Zona 4,true,,INSERT,19403
TC-00024944,trabajador,Zona 17,true,,INSERT,25544
TC-00024948,adulto_mayor,Santa Catarina Pinula,true,,UPDATE,7389
TC-00024950,trabajador,Zona 8,true,,UPDATE,5259
TC-00024951,trabajador,Zona 11,true,,INSERT,29721
TC-00024952,adulto_mayor,Zona 7,true,,UPDATE,21896
TC-00024954,adulto_mayor,Zona 9,true,,INSERT,12561
TC-00024956,trabajador,Zona 17,true,,INSERT,18667
TC-00024962,trabajador,Zona 9,true,,INSERT,2915
TC-00024965,general,Zona 1,false,2026-06-15 11:15:00,DELETE,10270
TC-00024983,adulto_mayor,Mixco,true,,UPDATE,28844
TC-00024992,adulto_mayor,San Miguel Petapa,true,,UPDATE,13003
TC-00024993,estudiante,Zona 10,true,,INSERT,12480
TC-00024994,general,Zona 8,true,,INSERT,15303
TC-00024997,trabajador,Zona 11,true,,INSERT,22914
TC-00024998,trabajador,San Miguel Petapa,true,,INSERT,4197
TC-00025005,estudiante,Zona 6,true,,UPDATE,6474
TC-00025008,,,false,2026-07-05 18:14:00,DELETE,24141
TC-00025012,general,Santa Catarina Pinula,true,,UPDATE,30778
TC-00025018,trabajador,Zona 7,true,,INSERT,23674
TC-00025021,adulto_mayor,Santa Catarina Pinula,true,,UPDATE,27445
TC-00025022,,,false,2026-07-04 02:10:00,DELETE,23460
TC-00025031,trabajador,Zona 9,true,,INSERT,15973
TC-00025033,general,Zona 8,true,,UPDATE,5949
TC-00025037,trabajador,Zona 10,true,,INSERT,24920
TC-00025039,general,San Miguel Petapa,true,,INSERT,21490
TC-00025042,adulto_mayor,Zona 7,true,,UPDATE,16342
TC-00025048,trabajador,Zona 1,true,,INSERT,23618
TC-00025049,estudiante,Zona 13,true,,UPDATE,23923
TC-00025052,trabajador,Zona 17,true,,INSERT,9016
TC-00025053,trabajador,Mixco,true,,UPDATE,4548
TC-00025057,trabajador,Villa Nueva,true,,INSERT,15372
TC-00025059,trabajador,Villa Nueva,true,,UPDATE,25145
TC-00025060,trabajador,Zona 1,true,,UPDATE,5952
TC-00025078,trabajador,Zona 11,true,,INSERT,20895
TC-00025079,general,Zona 17,true,,INSERT,11257
TC-00025080,general,Zona 6,true,,UPDATE,5955
TC-00025081,trabajador,Zona 7,true,,INSERT,12611
TC-00025083,trabajador,Zona 10,true,,UPDATE,18953
TC-00025088,,,false,2026-07-08 01:20:00,DELETE,26133
TC-00025090,general,San Miguel Petapa,true,,INSERT,20011
TC-00025092,general,Villa Nueva,true,,UPDATE,6493
TC-00025096,estudiante,Zona 11,true,,UPDATE,18397
TC-00025100,trabajador,Zona 4,true,,INSERT,8336
TC-00025103,trabajador,Zona 18,true,,UPDATE,10860
TC-00025104,,,false,2026-06-01 11:25:00,DELETE,689
TC-00025107,general,Zona 17,true,,UPDATE,3350
TC-00025109,trabajador,Zona 12,false,2026-06-20 00:01:00,DELETE,13775
TC-00025110,estudiante,Zona 8,true,,UPDATE,19224
TC-00025111,estudiante,Zona 13,true,,UPDATE,1758
TC-00025113,trabajador,Zona 1,true,,INSERT,13964
TC-00025115,estudiante,Mixco,true,,UPDATE,4392
TC-00025120,trabajador,Villa Nueva,true,,UPDATE,25399
TC-00025121,trabajador,Zona 12,true,,UPDATE,5868
TC-00025124,trabajador,Mixco,true,,INSERT,21602
TC-00025125,trabajador,Zona 13,true,,UPDATE,15672
TC-00025127,,,false,2026-07-04 03:31:00,DELETE,23376
TC-00025128,adulto_mayor,Santa Catarina Pinula,true,,UPDATE,22508
TC-00025133,,,false,2026-07-07 13:18:00,DELETE,25460
TC-00025134,trabajador,Zona 4,true,,UPDATE,1784
TC-00025135,trabajador,Zona 7,true,,INSERT,2190
TC-00025147,trabajador,San Miguel Petapa,true,,INSERT,152
TC-00025149,trabajador,Santa Catarina Pinula,true,,INSERT,20705
TC-00025168,general,San Miguel Petapa,true,,INSERT,7634
TC-00025178,trabajador,Zona 8,true,,UPDATE,14270
TC-00025182,trabajador,Zona 1,true,,INSERT,26325
TC-00025189,trabajador,Zona 13,true,,UPDATE,433
TC-00025191,adulto_mayor,Zona 11,true,,UPDATE,17644
TC-00025194,general,Villa Nueva,true,,UPDATE,7462
TC-00025195,,,false,2026-07-05 17:26:00,DELETE,24102
TC-00025197,trabajador,Zona 12,true,,INSERT,13850
TC-00025198,estudiante,Zona 17,true,,UPDATE,3290
TC-00025200,trabajador,San Miguel Petapa,true,,UPDATE,4715
TC-00025201,general,Zona 13,true,,UPDATE,24594
TC-00025203,estudiante,Zona 7,true,,UPDATE,15753
TC-00025205,trabajador,Zona 4,true,,INSERT,24163
TC-00025207,trabajador,San Miguel Petapa,true,,UPDATE,1891
TC-00025210,trabajador,Zona 9,true,,INSERT,7829
TC-00025219,,,false,2026-06-05 19:21:00,DELETE,3406
TC-00025220,trabajador,Zona 9,true,,UPDATE,5225
TC-00025222,,,false,2026-06-30 05:59:00,DELETE,20683
TC-00025224,estudiante,Zona 8,true,,UPDATE,21168
TC-00025233,adulto_mayor,Villa Nueva,true,,UPDATE,12770
TC-00025234,trabajador,Zona 4,true,,INSERT,13947
TC-00025236,adulto_mayor,Zona 12,true,,UPDATE,10815
TC-00025238,general,Zona 6,false,2026-06-30 11:34:00,DELETE,20634
TC-00025242,trabajador,Zona 7,true,,INSERT,9134
TC-00025246,trabajador,Zona 7,true,,INSERT,20803
TC-00025248,trabajador,Santa Catarina Pinula,true,,UPDATE,6001
TC-00025250,general,Zona 12,true,,INSERT,27818
TC-00025256,general,Zona 7,true,,UPDATE,28765
TC-00025259,adulto_mayor,Zona 17,true,,UPDATE,24056
TC-00025261,general,Zona 12,true,,UPDATE,18235
TC-00025266,adulto_mayor,Villa Nueva,true,,UPDATE,11999
TC-00025270,adulto_mayor,Zona 10,true,,UPDATE,3352
TC-00025272,trabajador,Zona 13,true,,INSERT,25071
TC-00025277,trabajador,Zona 18,true,,UPDATE,22607
TC-00025278,estudiante,Zona 12,true,,UPDATE,5331
TC-00025279,estudiante,Zona 10,true,,INSERT,22123
TC-00025282,trabajador,Zona 13,true,,INSERT,27763
TC-00025303,general,Zona 8,true,,INSERT,12642
TC-00025304,estudiante,Zona 12,true,,UPDATE,20971
TC-00025307,general,Zona 13,true,,UPDATE,1863
TC-00025312,estudiante,Zona 12,true,,UPDATE,8059
TC-00025313,,,false,2026-06-29 06:39:00,DELETE,19964
TC-00025317,estudiante,Zona 4,true,,UPDATE,23166
TC-00025318,trabajador,Zona 4,true,,UPDATE,18296
TC-00025321,trabajador,Zona 9,true,,INSERT,4838
TC-00025332,trabajador,Zona 4,true,,INSERT,24932
TC-00025336,estudiante,Zona 18,true,,UPDATE,29359
TC-00025338,general,Villa Nueva,true,,INSERT,13171
TC-00025344,trabajador,Santa Catarina Pinula,true,,UPDATE,10016
TC-00025356,adulto_mayor,Zona 18,true,,UPDATE,24682
TC-00025357,adulto_mayor,Zona 12,true,,UPDATE,24021
TC-00025358,general,Zona 4,true,,INSERT,7618
TC-00025361,trabajador,Zona 13,true,,INSERT,11279
TC-00025364,general,Zona 11,true,,UPDATE,13653
TC-00025366,adulto_mayor,Zona 7,true,,UPDATE,2338
TC-00025368,general,Santa Catarina Pinula,true,,UPDATE,4011
TC-00025369,estudiante,Zona 8,true,,INSERT,7651
TC-00025370,trabajador,Zona 6,true,,INSERT,29696
TC-00025377,trabajador,Santa Catarina Pinula,true,,INSERT,25754
TC-00025379,general,Zona 10,true,,UPDATE,19881
TC-00025380,general,Zona 11,true,,INSERT,9120
TC-00025383,estudiante,Santa Catarina Pinula,true,,INSERT,20866
TC-00025385,,,false,2026-06-27 12:08:00,DELETE,18591
TC-00025392,general,Zona 4,true,,UPDATE,9905
TC-00025399,,,false,2026-06-28 03:38:00,DELETE,19234
TC-00025400,trabajador,Zona 18,true,,UPDATE,1732
TC-00025403,trabajador,Zona 9,true,,UPDATE,9944
TC-00025406,,,false,2026-06-05 03:10:00,DELETE,3436
TC-00025407,trabajador,Zona 11,true,,INSERT,18028
TC-00025409,,,false,2026-06-13 08:56:00,DELETE,8922
TC-00025418,general,Zona 13,true,,UPDATE,21137
TC-00025419,trabajador,Zona 6,true,,INSERT,27601
TC-00025423,estudiante,Mixco,true,,UPDATE,1624
TC-00025426,adulto_mayor,Zona 4,true,,UPDATE,22556
TC-00025428,general,Zona 6,true,,UPDATE,10716
TC-00025434,estudiante,Zona 17,true,,UPDATE,12037
TC-00025439,adulto_mayor,San Miguel Petapa,true,,UPDATE,3899
TC-00025440,estudiante,Zona 6,true,,UPDATE,18286
TC-00025444,adulto_mayor,Zona 8,true,,UPDATE,27169
TC-00025445,trabajador,Villa Nueva,true,,UPDATE,10229
TC-00025452,adulto_mayor,Zona 7,true,,INSERT,29814
TC-00025456,general,Zona 9,true,,UPDATE,4413
TC-00025460,trabajador,Zona 1,true,,INSERT,15384
TC-00025466,trabajador,Zona 7,true,,INSERT,29830
TC-00025471,estudiante,Villa Nueva,true,,UPDATE,28108
TC-00025472,,,false,2026-06-01 11:23:00,DELETE,685
TC-00025475,estudiante,Zona 8,true,,UPDATE,18255
TC-00025476,general,Zona 9,true,,INSERT,24888
TC-00025477,trabajador,Zona 1,true,,UPDATE,7369
TC-00025481,trabajador,Villa Nueva,true,,UPDATE,6610
TC-00025488,general,Zona 10,true,,UPDATE,16426
TC-00025491,estudiante,Zona 11,true,,INSERT,25680
TC-00025501,,,false,2026-06-27 13:06:00,DELETE,18628
TC-00025505,general,San Miguel Petapa,true,,INSERT,8340
TC-00025507,adulto_mayor,Zona 4,true,,UPDATE,26122
TC-00025511,trabajador,San Miguel Petapa,true,,UPDATE,18469
TC-00025513,trabajador,Zona 17,true,,INSERT,18135
TC-00025517,trabajador,Zona 1,true,,UPDATE,3208
TC-00025520,estudiante,Zona 11,true,,UPDATE,6605
TC-00025523,trabajador,Mixco,true,,INSERT,14031
TC-00025527,trabajador,Zona 11,true,,INSERT,23654
TC-00025528,,,false,2026-06-05 20:38:00,DELETE,3407
TC-00025530,trabajador,Zona 9,true,,UPDATE,19705
TC-00025535,adulto_mayor,Zona 8,true,,UPDATE,21138
TC-00025537,adulto_mayor,Zona 9,false,2026-07-09 20:53:00,DELETE,26881
TC-00025540,trabajador,San Miguel Petapa,true,,INSERT,10473
TC-00025541,general,Zona 17,true,,INSERT,11253
TC-00025543,estudiante,Zona 10,true,,UPDATE,20325
TC-00025546,general,Zona 10,true,,INSERT,22846
TC-00025547,estudiante,Zona 7,true,,UPDATE,392
TC-00025555,trabajador,Zona 11,true,,UPDATE,18297
TC-00025564,general,Zona 10,true,,INSERT,13977
TC-00025566,estudiante,Santa Catarina Pinula,true,,INSERT,2259
TC-00025567,adulto_mayor,Zona 9,true,,UPDATE,10097
TC-00025568,adulto_mayor,Zona 18,false,2026-06-26 22:21:00,DELETE,17884
TC-00025570,estudiante,Zona 7,true,,UPDATE,25804
TC-00025571,trabajador,Zona 1,true,,UPDATE,12278
TC-00025585,estudiante,Zona 8,true,,UPDATE,28034
TC-00025589,,,false,2026-07-12 07:35:00,DELETE,28944
TC-00025590,trabajador,San Miguel Petapa,true,,UPDATE,25414
TC-00025591,trabajador,Zona 12,true,,UPDATE,17550
TC-00025596,adulto_mayor,Zona 12,true,,UPDATE,28750
TC-00025597,general,Santa Catarina Pinula,true,,UPDATE,10117
TC-00025602,adulto_mayor,Zona 11,true,,UPDATE,3335
TC-00025604,adulto_mayor,Zona 1,true,,UPDATE,9390
TC-00025606,trabajador,Zona 17,true,,UPDATE,15453
TC-00025607,estudiante,San Miguel Petapa,true,,UPDATE,6776
TC-00025613,general,Zona 4,true,,INSERT,14693
TC-00025614,general,Zona 7,true,,UPDATE,20266
TC-00025615,trabajador,Santa Catarina Pinula,true,,INSERT,15202
TC-00025618,general,Zona 17,true,,INSERT,9061
TC-00025619,trabajador,Zona 18,true,,UPDATE,9936
TC-00025620,estudiante,Zona 9,true,,UPDATE,1887
TC-00025622,trabajador,Mixco,true,,INSERT,9747
TC-00025624,estudiante,Zona 13,true,,INSERT,3638
TC-00025625,trabajador,Zona 1,true,,UPDATE,11483
TC-00025637,adulto_mayor,Zona 6,true,,INSERT,17428
TC-00025652,trabajador,Zona 12,true,,INSERT,29056
TC-00025657,trabajador,Zona 17,true,,INSERT,19443
TC-00025659,adulto_mayor,Zona 1,true,,UPDATE,19635
TC-00025669,estudiante,Zona 8,true,,INSERT,4200
TC-00025671,general,Zona 6,true,,UPDATE,18980
TC-00025678,adulto_mayor,Zona 4,true,,INSERT,3630
TC-00025687,,,false,2026-06-28 12:20:00,DELETE,19256
TC-00025690,trabajador,San Miguel Petapa,true,,UPDATE,7943
TC-00025691,trabajador,Zona 9,true,,UPDATE,14151
TC-00025692,estudiante,Zona 9,true,,UPDATE,29991
TC-00025694,estudiante,Zona 18,true,,UPDATE,30099
TC-00025695,trabajador,Zona 7,true,,UPDATE,16385
TC-00025699,trabajador,Zona 1,true,,INSERT,16581
TC-00025700,,,false,2026-07-09 03:29:00,DELETE,26870
TC-00025704,trabajador,Zona 8,true,,INSERT,27838
TC-00025707,,,false,2026-06-21 11:10:00,DELETE,14468
TC-00025712,estudiante,San Miguel Petapa,true,,INSERT,743
TC-00025720,adulto_mayor,Mixco,true,,UPDATE,21936
TC-00025721,trabajador,Zona 9,true,,INSERT,5587
TC-00025726,trabajador,Mixco,true,,INSERT,204
TC-00025729,trabajador,Zona 4,true,,INSERT,9035
TC-00025736,,,false,2026-06-21 09:23:00,DELETE,14425
TC-00025738,trabajador,Zona 1,true,,INSERT,2937
TC-00025742,general,Mixco,true,,UPDATE,23708
TC-00025748,estudiante,Zona 9,true,,INSERT,28301
TC-00025749,estudiante,Zona 10,true,,UPDATE,20477
TC-00025750,estudiante,Zona 12,true,,INSERT,18856
TC-00025752,trabajador,San Miguel Petapa,true,,INSERT,2080
TC-00025758,adulto_mayor,Santa Catarina Pinula,true,,UPDATE,10816
TC-00025760,general,Zona 11,true,,UPDATE,22337
TC-00025761,,,false,2026-06-28 21:29:00,DELETE,19290
TC-00025767,trabajador,Villa Nueva,true,,INSERT,28506
TC-00025768,estudiante,Zona 12,true,,UPDATE,27468
TC-00025769,trabajador,Zona 9,true,,UPDATE,22367
TC-00025770,trabajador,Zona 12,true,,INSERT,27612
TC-00025771,trabajador,Villa Nueva,true,,INSERT,23556
TC-00025774,general,Villa Nueva,true,,UPDATE,16339
TC-00025780,,,false,2026-07-02 19:06:00,DELETE,22080
TC-00025784,,,false,2026-06-11 08:02:00,DELETE,7565
TC-00025785,trabajador,Zona 1,true,,UPDATE,23107
TC-00025786,general,Mixco,true,,INSERT,4907
TC-00025789,,,false,2026-07-07 11:39:00,DELETE,25499
TC-00025792,general,Zona 17,true,,UPDATE,30808
TC-00025796,adulto_mayor,San Miguel Petapa,true,,UPDATE,26070
TC-00025800,trabajador,Zona 4,true,,UPDATE,3002
TC-00025805,trabajador,Zona 10,true,,INSERT,16020
TC-00025808,trabajador,Zona 6,true,,INSERT,29208
TC-00025809,trabajador,Zona 9,true,,INSERT,17276
TC-00025815,estudiante,Zona 1,true,,INSERT,8393
TC-00025818,adulto_mayor,Zona 9,true,,UPDATE,27894
TC-00025819,,,false,2026-06-06 09:47:00,DELETE,4075
TC-00025830,estudiante,San Miguel Petapa,true,,UPDATE,29356
TC-00025833,trabajador,Zona 6,true,,UPDATE,25818
TC-00025838,trabajador,Zona 4,true,,INSERT,19342
TC-00025839,general,Zona 4,true,,INSERT,9163
TC-00025840,estudiante,Zona 1,true,,UPDATE,30632
TC-00025844,estudiante,Zona 4,true,,INSERT,24882
TC-00025854,trabajador,Zona 8,true,,INSERT,5001
TC-00025862,estudiante,Mixco,true,,UPDATE,25334
TC-00025872,,,false,2026-06-26 12:11:00,DELETE,17934
TC-00025873,adulto_mayor,Zona 17,true,,UPDATE,16368
TC-00025874,estudiante,Zona 17,true,,UPDATE,10595
TC-00025875,trabajador,Zona 13,true,,UPDATE,5390
TC-00025886,trabajador,Zona 6,true,,INSERT,21447
TC-00025889,trabajador,San Miguel Petapa,true,,INSERT,12424
TC-00025894,adulto_mayor,Zona 13,true,,UPDATE,13498
TC-00025902,estudiante,Zona 17,true,,INSERT,14012
TC-00025906,estudiante,Zona 12,true,,UPDATE,14156
TC-00025908,trabajador,Zona 8,true,,UPDATE,14373
TC-00025910,estudiante,Zona 18,true,,INSERT,26416
TC-00025912,,,false,2026-06-25 17:17:00,DELETE,17179
TC-00025914,trabajador,Zona 18,true,,INSERT,17353
TC-00025918,estudiante,Zona 12,true,,UPDATE,27951
TC-00025919,estudiante,Zona 13,true,,UPDATE,4389
TC-00025921,adulto_mayor,Zona 9,true,,UPDATE,14997
TC-00025922,trabajador,San Miguel Petapa,true,,UPDATE,16453
TC-00025929,estudiante,Zona 11,true,,UPDATE,15069
TC-00025930,trabajador,Zona 4,true,,UPDATE,6540
TC-00025932,adulto_mayor,Zona 9,true,,UPDATE,25257
TC-00025933,trabajador,Mixco,true,,UPDATE,11500
TC-00025936,trabajador,Zona 17,true,,INSERT,22218
TC-00025937,trabajador,Santa Catarina Pinula,true,,INSERT,25584
TC-00025941,adulto_mayor,Zona 13,true,,UPDATE,22525
TC-00025945,,,false,2026-06-08 17:26:00,DELETE,5456
TC-00025946,trabajador,Zona 12,true,,UPDATE,12724
TC-00025949,general,Zona 8,true,,UPDATE,1632
TC-00025954,,,false,2026-06-23 05:29:00,DELETE,15822
TC-00025959,adulto_mayor,Mixco,true,,UPDATE,5097
TC-00025965,general,San Miguel Petapa,true,,UPDATE,9538
TC-00025982,general,Mixco,true,,UPDATE,8749
TC-00025986,general,Zona 17,true,,UPDATE,29301
TC-00025988,trabajador,Zona 4,true,,INSERT,29700
TC-00025991,,,false,2026-06-18 10:58:00,DELETE,12382
TC-00025992,,,false,2026-06-17 03:42:00,DELETE,11659
TC-00025994,trabajador,Zona 12,true,,INSERT,9045
TC-00025995,estudiante,Zona 17,true,,UPDATE,16164
TC-00026003,adulto_mayor,Zona 17,true,,UPDATE,12848
TC-00026010,estudiante,Zona 11,true,,UPDATE,16456
TC-00026011,adulto_mayor,Zona 17,true,,INSERT,21526
TC-00026013,trabajador,Zona 8,true,,UPDATE,10249
TC-00026015,,,false,2026-07-13 09:19:00,DELETE,29667
TC-00026022,trabajador,San Miguel Petapa,true,,INSERT,28395
TC-00026025,estudiante,San Miguel Petapa,true,,UPDATE,290
TC-00026033,estudiante,Zona 17,true,,UPDATE,14257
TC-00026035,trabajador,Zona 17,true,,INSERT,17274
TC-00026036,,,false,2026-06-28 12:03:00,DELETE,19293
TC-00026038,general,San Miguel Petapa,true,,UPDATE,8766
TC-00026039,trabajador,Zona 6,true,,INSERT,30555
TC-00026040,adulto_mayor,Zona 6,true,,UPDATE,5089
TC-00026042,trabajador,Villa Nueva,true,,INSERT,16793
TC-00026044,general,Zona 13,true,,UPDATE,6000
TC-00026046,trabajador,Zona 12,true,,INSERT,20836
TC-00026047,,,false,2026-06-07 16:35:00,DELETE,4798
TC-00026048,adulto_mayor,Mixco,true,,UPDATE,13504
TC-00026050,general,San Miguel Petapa,true,,UPDATE,15041
TC-00026054,estudiante,Santa Catarina Pinula,true,,UPDATE,15780
TC-00026059,general,Zona 9,true,,UPDATE,15533
TC-00026065,general,Zona 12,true,,UPDATE,18475
TC-00026066,trabajador,San Miguel Petapa,true,,INSERT,6405
TC-00026068,trabajador,San Miguel Petapa,true,,UPDATE,19755
TC-00026070,estudiante,Zona 4,true,,INSERT,24878
TC-00026071,estudiante,Zona 6,true,,UPDATE,11977
TC-00026082,adulto_mayor,Santa Catarina Pinula,false,2026-06-20 18:54:00,DELETE,13781
TC-00026084,estudiante,Mixco,true,,UPDATE,19746
TC-00026086,general,Zona 17,true,,UPDATE,1069
TC-00026092,general,Zona 10,true,,UPDATE,19136
TC-00026102,general,Zona 1,true,,INSERT,22771
TC-00026109,trabajador,Zona 17,true,,UPDATE,14312
TC-00026113,general,Zona 17,true,,INSERT,23475
TC-00026117,adulto_mayor,Zona 8,true,,UPDATE,28079
TC-00026125,adulto_mayor,Zona 17,true,,UPDATE,24747
TC-00026131,trabajador,Mixco,true,,INSERT,27609
TC-00026136,adulto_mayor,Villa Nueva,true,,UPDATE,10676
TC-00026140,trabajador,Zona 1,true,,UPDATE,28550
TC-00026143,trabajador,Zona 6,true,,INSERT,12595
TC-00026144,general,Zona 10,true,,UPDATE,27362
TC-00026154,estudiante,Zona 17,true,,UPDATE,9332
TC-00026159,,,false,2026-07-15 06:56:00,DELETE,30988
TC-00026160,,,false,2026-07-08 08:51:00,DELETE,26134
TC-00026164,,,false,2026-06-21 17:42:00,DELETE,14457
TC-00026177,adulto_mayor,Mixco,true,,UPDATE,25887
TC-00026180,adulto_mayor,Zona 7,true,,UPDATE,27192
TC-00026181,trabajador,Santa Catarina Pinula,false,2026-06-24 11:37:00,DELETE,16508
TC-00026190,estudiante,Zona 1,true,,UPDATE,16871
TC-00026196,adulto_mayor,Zona 9,true,,UPDATE,4510
TC-00026197,general,Santa Catarina Pinula,true,,UPDATE,12222
TC-00026200,trabajador,Zona 6,true,,INSERT,23545
TC-00026201,trabajador,Zona 12,true,,UPDATE,12769
TC-00026202,estudiante,Zona 13,true,,UPDATE,8055
TC-00026205,general,Zona 8,true,,UPDATE,20476
TC-00026210,trabajador,Zona 13,true,,INSERT,23503
TC-00026214,adulto_mayor,Zona 7,true,,UPDATE,19781
TC-00026218,estudiante,Zona 7,true,,UPDATE,16913
TC-00026220,trabajador,Zona 13,false,2026-06-06 00:19:00,DELETE,4133
TC-00026224,adulto_mayor,Zona 11,true,,INSERT,14541
TC-00026226,adulto_mayor,Zona 4,true,,UPDATE,26553
TC-00026231,,,false,2026-06-01 22:55:00,DELETE,627
TC-00026238,trabajador,Santa Catarina Pinula,true,,UPDATE,9336
TC-00026240,general,Zona 4,true,,INSERT,22932
TC-00026246,,,false,2026-07-10 08:39:00,DELETE,27520
TC-00026252,general,Zona 9,true,,INSERT,29740
TC-00026261,trabajador,Zona 11,true,,UPDATE,17652
TC-00026265,general,Zona 7,true,,UPDATE,25209
TC-00026266,trabajador,Zona 13,true,,INSERT,10388
TC-00026268,,,false,2026-06-23 17:40:00,DELETE,15841
TC-00026270,general,Zona 1,false,2026-07-14 00:45:00,DELETE,30283
TC-00026273,trabajador,San Miguel Petapa,true,,UPDATE,27935
TC-00026278,trabajador,Zona 18,true,,INSERT,4269
TC-00026285,,,false,2026-06-01 08:49:00,DELETE,621
TC-00026288,trabajador,Zona 18,true,,INSERT,11864
TC-00026291,general,Zona 1,true,,UPDATE,17628
TC-00026300,estudiante,Zona 7,true,,UPDATE,18418
TC-00026304,adulto_mayor,Zona 13,true,,INSERT,22242
TC-00026311,general,Zona 9,true,,UPDATE,7936
TC-00026314,trabajador,Zona 9,true,,INSERT,22784
TC-00026320,general,Mixco,true,,INSERT,30366
TC-00026323,general,Mixco,true,,UPDATE,26805
TC-00026325,estudiante,Zona 7,true,,INSERT,21585
TC-00026328,,,false,2026-06-27 17:40:00,DELETE,18626
TC-00026336,estudiante,San Miguel Petapa,true,,UPDATE,16374
TC-00026338,estudiante,Zona 13,true,,INSERT,4928
TC-00026340,estudiante,Zona 18,true,,UPDATE,17690
TC-00026348,trabajador,Zona 7,true,,INSERT,30590
TC-00026352,adulto_mayor,Zona 10,true,,UPDATE,14292
TC-00026353,general,Zona 7,true,,UPDATE,17024
TC-00026357,trabajador,Zona 12,true,,UPDATE,18937
TC-00026360,trabajador,Zona 7,true,,INSERT,18730
TC-00026361,,,false,2026-06-13 02:31:00,DELETE,8914
TC-00026365,estudiante,San Miguel Petapa,true,,UPDATE,12794
TC-00026379,trabajador,San Miguel Petapa,true,,UPDATE,24741
TC-00026384,trabajador,Zona 1,true,,INSERT,18648
TC-00026386,adulto_mayor,Santa Catarina Pinula,true,,UPDATE,22415
TC-00026389,general,Zona 4,true,,UPDATE,4035
TC-00026391,trabajador,Zona 11,true,,INSERT,22211
TC-00026395,trabajador,Zona 1,true,,UPDATE,2558
TC-00026396,trabajador,Villa Nueva,true,,INSERT,5723
TC-00026398,adulto_mayor,Zona 7,true,,UPDATE,7400
TC-00026405,adulto_mayor,Zona 18,true,,UPDATE,12187
TC-00026407,trabajador,Zona 11,true,,UPDATE,26536
TC-00026408,adulto_mayor,Zona 9,true,,UPDATE,19795
TC-00026417,estudiante,Zona 6,true,,UPDATE,10752
TC-00026431,trabajador,Zona 8,true,,INSERT,11857
TC-00026443,adulto_mayor,Zona 6,true,,UPDATE,24714
TC-00026445,trabajador,Zona 4,true,,INSERT,23550
TC-00026450,,,false,2026-06-11 21:22:00,DELETE,7583
TC-00026452,trabajador,Zona 7,true,,UPDATE,9267
TC-00026454,general,Zona 13,true,,UPDATE,23867
TC-00026460,estudiante,San Miguel Petapa,true,,UPDATE,24590
TC-00026464,general,San Miguel Petapa,true,,UPDATE,1070
TC-00026465,trabajador,Zona 7,true,,UPDATE,16959
TC-00026470,general,Zona 18,true,,UPDATE,11531
TC-00026487,trabajador,Zona 7,true,,UPDATE,16870
TC-00026493,adulto_mayor,Zona 12,false,2026-07-12 13:12:00,DELETE,28975
TC-00026494,general,Zona 9,false,2026-07-07 21:28:00,DELETE,25493
TC-00026500,adulto_mayor,Zona 10,true,,UPDATE,23966
TC-00026503,general,Zona 7,true,,UPDATE,16868
TC-00026504,general,Zona 13,true,,UPDATE,29947
TC-00026506,estudiante,Zona 11,true,,UPDATE,21127
TC-00026510,estudiante,San Miguel Petapa,true,,INSERT,5035
TC-00026514,trabajador,Zona 7,true,,INSERT,26390
TC-00026519,,,false,2026-07-08 06:20:00,DELETE,26195
TC-00026520,trabajador,Zona 18,true,,UPDATE,28054
TC-00026525,general,Santa Catarina Pinula,true,,INSERT,28982
TC-00026527,trabajador,Zona 11,true,,UPDATE,23212
TC-00026530,,,false,2026-06-02 07:43:00,DELETE,1361
TC-00026532,adulto_mayor,Zona 12,true,,UPDATE,20542
TC-00026535,general,Zona 4,true,,UPDATE,14894
TC-00026543,estudiante,Zona 7,true,,INSERT,29030
TC-00026549,trabajador,Zona 17,true,,INSERT,19499
TC-00026550,trabajador,Zona 13,true,,INSERT,12516
TC-00026553,adulto_mayor,Santa Catarina Pinula,true,,UPDATE,25941
TC-00026565,general,Zona 4,true,,INSERT,29673
TC-00026567,adulto_mayor,Zona 6,true,,UPDATE,10064
TC-00026568,trabajador,Zona 6,true,,UPDATE,25088
TC-00026578,trabajador,Villa Nueva,true,,INSERT,21534
TC-00026580,estudiante,Zona 6,true,,INSERT,11188
TC-00026582,,,false,2026-06-23 22:36:00,DELETE,15867
TC-00026585,trabajador,Santa Catarina Pinula,true,,INSERT,13882
TC-00026587,general,Santa Catarina Pinula,true,,UPDATE,8868
TC-00026588,adulto_mayor,Zona 6,true,,INSERT,29774
TC-00026591,trabajador,San Miguel Petapa,true,,INSERT,44
TC-00026596,trabajador,Zona 9,false,2026-07-09 01:31:00,DELETE,26872
TC-00026599,,,false,2026-07-07 23:38:00,DELETE,25481
TC-00026600,trabajador,Zona 4,true,,INSERT,27655
TC-00026602,general,Zona 7,true,,UPDATE,29402
TC-00026604,general,Zona 12,true,,UPDATE,6069
TC-00026605,trabajador,Zona 9,true,,UPDATE,1931
TC-00026611,adulto_mayor,Zona 11,true,,INSERT,7058
TC-00026615,general,San Miguel Petapa,true,,UPDATE,11461
TC-00026623,general,Zona 9,true,,UPDATE,16971
TC-00026628,adulto_mayor,Zona 6,true,,UPDATE,9453
TC-00026630,general,Zona 10,true,,INSERT,2091
TC-00026634,,,false,2026-06-05 10:11:00,DELETE,3416
TC-00026637,estudiante,Zona 10,true,,UPDATE,21647
TC-00026640,general,Villa Nueva,true,,INSERT,15207
TC-00026650,estudiante,Zona 12,true,,UPDATE,9279
TC-00026652,trabajador,San Miguel Petapa,true,,INSERT,9113
TC-00026655,estudiante,Villa Nueva,false,2026-07-05 02:16:00,DELETE,24105
TC-00026657,trabajador,San Miguel Petapa,true,,INSERT,14019
TC-00026658,adulto_mayor,Zona 9,true,,INSERT,19468
TC-00026661,estudiante,Villa Nueva,true,,INSERT,9890
TC-00026663,,,false,2026-06-10 16:38:00,DELETE,6876
TC-00026666,general,Zona 10,true,,UPDATE,20593
TC-00026668,trabajador,Zona 10,true,,INSERT,7757
TC-00026674,estudiante,Mixco,true,,UPDATE,16327
TC-00026678,trabajador,Zona 4,true,,UPDATE,18533
TC-00026681,estudiante,Zona 18,true,,UPDATE,1865
TC-00026687,general,Mixco,true,,INSERT,917
TC-00026688,trabajador,Zona 6,true,,UPDATE,2554
TC-00026690,trabajador,Villa Nueva,true,,UPDATE,1236
TC-00026691,trabajador,Santa Catarina Pinula,true,,UPDATE,29399
TC-00026693,trabajador,Zona 6,true,,INSERT,12510
TC-00026694,trabajador,Zona 12,true,,UPDATE,23731
TC-00026698,estudiante,Zona 11,true,,INSERT,24234
TC-00026701,trabajador,Zona 7,true,,UPDATE,12661
TC-00026703,estudiante,Zona 17,true,,UPDATE,8591
TC-00026704,general,Zona 4,true,,UPDATE,29938
TC-00026706,estudiante,Zona 12,true,,UPDATE,26556
TC-00026711,,,false,2026-06-02 15:17:00,DELETE,1374
TC-00026714,general,Zona 6,true,,INSERT,7116
TC-00026715,adulto_mayor,Zona 6,true,,UPDATE,8674
TC-00026716,adulto_mayor,Zona 4,true,,UPDATE,14806
TC-00026717,trabajador,Zona 18,true,,UPDATE,8596
TC-00026725,adulto_mayor,Zona 10,true,,INSERT,18713
TC-00026726,general,Zona 6,true,,INSERT,16686
TC-00026729,estudiante,Zona 10,true,,INSERT,11825
TC-00026730,general,Zona 17,true,,UPDATE,10156
TC-00026737,estudiante,Zona 4,true,,INSERT,22901
TC-00026739,adulto_mayor,Santa Catarina Pinula,true,,UPDATE,27341
TC-00026746,,,false,2026-06-12 08:37:00,DELETE,8238
TC-00026751,trabajador,Zona 8,true,,UPDATE,21220
TC-00026752,general,Zona 1,true,,UPDATE,18231
TC-00026753,general,Zona 10,true,,INSERT,26282
TC-00026760,,,false,2026-06-05 15:20:00,DELETE,3447
TC-00026761,general,Zona 13,true,,INSERT,4948
TC-00026762,adulto_mayor,San Miguel Petapa,true,,UPDATE,23868
TC-00026777,adulto_mayor,Mixco,true,,UPDATE,20520
TC-00026780,adulto_mayor,Zona 4,true,,UPDATE,26026
TC-00026782,adulto_mayor,Zona 10,true,,UPDATE,20987
TC-00026783,general,Zona 4,true,,UPDATE,18311
TC-00026786,,,false,2026-07-05 20:20:00,DELETE,24099
TC-00026792,estudiante,Zona 10,true,,UPDATE,2411
TC-00026794,general,Zona 8,true,,UPDATE,23293
TC-00026795,trabajador,Zona 12,true,,UPDATE,29357
TC-00026797,trabajador,Villa Nueva,true,,UPDATE,18482
TC-00026801,adulto_mayor,San Miguel Petapa,true,,UPDATE,13001
TC-00026802,general,San Miguel Petapa,true,,UPDATE,21887
TC-00026803,,,false,2026-06-09 03:58:00,DELETE,6122
TC-00026805,,,false,2026-06-19 01:33:00,DELETE,13069
TC-00026810,estudiante,Zona 4,true,,UPDATE,16212
TC-00026814,estudiante,Santa Catarina Pinula,true,,UPDATE,15469
TC-00026815,,,false,2026-06-12 08:45:00,DELETE,8206
TC-00026821,trabajador,Villa Nueva,true,,INSERT,15355
TC-00026822,general,Zona 12,true,,UPDATE,6700
TC-00026826,trabajador,Zona 13,true,,UPDATE,23864
TC-00026829,general,Zona 12,true,,INSERT,147
TC-00026839,adulto_mayor,Zona 4,false,2026-06-20 04:39:00,DELETE,13766
TC-00026844,estudiante,Zona 9,true,,UPDATE,22565
TC-00026847,adulto_mayor,Zona 1,true,,UPDATE,8077
TC-00026852,general,Zona 12,true,,INSERT,12587
TC-00026854,estudiante,Zona 9,true,,INSERT,9706
TC-00026860,estudiante,Zona 12,true,,UPDATE,9225
TC-00026863,adulto_mayor,Zona 8,true,,UPDATE,2542
TC-00026865,estudiante,Zona 17,true,,UPDATE,1159
TC-00026873,general,Zona 6,true,,UPDATE,21124
TC-00026874,trabajador,San Miguel Petapa,true,,INSERT,14501
TC-00026877,trabajador,Zona 13,true,,INSERT,27084
TC-00026879,estudiante,Zona 11,true,,UPDATE,5815
TC-00026880,general,Zona 13,true,,INSERT,20240
TC-00026883,trabajador,Mixco,true,,UPDATE,8005
TC-00026886,,,false,2026-06-19 08:02:00,DELETE,13053
TC-00026887,trabajador,Zona 18,true,,INSERT,14537
TC-00026888,adulto_mayor,Zona 12,true,,UPDATE,513
TC-00026889,,,false,2026-06-18 04:23:00,DELETE,12340
TC-00026891,estudiante,Zona 4,true,,UPDATE,26054
TC-00026893,estudiante,Zona 12,true,,UPDATE,19733
TC-00026894,general,Zona 18,true,,UPDATE,29509
TC-00026895,estudiante,Zona 18,true,,UPDATE,30852
TC-00026897,,,false,2026-07-07 18:32:00,DELETE,25452
TC-00026898,general,Zona 12,true,,INSERT,3623
TC-00026903,general,Zona 9,true,,UPDATE,29912
TC-00026906,trabajador,Villa Nueva,true,,INSERT,13830
TC-00026913,adulto_mayor,San Miguel Petapa,true,,UPDATE,19050
TC-00026920,trabajador,Zona 8,true,,INSERT,26276
TC-00026922,trabajador,Zona 18,true,,UPDATE,6096
TC-00026925,trabajador,Zona 9,false,2026-07-12 11:47:00,DELETE,28977
TC-00026930,general,Zona 8,true,,UPDATE,12662
TC-00026933,general,Zona 6,true,,UPDATE,25163
TC-00026935,adulto_mayor,Zona 18,true,,UPDATE,8762
TC-00026940,general,Zona 10,true,,UPDATE,10066
TC-00026942,adulto_mayor,Santa Catarina Pinula,true,,UPDATE,30161
TC-00026946,trabajador,Zona 4,true,,INSERT,10561
TC-00026953,estudiante,Zona 11,true,,UPDATE,24749
TC-00026958,trabajador,Zona 7,true,,INSERT,2278
TC-00026959,adulto_mayor,Zona 13,true,,UPDATE,25975
TC-00026970,general,Zona 11,true,,UPDATE,19583
TC-00026974,estudiante,Zona 6,true,,INSERT,24995
TC-00026978,adulto_mayor,Zona 6,true,,INSERT,15390
TC-00026979,estudiante,Santa Catarina Pinula,true,,UPDATE,21953
TC-00026981,,,false,2026-06-21 03:20:00,DELETE,14473
TC-00026984,trabajador,Zona 12,true,,UPDATE,8603
TC-00026985,,,false,2026-07-08 12:26:00,DELETE,26159
TC-00026988,adulto_mayor,Mixco,true,,INSERT,28464
TC-00026989,,,false,2026-06-11 18:08:00,DELETE,7507
TC-00026996,adulto_mayor,Zona 6,true,,UPDATE,23999
TC-00026998,trabajador,Zona 17,true,,INSERT,29810
TC-00027003,estudiante,Zona 9,true,,INSERT,17422
TC-00027008,adulto_mayor,Villa Nueva,true,,UPDATE,24616
TC-00027009,trabajador,Zona 10,true,,INSERT,18672
TC-00027013,,,false,2026-06-23 08:15:00,DELETE,15858
TC-00027016,estudiante,Zona 6,true,,UPDATE,4610
TC-00027020,,,false,2026-06-11 08:55:00,DELETE,7551
TC-00027021,general,Villa Nueva,true,,UPDATE,15688
TC-00027022,estudiante,Mixco,true,,UPDATE,22524
TC-00027023,,,false,2026-07-10 10:45:00,DELETE,27540
TC-00027026,estudiante,Zona 10,true,,INSERT,15279
TC-00027027,trabajador,Zona 1,true,,INSERT,10370
TC-00027031,general,Zona 10,true,,UPDATE,26749
TC-00027033,trabajador,Zona 12,true,,INSERT,47
TC-00027035,estudiante,Zona 9,true,,INSERT,3548
TC-00027036,adulto_mayor,Santa Catarina Pinula,true,,UPDATE,23075
TC-00027037,,,false,2026-06-09 02:18:00,DELETE,6130
TC-00027038,adulto_mayor,Zona 1,true,,INSERT,20217
TC-00027042,adulto_mayor,Zona 9,true,,UPDATE,1105
TC-00027043,trabajador,Santa Catarina Pinula,true,,INSERT,17999
TC-00027045,adulto_mayor,Zona 13,true,,UPDATE,15621
TC-00027046,trabajador,Zona 10,true,,UPDATE,23848
TC-00027053,,,false,2026-06-06 01:24:00,DELETE,4099
TC-00027054,adulto_mayor,Zona 1,true,,UPDATE,7264
TC-00027067,trabajador,Zona 6,true,,INSERT,12429
TC-00027068,trabajador,Zona 8,true,,INSERT,18746
TC-00027070,estudiante,Zona 10,true,,UPDATE,18378
TC-00027075,,,false,2026-07-13 08:51:00,DELETE,29656
TC-00027076,general,Zona 6,true,,UPDATE,20568
TC-00027087,trabajador,Zona 4,true,,UPDATE,23714
TC-00027089,general,Mixco,true,,UPDATE,23231
TC-00027090,trabajador,Zona 7,true,,UPDATE,7489
TC-00027091,,,false,2026-06-15 19:06:00,DELETE,10322
TC-00027093,,,false,2026-06-18 05:43:00,DELETE,12347
TC-00027094,estudiante,Zona 11,true,,INSERT,22105
TC-00027099,,,false,2026-06-15 19:55:00,DELETE,10332
TC-00027102,adulto_mayor,Zona 1,true,,INSERT,17451
TC-00027109,general,Mixco,true,,INSERT,26367
TC-00027110,,,false,2026-06-06 00:37:00,DELETE,4070
TC-00027120,trabajador,Zona 18,true,,INSERT,14559
TC-00027130,trabajador,Zona 9,true,,INSERT,24874
TC-00027136,trabajador,Zona 7,true,,UPDATE,18348
TC-00027140,trabajador,Zona 8,true,,INSERT,22315
TC-00027145,,,false,2026-07-07 01:32:00,DELETE,25498
TC-00027154,estudiante,Zona 7,true,,INSERT,1514
TC-00027158,trabajador,Zona 4,true,,UPDATE,17800
TC-00027161,adulto_mayor,Zona 11,true,,UPDATE,9503
TC-00027165,general,Zona 17,true,,UPDATE,21043
TC-00027169,general,Villa Nueva,true,,UPDATE,12872
TC-00027172,trabajador,Santa Catarina Pinula,true,,INSERT,12448
TC-00027173,,,false,2026-07-08 18:57:00,DELETE,26186
TC-00027177,adulto_mayor,Zona 17,true,,UPDATE,5203
TC-00027179,general,Zona 13,true,,INSERT,212
TC-00027180,,,false,2026-07-12 08:26:00,DELETE,28924
TC-00027184,trabajador,Zona 10,true,,INSERT,12615
TC-00027187,adulto_mayor,Zona 17,true,,UPDATE,25308
TC-00027190,general,Zona 12,true,,INSERT,29014
TC-00027193,general,Zona 7,true,,INSERT,17421
TC-00027195,trabajador,Mixco,true,,INSERT,28336
TC-00027196,,,false,2026-06-16 09:38:00,DELETE,11024
TC-00027198,general,Zona 17,true,,UPDATE,29982
TC-00027202,general,San Miguel Petapa,true,,UPDATE,30641
TC-00027204,adulto_mayor,Zona 12,true,,UPDATE,17626
TC-00027205,trabajador,San Miguel Petapa,true,,INSERT,28501
TC-00027206,estudiante,Zona 17,true,,UPDATE,30199
TC-00027212,trabajador,Zona 13,true,,INSERT,25685
TC-00027217,,,false,2026-06-09 17:11:00,DELETE,6175
TC-00027220,adulto_mayor,Zona 6,true,,UPDATE,12198
TC-00027221,,,false,2026-06-13 12:57:00,DELETE,8887
TC-00027222,estudiante,Zona 13,true,,INSERT,26942
TC-00027227,general,Zona 11,true,,INSERT,14672
TC-00027232,estudiante,Santa Catarina Pinula,true,,UPDATE,23790
TC-00027250,general,Villa Nueva,true,,UPDATE,9472
TC-00027254,trabajador,Zona 7,false,2026-07-04 09:50:00,DELETE,23438
TC-00027261,,,false,2026-06-05 10:05:00,DELETE,3361
TC-00027263,trabajador,Zona 1,true,,UPDATE,7231
TC-00027267,estudiante,Zona 9,true,,INSERT,18020
TC-00027269,adulto_mayor,Zona 4,true,,UPDATE,21644
TC-00027272,general,Zona 6,true,,INSERT,18646
TC-00027273,general,Mixco,true,,UPDATE,16289
TC-00027277,estudiante,Santa Catarina Pinula,true,,UPDATE,14847
TC-00027283,,,false,2026-07-13 12:38:00,DELETE,29620
TC-00027287,general,Zona 11,true,,UPDATE,14105
TC-00027290,adulto_mayor,Zona 10,true,,UPDATE,23919
TC-00027292,general,Zona 8,true,,INSERT,16087
TC-00027295,general,Zona 18,true,,UPDATE,30267
TC-00027297,estudiante,Zona 4,true,,UPDATE,11475
TC-00027301,general,Zona 10,true,,INSERT,2916
TC-00027317,,,false,2026-06-08 08:51:00,DELETE,5457
TC-00027320,estudiante,Zona 17,true,,INSERT,21416
TC-00027321,general,Santa Catarina Pinula,true,,UPDATE,18213
TC-00027322,trabajador,Zona 9,true,,UPDATE,25960
TC-00027327,trabajador,Zona 6,true,,INSERT,27085
TC-00027329,adulto_mayor,Zona 18,true,,UPDATE,24651
TC-00027345,trabajador,Zona 13,true,,INSERT,19492
TC-00027349,general,Villa Nueva,true,,UPDATE,7990
TC-00027351,estudiante,Villa Nueva,true,,UPDATE,26523
TC-00027352,trabajador,Zona 4,true,,INSERT,16019
TC-00027356,,,false,2026-06-27 15:05:00,DELETE,18544
TC-00027357,trabajador,Zona 13,true,,INSERT,18030
TC-00027359,general,San Miguel Petapa,true,,UPDATE,21919
TC-00027361,general,Zona 9,true,,UPDATE,26679
TC-00027363,trabajador,Zona 10,true,,INSERT,11045
TC-00027365,estudiante,Mixco,true,,UPDATE,29962
TC-00027375,adulto_mayor,Zona 1,true,,UPDATE,24693
TC-00027391,estudiante,Zona 11,true,,INSERT,20797
TC-00027393,,,false,2026-06-18 02:32:00,DELETE,12408
TC-00027399,adulto_mayor,Zona 18,true,,UPDATE,18414
TC-00027404,adulto_mayor,Zona 8,true,,UPDATE,30675
TC-00027412,estudiante,Mixco,true,,INSERT,16782
TC-00027413,general,Zona 6,true,,UPDATE,25137
TC-00027414,trabajador,San Miguel Petapa,true,,INSERT,25006
TC-00027417,trabajador,San Miguel Petapa,true,,UPDATE,19643
TC-00027419,estudiante,Villa Nueva,true,,UPDATE,29388
TC-00027422,adulto_mayor,Zona 7,true,,UPDATE,29444
TC-00027425,adulto_mayor,Zona 17,true,,UPDATE,12821
TC-00027426,trabajador,Zona 8,true,,INSERT,24181
TC-00027427,general,Zona 1,false,2026-06-10 23:48:00,DELETE,6816
TC-00027429,trabajador,Zona 7,true,,INSERT,792
TC-00027432,,,false,2026-07-11 02:05:00,DELETE,28278
TC-00027433,,,false,2026-06-26 17:37:00,DELETE,17867
TC-00027435,adulto_mayor,Zona 9,true,,INSERT,8421
TC-00027440,adulto_mayor,Zona 9,true,,UPDATE,23294
TC-00027443,general,Zona 9,true,,UPDATE,24459
TC-00027444,trabajador,Zona 11,false,2026-07-10 23:47:00,DELETE,27581
TC-00027446,estudiante,Zona 7,true,,UPDATE,23016
TC-00027447,trabajador,Zona 11,true,,INSERT,21518
TC-00027448,trabajador,Zona 4,true,,INSERT,9202
TC-00027449,,,false,2026-07-14 16:45:00,DELETE,30344
TC-00027452,trabajador,Zona 10,true,,UPDATE,21278
TC-00027454,general,Zona 10,true,,INSERT,20770
TC-00027455,trabajador,Zona 17,true,,UPDATE,20946
TC-00027462,general,Zona 13,true,,INSERT,13129
TC-00027463,estudiante,Zona 7,true,,INSERT,29045
TC-00027464,adulto_mayor,Zona 12,true,,UPDATE,5281
TC-00027475,general,Zona 18,true,,UPDATE,18924
TC-00027479,estudiante,Santa Catarina Pinula,true,,UPDATE,8725
TC-00027486,estudiante,Zona 6,false,2026-06-14 13:55:00,DELETE,9623
TC-00027489,,,false,2026-06-06 04:57:00,DELETE,4098
TC-00027499,estudiante,Zona 8,true,,UPDATE,22371
TC-00027502,general,Zona 4,true,,UPDATE,12753
TC-00027503,trabajador,Zona 18,true,,INSERT,20833
TC-00027506,estudiante,Santa Catarina Pinula,true,,UPDATE,28809
TC-00027508,estudiante,Zona 10,true,,UPDATE,25962
TC-00027512,,,false,2026-06-18 09:56:00,DELETE,12362
TC-00027518,adulto_mayor,Zona 18,true,,UPDATE,30215
TC-00027520,trabajador,Zona 1,true,,UPDATE,5776
TC-00027523,general,San Miguel Petapa,true,,UPDATE,28066
TC-00027524,trabajador,San Miguel Petapa,true,,INSERT,12602
TC-00027528,adulto_mayor,Zona 10,true,,UPDATE,3341
TC-00027531,general,Zona 13,true,,INSERT,11066
TC-00027535,estudiante,Zona 18,true,,INSERT,18084
TC-00027539,trabajador,Zona 18,true,,UPDATE,18484
TC-00027541,estudiante,Zona 9,true,,UPDATE,263
TC-00027548,adulto_mayor,Zona 12,true,,INSERT,15948
TC-00027550,,,false,2026-06-13 05:54:00,DELETE,8886
TC-00027556,trabajador,Zona 4,true,,INSERT,20154
TC-00027562,general,Villa Nueva,true,,UPDATE,1124
TC-00027563,trabajador,Zona 1,true,,UPDATE,15508
TC-00027564,estudiante,Zona 9,true,,UPDATE,1696
TC-00027567,general,Zona 13,true,,UPDATE,28803
TC-00027570,,,false,2026-07-14 20:19:00,DELETE,30330
TC-00027571,trabajador,Zona 6,true,,UPDATE,13010
TC-00027572,trabajador,San Miguel Petapa,true,,UPDATE,12787
TC-00027581,general,Zona 12,true,,UPDATE,26611
TC-00027586,trabajador,Zona 18,true,,UPDATE,13368
TC-00027592,estudiante,Mixco,true,,UPDATE,5255
TC-00027597,adulto_mayor,Santa Catarina Pinula,true,,UPDATE,25338
TC-00027605,trabajador,Zona 12,true,,INSERT,9668
TC-00027609,general,Zona 11,true,,UPDATE,18189
TC-00027610,trabajador,Villa Nueva,true,,INSERT,24240
TC-00027612,trabajador,Zona 9,true,,INSERT,2185
TC-00027613,adulto_mayor,Zona 6,false,2026-07-04 03:02:00,DELETE,23420
TC-00027618,estudiante,Mixco,true,,INSERT,24916
TC-00027619,trabajador,Zona 13,true,,INSERT,13344
TC-00027620,trabajador,Zona 8,true,,UPDATE,25779
TC-00027630,trabajador,Zona 6,true,,INSERT,12531
TC-00027643,,,false,2026-06-09 21:25:00,DELETE,6167
TC-00027649,,,false,2026-06-23 14:37:00,DELETE,15838
TC-00027651,trabajador,Zona 9,true,,INSERT,29811
TC-00027657,trabajador,Zona 12,true,,INSERT,759
TC-00027663,adulto_mayor,Zona 4,true,,UPDATE,7446
TC-00027668,,,false,2026-07-10 03:05:00,DELETE,27571
TC-00027674,adulto_mayor,Zona 6,true,,INSERT,30375
TC-00027679,estudiante,Zona 13,true,,UPDATE,3152
TC-00027681,trabajador,Zona 8,true,,INSERT,29850
TC-00027683,trabajador,Zona 10,true,,INSERT,8342
TC-00027686,general,Zona 13,true,,INSERT,29842
TC-00027687,general,Zona 18,true,,INSERT,9096
TC-00027688,trabajador,Villa Nueva,true,,INSERT,28415
TC-00027690,trabajador,Zona 18,true,,UPDATE,18999
TC-00027697,,,false,2026-06-16 22:10:00,DELETE,11002
TC-00027698,estudiante,Zona 13,true,,UPDATE,15760
TC-00027700,trabajador,Zona 9,true,,INSERT,8399
TC-00027701,trabajador,Santa Catarina Pinula,true,,UPDATE,20431
TC-00027704,estudiante,Zona 7,true,,UPDATE,12811
TC-00027707,adulto_mayor,Zona 6,true,,UPDATE,11468
TC-00027713,adulto_mayor,Zona 8,true,,UPDATE,22558
TC-00027716,general,Mixco,true,,UPDATE,27900
TC-00027718,estudiante,Zona 4,false,2026-06-23 00:43:00,DELETE,15811
TC-00027720,trabajador,Zona 9,true,,UPDATE,24672
TC-00027725,,,false,2026-06-20 19:48:00,DELETE,13754
TC-00027729,,,false,2026-06-12 18:09:00,DELETE,8275
TC-00027731,general,San Miguel Petapa,true,,INSERT,27673
TC-00027734,estudiante,Zona 8,true,,INSERT,26916
TC-00027735,trabajador,San Miguel Petapa,true,,UPDATE,21068
TC-00027736,adulto_mayor,Zona 18,true,,UPDATE,534
TC-00027738,adulto_mayor,Zona 6,false,2026-06-13 12:19:00,DELETE,8908
TC-00027740,trabajador,Zona 1,true,,UPDATE,12154
TC-00027741,estudiante,Zona 18,true,,UPDATE,28033
TC-00027746,,,false,2026-07-02 19:35:00,DELETE,22013
TC-00027749,general,Zona 10,true,,UPDATE,8709
TC-00027757,trabajador,Zona 13,true,,INSERT,29887
TC-00027758,general,Zona 8,true,,INSERT,28335
TC-00027760,,,false,2026-06-05 17:25:00,DELETE,3378
TC-00027767,estudiante,Zona 4,true,,UPDATE,12203
TC-00027772,general,Zona 9,true,,INSERT,22240
TC-00027775,trabajador,Zona 1,true,,INSERT,20143
TC-00027776,general,Zona 18,true,,UPDATE,1807
TC-00027784,estudiante,Zona 17,true,,UPDATE,13645
TC-00027787,adulto_mayor,Zona 11,true,,INSERT,17288
TC-00027788,adulto_mayor,Zona 10,true,,UPDATE,23338
TC-00027798,trabajador,Zona 7,true,,INSERT,22991
TC-00027803,adulto_mayor,Zona 1,true,,UPDATE,18346
TC-00027804,,,false,2026-07-09 12:34:00,DELETE,26824
TC-00027806,trabajador,Zona 6,true,,INSERT,25073
TC-00027811,trabajador,Zona 1,true,,INSERT,14691
TC-00027820,estudiante,Zona 8,true,,UPDATE,29562
TC-00027821,adulto_mayor,Zona 8,true,,UPDATE,22488
TC-00027824,general,Zona 17,true,,UPDATE,9927
TC-00027825,estudiante,Zona 12,true,,UPDATE,24698
TC-00027826,,,false,2026-06-04 01:46:00,DELETE,2708
TC-00027834,trabajador,Villa Nueva,true,,INSERT,20241
TC-00027835,trabajador,Zona 6,false,2026-06-24 17:36:00,DELETE,16541
TC-00027837,adulto_mayor,San Miguel Petapa,true,,INSERT,29018
TC-00027840,,,false,2026-06-25 00:57:00,DELETE,17240
TC-00027842,general,Zona 6,true,,UPDATE,29496
TC-00027843,general,Zona 7,true,,INSERT,26964
TC-00027849,estudiante,Zona 18,true,,UPDATE,376
TC-00027854,general,Zona 18,true,,INSERT,26430
TC-00027856,,,false,2026-06-04 01:07:00,DELETE,2682
TC-00027866,general,Zona 11,true,,UPDATE,1627
TC-00027871,trabajador,Mixco,true,,UPDATE,11355
TC-00027873,trabajador,Zona 6,true,,INSERT,9141
TC-00027876,trabajador,Villa Nueva,true,,INSERT,7086
TC-00027879,adulto_mayor,Zona 11,true,,UPDATE,21159
TC-00027881,adulto_mayor,Zona 11,true,,UPDATE,30841
TC-00027883,trabajador,Villa Nueva,true,,UPDATE,12074
TC-00027885,trabajador,Santa Catarina Pinula,true,,INSERT,18101
TC-00027891,general,Zona 10,true,,UPDATE,16922
TC-00027894,general,Zona 1,true,,INSERT,2897
TC-00027902,trabajador,Zona 7,true,,INSERT,22235
TC-00027908,estudiante,Mixco,true,,INSERT,29103
TC-00027909,adulto_mayor,Mixco,true,,UPDATE,5202
TC-00027910,estudiante,Zona 9,true,,INSERT,3593
TC-00027912,estudiante,Zona 18,true,,INSERT,25059
TC-00027915,general,Zona 6,true,,INSERT,4305
TC-00027917,trabajador,Zona 10,true,,INSERT,28487
TC-00027920,trabajador,Zona 7,true,,INSERT,7109
TC-00027928,trabajador,Zona 18,true,,INSERT,9758
TC-00027929,trabajador,Zona 12,true,,INSERT,18078
TC-00027930,estudiante,San Miguel Petapa,true,,UPDATE,4382
TC-00027933,general,Zona 1,true,,UPDATE,14149
TC-00027934,trabajador,Zona 9,true,,UPDATE,9300
TC-00027935,trabajador,Zona 17,true,,INSERT,29060
TC-00027936,general,Zona 10,true,,INSERT,8409
TC-00027943,trabajador,San Miguel Petapa,true,,INSERT,26458
TC-00027946,adulto_mayor,Zona 13,true,,UPDATE,14306
TC-00027948,adulto_mayor,Zona 11,false,2026-07-12 06:22:00,DELETE,28906
TC-00027953,adulto_mayor,Zona 1,true,,UPDATE,6756
TC-00027958,general,Zona 4,true,,INSERT,22291
TC-00027959,general,Zona 12,false,2026-07-10 15:09:00,DELETE,27550
TC-00027960,,,false,2026-06-22 18:23:00,DELETE,15114
TC-00027964,general,Zona 10,true,,INSERT,12525
TC-00027965,estudiante,Zona 1,true,,INSERT,20745
TC-00027969,estudiante,San Miguel Petapa,true,,UPDATE,17764
TC-00027972,estudiante,Mixco,true,,INSERT,9868
TC-00027974,trabajador,Zona 17,true,,INSERT,28435
TC-00027975,trabajador,San Miguel Petapa,true,,UPDATE,29333
TC-00027977,trabajador,Mixco,false,2026-06-24 19:44:00,DELETE,16497
TC-00027978,,,false,2026-07-11 01:38:00,DELETE,28283
TC-00027984,estudiante,Zona 12,true,,UPDATE,21862
TC-00027986,trabajador,Zona 17,true,,INSERT,28502
TC-00027987,estudiante,Zona 4,true,,UPDATE,16954
TC-00027989,trabajador,Zona 4,true,,INSERT,10490
TC-00027994,estudiante,Zona 12,true,,INSERT,13194
TC-00027995,estudiante,Villa Nueva,true,,UPDATE,1054
TC-00027996,adulto_mayor,Zona 6,true,,INSERT,6258
TC-00028000,trabajador,Zona 17,true,,UPDATE,4038
TC-00028004,adulto_mayor,Villa Nueva,true,,INSERT,16106
TC-00028005,adulto_mayor,Zona 4,true,,UPDATE,18981
TC-00028006,trabajador,Zona 12,true,,INSERT,2803
TC-00028007,trabajador,Zona 13,true,,INSERT,26460
TC-00028010,general,Zona 7,true,,UPDATE,20505
TC-00028019,general,Zona 7,true,,UPDATE,21028
TC-00028020,estudiante,Zona 12,true,,UPDATE,6611
TC-00028029,estudiante,Zona 12,true,,INSERT,2976
TC-00028030,estudiante,Zona 17,true,,INSERT,15354
TC-00028033,,,false,2026-07-15 14:41:00,DELETE,31047
TC-00028036,estudiante,Zona 18,true,,UPDATE,19019
TC-00028038,,,false,2026-06-04 21:13:00,DELETE,2674
TC-00028042,trabajador,Zona 11,true,,UPDATE,25834
TC-00028043,estudiante,Zona 8,true,,INSERT,22192
TC-00028044,trabajador,Zona 9,true,,INSERT,1543
TC-00028048,adulto_mayor,Zona 4,true,,INSERT,20236
TC-00028049,trabajador,Zona 10,true,,INSERT,24349
TC-00028052,trabajador,Zona 13,true,,INSERT,4329
TC-00028061,,,false,2026-07-11 18:44:00,DELETE,28249
TC-00028064,,,false,2026-06-09 10:05:00,DELETE,6164
TC-00028069,general,San Miguel Petapa,true,,UPDATE,21007
TC-00028070,general,Zona 4,true,,INSERT,23552
TC-00028077,trabajador,Zona 6,true,,INSERT,9001
TC-00028079,adulto_mayor,Zona 18,true,,UPDATE,7346
TC-00028080,adulto_mayor,Zona 10,true,,UPDATE,13560
TC-00028083,adulto_mayor,Zona 13,true,,UPDATE,8855
TC-00028089,adulto_mayor,Zona 1,true,,UPDATE,17041
TC-00028098,,,false,2026-07-03 10:43:00,DELETE,22755
TC-00028105,general,Zona 11,true,,INSERT,24883
TC-00028107,,,false,2026-06-12 07:03:00,DELETE,8203
TC-00028109,general,Zona 1,true,,UPDATE,13431
TC-00028110,general,Zona 10,true,,UPDATE,10013
TC-00028111,general,Zona 6,true,,UPDATE,24620
TC-00028118,,,false,2026-06-09 12:01:00,DELETE,6208
TC-00028126,adulto_mayor,Zona 13,true,,UPDATE,28047
TC-00028132,trabajador,Zona 8,true,,INSERT,11879
TC-00028135,,,false,2026-06-01 00:55:00,DELETE,659
TC-00028141,trabajador,Santa Catarina Pinula,true,,UPDATE,11596
TC-00028143,trabajador,Zona 18,false,2026-07-01 14:17:00,DELETE,21354
TC-00028144,trabajador,Zona 9,true,,UPDATE,22450
TC-00028146,adulto_mayor,Zona 17,true,,UPDATE,9271
TC-00028148,general,Zona 10,true,,UPDATE,9903
TC-00028149,trabajador,Zona 10,true,,INSERT,27791
TC-00028162,estudiante,Zona 12,true,,UPDATE,23988
TC-00028166,general,Zona 11,true,,INSERT,15933
TC-00028170,adulto_mayor,Mixco,true,,UPDATE,22535
TC-00028179,adulto_mayor,Zona 4,true,,UPDATE,9339
TC-00028180,general,San Miguel Petapa,true,,UPDATE,20318
TC-00028184,general,Santa Catarina Pinula,true,,INSERT,13184
TC-00028185,,,false,2026-06-15 13:31:00,DELETE,10294
TC-00028186,estudiante,Zona 4,true,,UPDATE,6650
TC-00028189,adulto_mayor,Zona 10,false,2026-06-13 15:01:00,DELETE,8923
TC-00028192,trabajador,Zona 1,true,,UPDATE,8873
TC-00028193,trabajador,Villa Nueva,true,,INSERT,30532
TC-00028198,adulto_mayor,Zona 1,true,,INSERT,2097
TC-00028200,adulto_mayor,San Miguel Petapa,true,,UPDATE,5224
TC-00028204,general,Zona 7,true,,UPDATE,8071
TC-00028208,trabajador,Zona 12,true,,UPDATE,18307
TC-00028215,trabajador,Zona 9,true,,UPDATE,29265
TC-00028216,general,Zona 1,true,,UPDATE,2355
TC-00028218,trabajador,Zona 10,true,,UPDATE,17115
TC-00028220,,,false,2026-06-25 01:52:00,DELETE,17202
TC-00028221,adulto_mayor,Zona 13,true,,UPDATE,26596
TC-00028223,trabajador,Mixco,true,,INSERT,22966
TC-00028226,trabajador,San Miguel Petapa,true,,UPDATE,25331
TC-00028227,,,false,2026-06-07 19:43:00,DELETE,4777
TC-00028228,adulto_mayor,Zona 6,true,,UPDATE,7354
TC-00028230,,,false,2026-06-05 09:35:00,DELETE,3375
TC-00028231,,,false,2026-06-04 02:12:00,DELETE,2683
TC-00028235,general,Zona 10,true,,UPDATE,9321
TC-00028240,estudiante,Santa Catarina Pinula,true,,UPDATE,24648
TC-00028248,estudiante,Zona 8,true,,UPDATE,18992
TC-00028254,general,San Miguel Petapa,true,,UPDATE,23829
TC-00028255,general,Zona 17,true,,UPDATE,27885
TC-00028258,adulto_mayor,Zona 8,true,,UPDATE,15009
TC-00028263,trabajador,Villa Nueva,true,,UPDATE,30094
TC-00028267,trabajador,Zona 12,false,2026-07-08 12:25:00,DELETE,26163
TC-00028268,general,Zona 7,true,,UPDATE,9407
TC-00028270,general,Zona 11,true,,INSERT,20848
TC-00028272,general,Zona 1,true,,UPDATE,15503
TC-00028273,trabajador,San Miguel Petapa,true,,UPDATE,24051
TC-00028275,,,false,2026-06-29 17:05:00,DELETE,19981
TC-00028276,general,Santa Catarina Pinula,true,,UPDATE,12898
TC-00028277,general,Zona 12,true,,UPDATE,948
TC-00028279,trabajador,Zona 1,true,,UPDATE,8780
TC-00028287,estudiante,Villa Nueva,true,,UPDATE,28140
TC-00028295,estudiante,Zona 7,true,,UPDATE,20510
TC-00028299,trabajador,Santa Catarina Pinula,true,,INSERT,17427
TC-00028300,general,San Miguel Petapa,true,,INSERT,11758
TC-00028301,adulto_mayor,Zona 18,true,,UPDATE,12218
TC-00028302,trabajador,Santa Catarina Pinula,true,,INSERT,18132
TC-00028304,estudiante,Zona 9,true,,UPDATE,27493
TC-00028308,trabajador,Zona 17,true,,INSERT,24938
TC-00028309,adulto_mayor,Zona 7,true,,INSERT,16776
TC-00028311,,,false,2026-07-06 14:30:00,DELETE,24804
TC-00028312,trabajador,San Miguel Petapa,true,,INSERT,9779
TC-00028314,general,Zona 17,true,,UPDATE,23800
TC-00028316,general,Mixco,true,,UPDATE,5342
TC-00028319,adulto_mayor,Zona 17,true,,UPDATE,25363
TC-00028323,estudiante,Zona 18,true,,INSERT,27023
TC-00028330,general,Zona 6,true,,UPDATE,21863
TC-00028332,general,Zona 7,true,,UPDATE,6767
TC-00028335,adulto_mayor,Zona 10,true,,UPDATE,12275
TC-00028340,estudiante,Zona 11,true,,UPDATE,29569
TC-00028344,general,Zona 13,true,,UPDATE,6625
TC-00028352,adulto_mayor,Zona 4,true,,UPDATE,25786
TC-00028360,trabajador,Santa Catarina Pinula,true,,UPDATE,2506
TC-00028362,trabajador,Santa Catarina Pinula,true,,INSERT,10422
TC-00028365,general,Zona 9,true,,INSERT,10559
TC-00028366,adulto_mayor,Zona 9,true,,UPDATE,1940
TC-00028370,,,false,2026-06-10 01:16:00,DELETE,6848
TC-00028372,adulto_mayor,Villa Nueva,true,,INSERT,9817
TC-00028373,estudiante,Mixco,true,,UPDATE,21251
TC-00028375,trabajador,Zona 11,true,,INSERT,11868
TC-00028383,trabajador,Zona 8,true,,INSERT,29734
TC-00028385,general,Santa Catarina Pinula,true,,UPDATE,14206
TC-00028388,adulto_mayor,Santa Catarina Pinula,true,,INSERT,18070
TC-00028391,estudiante,Zona 7,true,,UPDATE,11371
TC-00028393,estudiante,San Miguel Petapa,true,,UPDATE,10739
TC-00028400,trabajador,Zona 13,true,,INSERT,22274
TC-00028401,estudiante,Mixco,true,,UPDATE,26050
TC-00028406,trabajador,Zona 13,true,,INSERT,3509
TC-00028408,,,false,2026-07-08 14:05:00,DELETE,26213
TC-00028411,trabajador,Zona 12,true,,INSERT,26366
TC-00028416,trabajador,San Miguel Petapa,true,,INSERT,29806
TC-00028417,trabajador,Zona 9,true,,INSERT,9200
TC-00028418,,,false,2026-07-04 07:57:00,DELETE,23445
TC-00028421,estudiante,Zona 12,true,,UPDATE,6797
TC-00028426,adulto_mayor,Zona 18,true,,UPDATE,26039
TC-00028433,trabajador,Zona 11,true,,INSERT,23676
TC-00028443,general,Santa Catarina Pinula,true,,UPDATE,16216
TC-00028446,general,Villa Nueva,true,,UPDATE,2601
TC-00028452,general,Zona 17,true,,UPDATE,23104
TC-00028453,general,Zona 17,true,,INSERT,4831
TC-00028454,trabajador,Zona 7,true,,UPDATE,6590
TC-00028459,adulto_mayor,Zona 6,true,,UPDATE,30053
TC-00028460,adulto_mayor,Zona 6,true,,UPDATE,23155
TC-00028467,trabajador,Zona 13,true,,UPDATE,21117
TC-00028469,trabajador,San Miguel Petapa,true,,INSERT,2273
TC-00028470,,,false,2026-06-04 12:28:00,DELETE,2722
TC-00028475,,,false,2026-06-04 22:45:00,DELETE,2696
TC-00028476,adulto_mayor,Zona 11,true,,UPDATE,28534
TC-00028478,trabajador,Zona 17,true,,UPDATE,7387
TC-00028480,,,false,2026-06-08 20:11:00,DELETE,5467
TC-00028481,trabajador,Villa Nueva,true,,INSERT,24371
TC-00028485,estudiante,Zona 17,true,,UPDATE,28056
TC-00028487,adulto_mayor,San Miguel Petapa,true,,UPDATE,26653
TC-00028494,adulto_mayor,Zona 1,true,,UPDATE,1938
TC-00028502,general,Zona 6,true,,INSERT,24895
TC-00028503,estudiante,Zona 11,true,,UPDATE,30824
TC-00028504,trabajador,Santa Catarina Pinula,true,,INSERT,24330
TC-00028509,adulto_mayor,Zona 4,true,,UPDATE,16834
TC-00028510,general,San Miguel Petapa,true,,INSERT,1432
TC-00028512,general,Zona 12,true,,UPDATE,19002
TC-00028519,trabajador,Zona 18,true,,UPDATE,14271
TC-00028529,adulto_mayor,Zona 8,true,,UPDATE,14143
TC-00028533,trabajador,Zona 9,true,,INSERT,14035
TC-00028536,adulto_mayor,Zona 17,true,,UPDATE,14144
TC-00028539,general,Zona 1,true,,INSERT,16095
TC-00028541,trabajador,Zona 12,true,,INSERT,13920
TC-00028544,adulto_mayor,Zona 9,true,,INSERT,1616
TC-00028549,,,false,2026-06-01 10:36:00,DELETE,647
TC-00028552,general,Zona 1,true,,UPDATE,18415
TC-00028553,trabajador,Zona 6,false,2026-06-25 04:39:00,DELETE,17241
TC-00028556,general,Zona 18,true,,INSERT,3571
TC-00028558,,,false,2026-06-12 20:22:00,DELETE,8221
TC-00028567,estudiante,Zona 8,true,,INSERT,30598
TC-00028570,trabajador,Zona 7,true,,UPDATE,27199
TC-00028574,general,Zona 12,true,,UPDATE,21921
TC-00028577,estudiante,Zona 6,true,,INSERT,16747
TC-00028580,trabajador,Zona 6,true,,INSERT,29890
TC-00028581,trabajador,Zona 1,true,,INSERT,26440
TC-00028584,estudiante,Zona 6,true,,INSERT,25657
TC-00028586,general,Zona 6,true,,INSERT,25603
TC-00028587,estudiante,Zona 11,true,,UPDATE,24521
TC-00028591,trabajador,Zona 7,true,,UPDATE,2632
TC-00028593,adulto_mayor,Zona 6,true,,UPDATE,27334
TC-00028595,adulto_mayor,Zona 6,true,,INSERT,237
TC-00028597,trabajador,Zona 4,true,,UPDATE,20350
TC-00028599,adulto_mayor,Zona 7,true,,UPDATE,4713
TC-00028601,,,false,2026-06-04 04:29:00,DELETE,2718
TC-00028602,,,false,2026-06-30 00:22:00,DELETE,20616
TC-00028609,general,Zona 13,true,,UPDATE,11574
TC-00028611,trabajador,Zona 10,false,2026-06-20 08:01:00,DELETE,13792
TC-00028612,trabajador,Zona 18,true,,INSERT,26225
TC-00028614,trabajador,Mixco,true,,INSERT,8302
TC-00028619,estudiante,Zona 18,true,,UPDATE,17543
TC-00028624,general,Zona 9,true,,INSERT,16664
TC-00028627,trabajador,Zona 18,true,,UPDATE,24736
TC-00028628,adulto_mayor,Zona 7,true,,INSERT,17998
TC-00028634,adulto_mayor,Zona 13,true,,UPDATE,22466
TC-00028635,trabajador,Zona 8,true,,UPDATE,23885
TC-00028641,trabajador,Santa Catarina Pinula,true,,UPDATE,14303
TC-00028644,estudiante,Zona 17,true,,UPDATE,20954
TC-00028648,trabajador,Zona 13,true,,INSERT,20121
TC-00028649,trabajador,Zona 13,true,,INSERT,27150
TC-00028654,trabajador,Mixco,true,,UPDATE,30233
TC-00028657,trabajador,Zona 6,true,,UPDATE,23907
TC-00028659,trabajador,Santa Catarina Pinula,true,,INSERT,11208
TC-00028669,,,false,2026-06-13 22:16:00,DELETE,8943
TC-00028674,adulto_mayor,Zona 9,true,,INSERT,905
TC-00028676,estudiante,Zona 4,true,,UPDATE,26590
TC-00028679,adulto_mayor,San Miguel Petapa,true,,UPDATE,13389
TC-00028680,trabajador,Zona 11,true,,INSERT,27614
TC-00028681,trabajador,Zona 13,true,,INSERT,17426
TC-00028682,trabajador,Zona 10,true,,UPDATE,17147
TC-00028690,trabajador,San Miguel Petapa,true,,UPDATE,15430
TC-00028691,trabajador,Zona 12,true,,INSERT,11146
TC-00028696,estudiante,Zona 4,true,,INSERT,26283
TC-00028698,trabajador,Zona 1,true,,INSERT,26252
TC-00028701,,,false,2026-06-04 19:06:00,DELETE,2751
TC-00028702,trabajador,Zona 13,true,,UPDATE,15574
TC-00028708,trabajador,Zona 8,true,,INSERT,4921
TC-00028709,trabajador,Zona 6,true,,INSERT,8511
TC-00028710,trabajador,Zona 13,true,,INSERT,22209
TC-00028713,general,San Miguel Petapa,true,,UPDATE,23218
TC-00028720,general,Zona 6,true,,INSERT,6360
TC-00028725,estudiante,Zona 11,true,,UPDATE,478
TC-00028728,general,Zona 17,true,,UPDATE,29271
TC-00028734,,,false,2026-07-04 08:51:00,DELETE,23430
TC-00028735,estudiante,Zona 1,true,,UPDATE,30766
TC-00028744,trabajador,Zona 7,true,,UPDATE,27489
TC-00028749,trabajador,Zona 13,true,,UPDATE,30754
TC-00028754,estudiante,Zona 13,true,,UPDATE,13554
TC-00028756,trabajador,Villa Nueva,true,,UPDATE,23975
TC-00028757,adulto_mayor,Zona 17,true,,UPDATE,12128
TC-00028762,general,Zona 7,true,,INSERT,15368
TC-00028770,adulto_mayor,San Miguel Petapa,true,,UPDATE,14378
TC-00028773,,,false,2026-07-14 11:42:00,DELETE,30310
TC-00028775,trabajador,Zona 13,true,,UPDATE,25282
TC-00028780,general,Zona 1,true,,UPDATE,16865
TC-00028787,estudiante,San Miguel Petapa,true,,UPDATE,12097
TC-00028793,trabajador,San Miguel Petapa,true,,UPDATE,12253
TC-00028794,adulto_mayor,Zona 8,true,,UPDATE,27974
TC-00028795,general,Zona 12,true,,UPDATE,2365
TC-00028802,general,Zona 6,true,,UPDATE,14882
TC-00028805,adulto_mayor,San Miguel Petapa,true,,UPDATE,3160
TC-00028807,trabajador,Zona 8,false,2026-07-02 09:02:00,DELETE,21996
TC-00028810,trabajador,Zona 4,true,,INSERT,11264
TC-00028814,adulto_mayor,Zona 1,true,,UPDATE,21661
TC-00028819,trabajador,Zona 9,true,,UPDATE,16177
TC-00028820,estudiante,Zona 9,true,,UPDATE,22388
TC-00028823,trabajador,Zona 18,true,,INSERT,16752
TC-00028831,general,Zona 13,true,,UPDATE,7269
TC-00028833,trabajador,Zona 8,true,,INSERT,7060
TC-00028836,adulto_mayor,San Miguel Petapa,true,,UPDATE,18337
TC-00028843,,,false,2026-06-17 11:45:00,DELETE,11722
TC-00028852,general,Mixco,true,,INSERT,13288
TC-00028853,,,false,2026-06-26 01:06:00,DELETE,17913
TC-00028854,trabajador,San Miguel Petapa,true,,UPDATE,26751
TC-00028859,general,Zona 9,true,,UPDATE,20522
TC-00028862,general,Zona 1,false,2026-07-02 10:29:00,DELETE,22005
TC-00028867,general,Santa Catarina Pinula,true,,UPDATE,25169
TC-00028869,general,Zona 6,false,2026-07-09 21:26:00,DELETE,26832
TC-00028876,,,false,2026-07-05 17:34:00,DELETE,24120
TC-00028877,,,false,2026-06-04 11:37:00,DELETE,2691
TC-00028883,adulto_mayor,Zona 10,true,,UPDATE,23883
TC-00028888,trabajador,San Miguel Petapa,true,,UPDATE,12706
TC-00028891,trabajador,Santa Catarina Pinula,true,,UPDATE,23298
TC-00028892,general,Zona 10,true,,UPDATE,19910
TC-00028897,estudiante,Zona 10,true,,INSERT,11888
TC-00028898,estudiante,Zona 13,true,,UPDATE,13542
TC-00028900,trabajador,Zona 13,true,,UPDATE,18193
TC-00028903,estudiante,Zona 11,true,,UPDATE,27462
TC-00028906,,,false,2026-07-12 06:51:00,DELETE,28972
TC-00028912,general,Zona 17,true,,UPDATE,11376
TC-00028913,trabajador,Zona 11,true,,INSERT,18698
TC-00028915,trabajador,Zona 4,true,,INSERT,16042
TC-00028916,adulto_mayor,Zona 11,true,,UPDATE,8540
TC-00028917,estudiante,Zona 6,true,,UPDATE,30257
TC-00028918,adulto_mayor,Zona 1,true,,INSERT,13859
TC-00028919,general,Villa Nueva,true,,UPDATE,25816
TC-00028920,trabajador,Zona 9,true,,INSERT,19440
TC-00028925,estudiante,Zona 13,true,,UPDATE,23348
TC-00028932,,,false,2026-07-03 06:26:00,DELETE,22742
TC-00028934,general,Zona 4,true,,UPDATE,26005
TC-00028935,adulto_mayor,Santa Catarina Pinula,true,,UPDATE,17019
TC-00028938,general,Villa Nueva,true,,UPDATE,28577
TC-00028940,general,Zona 17,true,,UPDATE,24549
TC-00028943,adulto_mayor,Zona 6,true,,INSERT,4307
TC-00028947,estudiante,Zona 17,true,,INSERT,27708
TC-00028950,trabajador,Zona 6,true,,INSERT,11791
TC-00028952,adulto_mayor,Zona 10,false,2026-07-04 14:02:00,DELETE,23446
TC-00028953,,,false,2026-07-08 00:18:00,DELETE,26167
TC-00028955,estudiante,Mixco,true,,UPDATE,15602
TC-00028963,trabajador,Zona 17,true,,UPDATE,13485
TC-00028964,trabajador,Villa Nueva,true,,INSERT,20169
TC-00028965,estudiante,Zona 8,true,,UPDATE,17078
TC-00028970,trabajador,Zona 17,true,,UPDATE,16269
TC-00028972,estudiante,Zona 6,true,,INSERT,22985
TC-00028978,adulto_mayor,Zona 12,true,,UPDATE,18279
TC-00028981,adulto_mayor,Zona 10,true,,UPDATE,19842
TC-00028983,,,false,2026-06-05 04:35:00,DELETE,3366
TC-00028984,trabajador,Zona 18,true,,UPDATE,16416
TC-00028987,general,Zona 12,true,,UPDATE,29466
TC-00028989,estudiante,Zona 10,true,,UPDATE,27214
TC-00028990,general,Santa Catarina Pinula,true,,UPDATE,26547
TC-00028994,trabajador,Villa Nueva,true,,INSERT,26990
TC-00028995,trabajador,Villa Nueva,true,,UPDATE,10818
TC-00028996,trabajador,Zona 7,true,,INSERT,27803
TC-00028999,trabajador,Zona 10,true,,INSERT,12592
TC-00029002,,,false,2026-06-29 21:00:00,DELETE,20000
TC-00029004,adulto_mayor,San Miguel Petapa,true,,UPDATE,2615
TC-00029006,estudiante,Zona 6,true,,UPDATE,11462
TC-00029007,trabajador,Zona 4,true,,UPDATE,29514
TC-00029008,general,Zona 12,true,,INSERT,24206
TC-00029012,adulto_mayor,Zona 12,false,2026-07-06 23:03:00,DELETE,24755
TC-00029013,adulto_mayor,Zona 13,true,,UPDATE,12728
TC-00029019,trabajador,Zona 6,true,,UPDATE,16417
TC-00029020,trabajador,Zona 13,true,,UPDATE,19119
TC-00029022,trabajador,San Miguel Petapa,true,,UPDATE,5094
TC-00029030,trabajador,Zona 10,true,,UPDATE,19628
TC-00029033,estudiante,Zona 18,true,,UPDATE,30070
TC-00029037,general,San Miguel Petapa,true,,UPDATE,30851
TC-00029047,trabajador,Zona 18,true,,INSERT,6320
TC-00029050,adulto_mayor,Zona 13,true,,UPDATE,21691
TC-00029051,trabajador,San Miguel Petapa,true,,INSERT,11917
TC-00029054,general,San Miguel Petapa,true,,UPDATE,270
TC-00029058,general,Zona 11,true,,INSERT,3683
TC-00029059,,,false,2026-06-25 03:48:00,DELETE,17224
TC-00029060,estudiante,Zona 17,true,,UPDATE,3773
TC-00029061,adulto_mayor,Zona 18,true,,UPDATE,29354
TC-00029064,general,Zona 7,true,,INSERT,5647
TC-00029066,estudiante,Zona 8,true,,INSERT,1415
TC-00029067,adulto_mayor,Santa Catarina Pinula,true,,UPDATE,12071
TC-00029069,adulto_mayor,Mixco,true,,UPDATE,14101
TC-00029073,trabajador,Zona 9,true,,INSERT,10444
TC-00029076,estudiante,Zona 8,true,,UPDATE,30126
TC-00029080,adulto_mayor,Zona 4,true,,UPDATE,25151
TC-00029093,general,Mixco,true,,UPDATE,14973
TC-00029094,adulto_mayor,Santa Catarina Pinula,true,,UPDATE,1727
TC-00029097,estudiante,Zona 11,true,,UPDATE,23310
TC-00029098,trabajador,Mixco,true,,INSERT,24942
TC-00029100,estudiante,Villa Nueva,true,,INSERT,28348
TC-00029107,general,Zona 7,true,,INSERT,13871
TC-00029110,trabajador,Zona 10,true,,UPDATE,14883
TC-00029111,estudiante,Santa Catarina Pinula,true,,UPDATE,12328
TC-00029115,adulto_mayor,Zona 11,true,,UPDATE,21832
TC-00029116,trabajador,Zona 1,true,,INSERT,8294
TC-00029118,adulto_mayor,Zona 4,true,,INSERT,13168
TC-00029140,trabajador,Zona 7,true,,UPDATE,9270
TC-00029144,trabajador,Zona 12,true,,UPDATE,30062
TC-00029147,,,false,2026-06-21 19:05:00,DELETE,14456
TC-00029149,adulto_mayor,Mixco,true,,UPDATE,26467
TC-00029150,trabajador,Zona 10,true,,UPDATE,23856
TC-00029151,trabajador,Zona 8,true,,INSERT,20804
TC-00029156,,,false,2026-06-17 16:05:00,DELETE,11717
TC-00029157,estudiante,Zona 12,true,,UPDATE,1133
TC-00029173,trabajador,Zona 7,true,,UPDATE,28798
TC-00029174,adulto_mayor,Zona 4,true,,UPDATE,12818
TC-00029180,,,false,2026-06-10 07:36:00,DELETE,6822
TC-00029182,trabajador,San Miguel Petapa,true,,UPDATE,25189
TC-00029183,general,Zona 1,true,,UPDATE,25995
TC-00029186,general,Zona 6,true,,INSERT,13955
TC-00029191,trabajador,Zona 9,true,,UPDATE,10052
TC-00029199,trabajador,Zona 7,true,,INSERT,21503
TC-00029200,trabajador,Zona 4,true,,INSERT,18810
TC-00029203,trabajador,Zona 1,true,,UPDATE,26619
TC-00029208,adulto_mayor,Zona 10,true,,UPDATE,28790
TC-00029213,trabajador,Zona 6,true,,INSERT,10553
TC-00029215,trabajador,Villa Nueva,true,,UPDATE,11981
TC-00029216,trabajador,Zona 12,true,,UPDATE,30770
TC-00029219,general,Villa Nueva,true,,INSERT,29852
TC-00029224,,,false,2026-06-04 21:25:00,DELETE,2686
TC-00029227,trabajador,Zona 13,true,,UPDATE,22579
TC-00029235,estudiante,Zona 17,false,2026-06-09 08:02:00,DELETE,6193
TC-00029239,trabajador,Zona 1,true,,UPDATE,27281
TC-00029244,adulto_mayor,Zona 11,true,,UPDATE,4714
TC-00029250,,,false,2026-06-21 22:23:00,DELETE,14469
TC-00029251,trabajador,Mixco,true,,UPDATE,2382
TC-00029253,estudiante,Zona 11,true,,UPDATE,30096
TC-00029256,trabajador,Zona 10,true,,INSERT,17980
TC-00029258,general,San Miguel Petapa,true,,UPDATE,12941
TC-00029264,trabajador,Zona 13,true,,INSERT,9058
TC-00029267,trabajador,Santa Catarina Pinula,true,,UPDATE,23759
TC-00029272,trabajador,Zona 11,true,,INSERT,18705
TC-00029275,adulto_mayor,Zona 7,true,,INSERT,14669
TC-00029289,general,Zona 10,true,,INSERT,24366
TC-00029294,estudiante,Zona 11,true,,INSERT,9174
TC-00029301,trabajador,Zona 6,true,,INSERT,18797
TC-00029303,general,San Miguel Petapa,true,,INSERT,10366
TC-00029305,trabajador,Mixco,true,,UPDATE,30802
TC-00029306,trabajador,Zona 1,true,,INSERT,13971
TC-00029319,,,false,2026-06-16 16:01:00,DELETE,11016
TC-00029327,general,Zona 13,true,,UPDATE,11290
TC-00029328,trabajador,Zona 4,true,,INSERT,22165
TC-00029331,general,Zona 18,true,,UPDATE,19864
TC-00029332,adulto_mayor,Mixco,true,,UPDATE,15057
TC-00029335,,,false,2026-06-03 22:05:00,DELETE,2017
TC-00029342,estudiante,Zona 12,true,,UPDATE,5293
TC-00029344,estudiante,Zona 1,false,2026-06-11 10:09:00,DELETE,7573
TC-00029348,estudiante,Zona 12,true,,UPDATE,6774
TC-00029349,estudiante,Zona 12,true,,UPDATE,28777
TC-00029353,,,false,2026-06-17 00:14:00,DELETE,11709
TC-00029358,estudiante,Mixco,true,,INSERT,15946
TC-00029360,trabajador,Zona 13,true,,INSERT,28475
TC-00029362,,,false,2026-07-11 02:35:00,DELETE,28289
TC-00029371,trabajador,Zona 8,true,,INSERT,17351
TC-00029379,adulto_mayor,Zona 8,true,,UPDATE,5148
TC-00029380,trabajador,Zona 8,true,,INSERT,6342
TC-00029383,adulto_mayor,Villa Nueva,false,2026-07-13 01:12:00,DELETE,29610
TC-00029391,adulto_mayor,Zona 4,true,,UPDATE,27363
TC-00029393,adulto_mayor,Zona 8,true,,UPDATE,27472
TC-00029400,general,Zona 12,true,,UPDATE,23081
TC-00029402,adulto_mayor,Villa Nueva,true,,UPDATE,16340
TC-00029403,general,Villa Nueva,false,2026-06-11 23:29:00,DELETE,7526
TC-00029404,trabajador,Zona 4,true,,UPDATE,18191
TC-00029407,general,Mixco,true,,UPDATE,28107
TC-00029413,general,Zona 4,true,,UPDATE,17112
TC-00029414,estudiante,Zona 6,true,,UPDATE,14150
TC-00029415,,,false,2026-07-09 05:50:00,DELETE,26827
TC-00029417,estudiante,Zona 18,true,,INSERT,9208
TC-00029420,,,false,2026-07-12 15:55:00,DELETE,28895
TC-00029421,trabajador,Zona 9,false,2026-06-25 00:57:00,DELETE,17219
TC-00029422,estudiante,Mixco,true,,UPDATE,3140
TC-00029437,trabajador,Zona 7,true,,UPDATE,7249
TC-00029440,estudiante,Villa Nueva,true,,UPDATE,12957
TC-00029446,,,false,2026-06-11 16:21:00,DELETE,7529
TC-00029448,general,Zona 10,true,,INSERT,1566
TC-00029454,estudiante,Villa Nueva,false,2026-07-12 15:24:00,DELETE,28897
TC-00029455,general,Mixco,true,,UPDATE,19641
TC-00029456,adulto_mayor,Zona 11,true,,UPDATE,23193
TC-00029462,trabajador,Zona 12,true,,UPDATE,24551
TC-00029463,estudiante,San Miguel Petapa,true,,UPDATE,26128
TC-00029466,estudiante,Zona 17,true,,UPDATE,3330
TC-00029467,estudiante,Zona 17,true,,INSERT,22185
TC-00029473,trabajador,Zona 1,true,,INSERT,28442
TC-00029474,estudiante,Zona 6,true,,INSERT,20717
TC-00029475,general,Zona 12,false,2026-07-05 08:18:00,DELETE,24108
TC-00029476,adulto_mayor,Zona 8,true,,UPDATE,30178
TC-00029481,,,false,2026-06-30 06:58:00,DELETE,20694
TC-00029484,trabajador,Villa Nueva,true,,UPDATE,16412
TC-00029485,estudiante,San Miguel Petapa,true,,UPDATE,30786
TC-00029488,estudiante,Mixco,true,,INSERT,29711
TC-00029489,adulto_mayor,Zona 7,true,,UPDATE,19692
TC-00029497,trabajador,Zona 4,true,,INSERT,4247
TC-00029499,trabajador,San Miguel Petapa,true,,INSERT,22281
TC-00029501,adulto_mayor,Zona 17,true,,UPDATE,25937
TC-00029505,adulto_mayor,Zona 13,true,,UPDATE,30622
TC-00029506,,,false,2026-06-08 07:07:00,DELETE,5501
TC-00029507,estudiante,Zona 13,true,,UPDATE,1953
TC-00029515,adulto_mayor,Santa Catarina Pinula,true,,UPDATE,4431
TC-00029518,trabajador,Zona 4,true,,INSERT,21588
TC-00029521,adulto_mayor,Mixco,false,2026-07-10 15:12:00,DELETE,27551
TC-00029525,trabajador,Zona 17,true,,INSERT,2771
TC-00029526,trabajador,Santa Catarina Pinula,true,,INSERT,27639
TC-00029534,trabajador,Zona 7,true,,UPDATE,21978
TC-00029537,trabajador,Zona 10,true,,UPDATE,8161
TC-00029542,estudiante,Villa Nueva,true,,UPDATE,29232
TC-00029544,trabajador,Zona 6,true,,UPDATE,14222
TC-00029548,general,Zona 6,true,,UPDATE,25177
TC-00029555,trabajador,Zona 17,true,,UPDATE,6765
TC-00029558,estudiante,Zona 4,true,,UPDATE,23303
TC-00029559,trabajador,Zona 10,true,,UPDATE,30723
TC-00029561,adulto_mayor,Zona 9,true,,UPDATE,12312
TC-00029562,trabajador,Zona 17,true,,UPDATE,3901
TC-00029563,trabajador,Zona 6,true,,INSERT,20249
TC-00029569,estudiante,San Miguel Petapa,true,,UPDATE,27279
TC-00029573,trabajador,Zona 8,true,,INSERT,19517
TC-00029574,adulto_mayor,San Miguel Petapa,true,,INSERT,14499
TC-00029580,trabajador,San Miguel Petapa,true,,INSERT,3492
TC-00029587,trabajador,Zona 6,true,,INSERT,27840
TC-00029591,trabajador,Zona 1,true,,UPDATE,2379
TC-00029596,trabajador,Zona 8,false,2026-07-11 23:00:00,DELETE,28248
TC-00029599,,,false,2026-07-06 10:30:00,DELETE,24835
TC-00029601,general,Zona 18,true,,UPDATE,1681
TC-00029609,estudiante,Mixco,true,,UPDATE,10004
TC-00029614,trabajador,Zona 18,false,2026-06-17 15:10:00,DELETE,11672
TC-00029621,estudiante,Zona 4,true,,UPDATE,30196
TC-00029632,adulto_mayor,Zona 10,true,,INSERT,18100
TC-00029633,adulto_mayor,Zona 17,true,,UPDATE,23055
TC-00029635,estudiante,Zona 17,true,,UPDATE,16886
TC-00029641,adulto_mayor,Villa Nueva,true,,INSERT,27661
TC-00029643,trabajador,Zona 9,true,,INSERT,24335
TC-00029644,trabajador,Zona 18,true,,UPDATE,26660
TC-00029656,,,false,2026-07-14 03:03:00,DELETE,30333
TC-00029657,adulto_mayor,Zona 18,true,,UPDATE,30873
TC-00029659,general,San Miguel Petapa,true,,INSERT,7096
TC-00029661,adulto_mayor,Zona 7,true,,UPDATE,26745
TC-00029662,estudiante,Zona 6,true,,INSERT,7111
TC-00029663,general,Zona 10,true,,UPDATE,15557
TC-00029673,trabajador,Santa Catarina Pinula,true,,UPDATE,29568
TC-00029676,estudiante,Zona 7,true,,UPDATE,30815
TC-00029680,trabajador,Zona 7,true,,UPDATE,19122
TC-00029683,trabajador,Zona 8,true,,UPDATE,28076
TC-00029684,adulto_mayor,Zona 12,true,,INSERT,18106
TC-00029694,estudiante,Zona 17,true,,UPDATE,5393
TC-00029702,general,Zona 4,true,,UPDATE,8013
TC-00029704,estudiante,Zona 10,true,,UPDATE,6639
TC-00029709,,,false,2026-06-20 05:21:00,DELETE,13772
TC-00029717,general,Zona 9,true,,INSERT,11967
TC-00029728,trabajador,Zona 12,true,,UPDATE,7370
TC-00029732,estudiante,Zona 17,true,,UPDATE,30692
TC-00029736,general,Zona 17,true,,UPDATE,7403
TC-00029739,adulto_mayor,Zona 12,true,,INSERT,22812
TC-00029740,general,Zona 6,true,,INSERT,17261
TC-00029742,,,false,2026-06-10 02:57:00,DELETE,6844
TC-00029743,estudiante,Villa Nueva,true,,UPDATE,14114
TC-00029745,general,Zona 10,true,,INSERT,21511
TC-00029750,estudiante,Mixco,true,,UPDATE,24020
TC-00029751,estudiante,Zona 8,true,,UPDATE,3282
TC-00029754,adulto_mayor,Zona 8,true,,INSERT,21626
TC-00029756,,,false,2026-07-05 01:04:00,DELETE,24123
TC-00029758,trabajador,Villa Nueva,true,,INSERT,23478
TC-00029759,general,Zona 8,true,,UPDATE,29510
TC-00029761,estudiante,Zona 6,true,,INSERT,22858
TC-00029764,adulto_mayor,Zona 9,true,,UPDATE,8175
TC-00029765,general,Zona 17,true,,INSERT,29133
TC-00029767,,,false,2026-06-26 11:24:00,DELETE,17873
TC-00029771,,,false,2026-06-19 15:19:00,DELETE,13082
TC-00029774,estudiante,Zona 13,true,,UPDATE,11465
TC-00029776,general,San Miguel Petapa,true,,INSERT,41
TC-00029777,,,false,2026-06-06 13:34:00,DELETE,4064
TC-00029779,general,Zona 6,true,,UPDATE,23306
TC-00029781,estudiante,Zona 7,true,,INSERT,30563
TC-00029783,general,Zona 17,true,,UPDATE,15597
TC-00029786,trabajador,Zona 10,true,,UPDATE,5775
TC-00029788,estudiante,Zona 10,true,,UPDATE,12960
TC-00029797,general,Zona 8,true,,UPDATE,20406
TC-00029798,adulto_mayor,Zona 8,true,,INSERT,9865
TC-00029802,trabajador,Zona 18,true,,INSERT,24179
TC-00029803,trabajador,Zona 12,true,,INSERT,12631
TC-00029806,estudiante,Zona 13,true,,UPDATE,10783
TC-00029808,trabajador,Zona 4,true,,INSERT,14617
TC-00029810,general,Zona 11,true,,UPDATE,23219
TC-00029818,trabajador,Zona 8,true,,INSERT,17279
TC-00029819,trabajador,Zona 12,true,,INSERT,28450
TC-00029822,adulto_mayor,Zona 8,true,,UPDATE,19596
TC-00029826,general,Villa Nueva,true,,INSERT,11115
TC-00029829,general,Zona 11,true,,UPDATE,27426
TC-00029836,general,Zona 6,false,2026-07-06 06:05:00,DELETE,24809
TC-00029839,general,Zona 17,true,,INSERT,13880
TC-00029843,adulto_mayor,Zona 11,true,,UPDATE,27936
TC-00029848,trabajador,Zona 9,true,,UPDATE,21702
TC-00029852,general,Zona 9,true,,INSERT,19357
TC-00029853,general,Zona 6,true,,INSERT,24348
TC-00029856,adulto_mayor,Zona 9,true,,UPDATE,21675
TC-00029867,trabajador,Zona 10,true,,UPDATE,9993
TC-00029868,adulto_mayor,Zona 12,true,,UPDATE,25802
TC-00029870,trabajador,Zona 18,true,,UPDATE,25170
TC-00029889,trabajador,Zona 8,true,,INSERT,30371
TC-00029892,adulto_mayor,Zona 13,true,,UPDATE,28163
TC-00029899,trabajador,Zona 1,true,,INSERT,22226
TC-00029900,,,false,2026-07-04 06:37:00,DELETE,23371
TC-00029902,trabajador,Zona 1,true,,UPDATE,17699
TC-00029909,general,Zona 18,true,,INSERT,708
TC-00029910,general,Santa Catarina Pinula,true,,UPDATE,5892
TC-00029914,adulto_mayor,Zona 7,true,,UPDATE,2589
TC-00029916,estudiante,Zona 7,true,,UPDATE,26723
TC-00029923,general,Zona 12,true,,INSERT,13149
TC-00029925,general,San Miguel Petapa,true,,UPDATE,11303
TC-00029930,estudiante,Zona 17,true,,UPDATE,24646
TC-00029932,general,Zona 18,true,,INSERT,20818
TC-00029934,,,false,2026-06-12 06:17:00,DELETE,8259
TC-00029936,general,Zona 13,true,,UPDATE,19617
TC-00029937,adulto_mayor,Zona 10,true,,UPDATE,1167
TC-00029942,general,Zona 7,true,,UPDATE,19824
TC-00029948,trabajador,Santa Catarina Pinula,true,,INSERT,3657
TC-00029952,,,false,2026-06-30 14:08:00,DELETE,20620
TC-00029954,,,false,2026-07-13 12:37:00,DELETE,29590
TC-00029957,trabajador,Villa Nueva,true,,UPDATE,465
TC-00029962,general,Zona 17,false,2026-06-28 18:56:00,DELETE,19279
TC-00029963,,,false,2026-06-30 04:39:00,DELETE,20686
TC-00029967,trabajador,Zona 11,true,,UPDATE,3898
TC-00029969,general,Mixco,true,,INSERT,21546
TC-00029975,general,Mixco,true,,UPDATE,13506
TC-00029976,adulto_mayor,Zona 18,true,,UPDATE,3020
TC-00029983,trabajador,Zona 10,true,,UPDATE,30085
TC-00029984,adulto_mayor,Zona 1,true,,INSERT,13235
TC-00029985,general,Zona 17,true,,UPDATE,22349
TC-00029986,,,false,2026-06-20 07:07:00,DELETE,13780
TC-00029987,trabajador,Zona 10,true,,UPDATE,30889
TC-00029989,trabajador,Zona 1,true,,INSERT,15188
TC-00029991,,,false,2026-06-26 02:07:00,DELETE,17876
TC-00029994,trabajador,Santa Catarina Pinula,true,,INSERT,20197
TC-00030000,,,false,2026-07-11 12:30:00,DELETE,28256
TC-00030006,adulto_mayor,Zona 12,true,,UPDATE,21146
TC-00030010,trabajador,Zona 9,true,,UPDATE,8043
TC-00030021,trabajador,Zona 17,false,2026-06-18 19:14:00,DELETE,12346
TC-00030024,adulto_mayor,Zona 1,true,,UPDATE,2656
TC-00030025,general,Zona 11,true,,INSERT,13805
TC-00030026,general,Zona 9,true,,UPDATE,25997
TC-00030027,general,Villa Nueva,true,,INSERT,9203
TC-00030030,trabajador,San Miguel Petapa,true,,UPDATE,26735
TC-00030040,estudiante,San Miguel Petapa,true,,UPDATE,7951
TC-00030046,general,Mixco,true,,UPDATE,30854
TC-00030047,estudiante,Zona 17,true,,UPDATE,1082
TC-00030048,trabajador,Zona 1,true,,UPDATE,17675
TC-00030054,adulto_mayor,Santa Catarina Pinula,true,,UPDATE,28599
TC-00030060,estudiante,Zona 1,true,,UPDATE,13361
TC-00030061,trabajador,Zona 11,true,,INSERT,1598
TC-00030065,trabajador,Zona 6,true,,INSERT,2871
TC-00030067,,,false,2026-07-10 04:09:00,DELETE,27574
TC-00030069,estudiante,San Miguel Petapa,true,,UPDATE,27915
TC-00030071,,,false,2026-06-05 00:12:00,DELETE,3444
TC-00030073,trabajador,Zona 13,true,,UPDATE,20506
TC-00030074,trabajador,Zona 7,true,,INSERT,28998
TC-00030079,estudiante,Santa Catarina Pinula,true,,UPDATE,7332
TC-00030082,estudiante,Zona 10,true,,UPDATE,1097
TC-00030083,estudiante,Zona 11,true,,UPDATE,28144
TC-00030087,estudiante,Zona 18,true,,UPDATE,23809
TC-00030092,trabajador,Villa Nueva,true,,INSERT,7791
TC-00030095,general,Zona 17,true,,UPDATE,13417
TC-00030098,general,Zona 9,true,,UPDATE,16892
TC-00030099,general,Zona 7,true,,UPDATE,26648
TC-00030102,trabajador,Zona 10,true,,INSERT,16699
TC-00030103,trabajador,San Miguel Petapa,true,,INSERT,1530
TC-00030104,general,Zona 6,true,,UPDATE,12671
TC-00030106,estudiante,Zona 4,true,,UPDATE,23950
TC-00030108,,,false,2026-06-21 13:28:00,DELETE,14460
TC-00030112,adulto_mayor,Zona 8,true,,UPDATE,18991
TC-00030115,adulto_mayor,Zona 4,true,,UPDATE,24497
TC-00030117,general,Zona 1,true,,UPDATE,28143
TC-00030120,adulto_mayor,Zona 9,true,,UPDATE,28002
TC-00030128,adulto_mayor,Zona 10,true,,UPDATE,24608
TC-00030131,trabajador,Zona 7,true,,UPDATE,15761
TC-00030135,general,Zona 4,true,,UPDATE,30643
TC-00030141,general,Zona 6,true,,UPDATE,25085
TC-00030145,trabajador,Zona 8,true,,UPDATE,3360
TC-00030147,general,Zona 1,true,,INSERT,4142
TC-00030148,estudiante,Zona 17,true,,INSERT,29741
TC-00030149,,,false,2026-06-09 09:14:00,DELETE,6194
TC-00030151,trabajador,Santa Catarina Pinula,true,,INSERT,6251
TC-00030163,trabajador,Villa Nueva,true,,UPDATE,970
TC-00030165,,,false,2026-06-15 03:35:00,DELETE,10331
TC-00030167,estudiante,Zona 9,true,,UPDATE,17681
TC-00030171,estudiante,Zona 6,true,,UPDATE,6513
TC-00030172,trabajador,Villa Nueva,true,,UPDATE,495
TC-00030174,general,Zona 12,true,,UPDATE,30189
TC-00030175,adulto_mayor,Zona 10,false,2026-07-12 05:34:00,DELETE,28960
TC-00030178,estudiante,San Miguel Petapa,true,,INSERT,10372
TC-00030184,estudiante,Zona 8,true,,UPDATE,30163
TC-00030185,estudiante,Zona 12,true,,UPDATE,21964
TC-00030186,general,Villa Nueva,true,,INSERT,28477
TC-00030193,trabajador,Zona 12,true,,INSERT,6286
TC-00030195,trabajador,Santa Catarina Pinula,true,,UPDATE,17757
TC-00030198,trabajador,Zona 9,true,,UPDATE,18884
TC-00030201,general,Zona 8,true,,INSERT,27767
TC-00030202,trabajador,Zona 1,true,,INSERT,23505
TC-00030207,estudiante,Mixco,true,,UPDATE,7393
TC-00030212,,,false,2026-07-07 02:48:00,DELETE,25449
TC-00030213,general,Santa Catarina Pinula,true,,INSERT,13991
TC-00030215,adulto_mayor,Zona 17,true,,UPDATE,20982
TC-00030217,trabajador,Zona 10,true,,UPDATE,20397
TC-00030218,estudiante,Zona 4,true,,UPDATE,28124
TC-00030220,adulto_mayor,Zona 1,true,,UPDATE,20356
TC-00030222,trabajador,Zona 1,true,,INSERT,14583
TC-00030226,estudiante,Zona 13,true,,INSERT,30596
TC-00030229,trabajador,Zona 12,true,,INSERT,27743
TC-00030230,adulto_mayor,Zona 1,true,,UPDATE,4550
TC-00030233,estudiante,Zona 4,true,,UPDATE,4681
TC-00030244,adulto_mayor,Zona 10,true,,UPDATE,21041
TC-00030245,trabajador,Zona 13,true,,INSERT,11826
TC-00030250,adulto_mayor,San Miguel Petapa,true,,UPDATE,10660
TC-00030255,trabajador,Zona 12,true,,UPDATE,5404
TC-00030256,adulto_mayor,Villa Nueva,true,,UPDATE,8692
TC-00030258,general,Zona 1,true,,INSERT,29021
TC-00030259,general,Zona 1,true,,UPDATE,18967
TC-00030260,adulto_mayor,San Miguel Petapa,true,,UPDATE,14137
TC-00030262,general,Zona 7,true,,INSERT,11154
TC-00030272,general,Santa Catarina Pinula,true,,INSERT,20839
TC-00030273,,,false,2026-06-29 13:55:00,DELETE,19953
TC-00030274,adulto_mayor,Zona 17,true,,UPDATE,9257
TC-00030279,trabajador,Zona 17,true,,INSERT,29780
TC-00030281,general,Zona 9,false,2026-07-13 17:16:00,DELETE,29605
TC-00030283,estudiante,Zona 8,true,,UPDATE,21962
TC-00030286,general,Zona 10,true,,UPDATE,21824
TC-00030288,,,false,2026-06-21 19:27:00,DELETE,14401
TC-00030289,adulto_mayor,Zona 10,true,,UPDATE,14371
TC-00030291,estudiante,Zona 1,true,,UPDATE,17546
TC-00030295,estudiante,Villa Nueva,true,,UPDATE,19672
TC-00030297,general,Zona 4,true,,UPDATE,6550
TC-00030298,adulto_mayor,Villa Nueva,true,,UPDATE,20351
TC-00030299,adulto_mayor,Zona 1,true,,UPDATE,14888
TC-00030300,,,false,2026-07-05 05:22:00,DELETE,24083
TC-00030303,adulto_mayor,Villa Nueva,true,,UPDATE,19061
TC-00030304,general,Zona 13,true,,UPDATE,3033
TC-00030308,trabajador,Zona 13,true,,INSERT,13243
TC-00030310,adulto_mayor,Mixco,true,,UPDATE,12930
TC-00030313,trabajador,San Miguel Petapa,true,,UPDATE,26698
TC-00030315,trabajador,Zona 9,true,,INSERT,22799
TC-00030320,trabajador,Mixco,true,,INSERT,24274
TC-00030329,trabajador,San Miguel Petapa,true,,INSERT,24345
TC-00030330,general,Zona 1,true,,UPDATE,18361
TC-00030335,,,false,2026-06-18 12:02:00,DELETE,12350
TC-00030339,estudiante,Zona 10,true,,INSERT,29800
TC-00030340,adulto_mayor,Santa Catarina Pinula,true,,UPDATE,1978
TC-00030347,adulto_mayor,Mixco,true,,UPDATE,21103
TC-00030350,,,false,2026-06-30 03:27:00,DELETE,20690
TC-00030355,adulto_mayor,Zona 11,true,,UPDATE,24432
TC-00030360,general,Santa Catarina Pinula,true,,UPDATE,20334
TC-00030363,general,Villa Nueva,true,,UPDATE,22517
TC-00030369,estudiante,Santa Catarina Pinula,true,,UPDATE,21990
TC-00030370,estudiante,Zona 12,true,,INSERT,26912
TC-00030371,adulto_mayor,Santa Catarina Pinula,true,,UPDATE,18253
TC-00030372,adulto_mayor,Zona 4,true,,INSERT,14576
TC-00030377,general,Santa Catarina Pinula,true,,UPDATE,25990
TC-00030380,,,false,2026-06-10 21:03:00,DELETE,6811
TC-00030383,general,Mixco,true,,UPDATE,3029
TC-00030384,trabajador,Zona 10,true,,INSERT,29777
TC-00030387,trabajador,Zona 9,true,,UPDATE,28752
TC-00030388,trabajador,Zona 17,false,2026-07-01 23:16:00,DELETE,21360
TC-00030391,trabajador,Zona 18,true,,INSERT,14036
TC-00030395,estudiante,San Miguel Petapa,true,,UPDATE,27466
TC-00030431,general,San Miguel Petapa,true,,UPDATE,25378
TC-00030434,trabajador,San Miguel Petapa,true,,UPDATE,25776
TC-00030435,estudiante,Zona 17,false,2026-06-28 01:34:00,DELETE,19277
TC-00030436,general,Santa Catarina Pinula,true,,UPDATE,19851
TC-00030437,estudiante,San Miguel Petapa,true,,INSERT,20117
TC-00030438,trabajador,Zona 7,true,,UPDATE,5274
TC-00030439,adulto_mayor,San Miguel Petapa,true,,UPDATE,11605
TC-00030441,,,false,2026-07-05 08:50:00,DELETE,24104
TC-00030447,adulto_mayor,Zona 17,true,,UPDATE,16848
TC-00030449,trabajador,Zona 7,true,,INSERT,20853
TC-00030450,general,Zona 18,true,,UPDATE,3979
TC-00030454,general,Zona 13,true,,INSERT,23623
TC-00030457,trabajador,Zona 18,true,,UPDATE,9482
TC-00030466,adulto_mayor,Zona 9,true,,UPDATE,23262
TC-00030468,trabajador,Zona 8,true,,INSERT,21436
TC-00030472,trabajador,Villa Nueva,true,,UPDATE,5328
TC-00030476,,,false,2026-06-21 23:40:00,DELETE,14410
TC-00030477,general,Zona 12,true,,UPDATE,13469
TC-00030478,,,false,2026-06-05 07:49:00,DELETE,3402
TC-00030480,,,false,2026-06-15 11:08:00,DELETE,10265
TC-00030482,,,false,2026-06-12 02:31:00,DELETE,8253
TC-00030486,,,false,2026-06-10 05:34:00,DELETE,6871
TC-00030488,,,false,2026-07-02 20:14:00,DELETE,22018
TC-00030489,estudiante,San Miguel Petapa,true,,INSERT,24190
TC-00030490,general,Villa Nueva,true,,UPDATE,28778
TC-00030495,adulto_mayor,Zona 10,true,,UPDATE,11426
TC-00030497,adulto_mayor,Santa Catarina Pinula,true,,INSERT,29697
TC-00030500,trabajador,Zona 4,true,,INSERT,2833
TC-00030504,adulto_mayor,Mixco,true,,UPDATE,1720
TC-00030507,trabajador,Santa Catarina Pinula,true,,INSERT,14630
TC-00030509,adulto_mayor,Zona 11,true,,UPDATE,19606
TC-00030514,adulto_mayor,Zona 17,true,,INSERT,27636
TC-00030524,estudiante,Zona 8,true,,INSERT,25068
TC-00030526,estudiante,Santa Catarina Pinula,true,,UPDATE,24632
TC-00030528,adulto_mayor,Zona 11,true,,INSERT,4157
TC-00030536,adulto_mayor,Zona 10,true,,UPDATE,19773
TC-00030537,estudiante,Zona 18,true,,UPDATE,14838
TC-00030538,,,false,2026-06-03 20:31:00,DELETE,2019
TC-00030539,trabajador,Zona 7,true,,UPDATE,28684
TC-00030544,trabajador,Zona 13,true,,INSERT,15920
TC-00030548,estudiante,Zona 1,true,,INSERT,21426
TC-00030550,trabajador,Mixco,true,,INSERT,22875
TC-00030553,trabajador,Zona 18,true,,UPDATE,24732
TC-00030554,general,Santa Catarina Pinula,true,,UPDATE,16418
TC-00030560,general,Zona 8,true,,UPDATE,9261
TC-00030564,trabajador,Zona 8,true,,UPDATE,21852
TC-00030565,adulto_mayor,Zona 17,true,,UPDATE,20392
TC-00030569,,,false,2026-06-25 09:33:00,DELETE,17165
TC-00030570,trabajador,Zona 17,true,,INSERT,27611
TC-00030574,estudiante,Zona 12,true,,UPDATE,28731
TC-00030575,trabajador,Zona 1,false,2026-07-14 17:16:00,DELETE,30339
TC-00030576,estudiante,Zona 13,false,2026-06-15 17:27:00,DELETE,10333
TC-00030578,general,Zona 1,true,,INSERT,18024
TC-00030579,trabajador,Zona 12,true,,INSERT,2900
TC-00030586,general,Zona 17,true,,INSERT,26230
TC-00030589,general,San Miguel Petapa,true,,INSERT,4976
TC-00030593,estudiante,Zona 1,true,,UPDATE,21851
TC-00030594,trabajador,Santa Catarina Pinula,true,,INSERT,29688
TC-00030596,trabajador,Zona 1,true,,INSERT,19438
TC-00030598,general,Villa Nueva,true,,UPDATE,20343
TC-00030603,,,false,2026-06-04 09:47:00,DELETE,2752
TC-00030608,adulto_mayor,Zona 17,true,,UPDATE,25423
TC-00030610,adulto_mayor,San Miguel Petapa,true,,INSERT,23574
TC-00030613,trabajador,Zona 6,true,,UPDATE,28735
TC-00030614,trabajador,Zona 4,true,,UPDATE,5988
TC-00030618,trabajador,Zona 13,true,,UPDATE,17665
TC-00030628,trabajador,Zona 6,true,,UPDATE,24638
TC-00030630,trabajador,Zona 13,true,,INSERT,23510
TC-00030631,adulto_mayor,Santa Catarina Pinula,true,,INSERT,23522
TC-00030632,general,Zona 13,true,,UPDATE,1809
TC-00030635,,,false,2026-07-14 01:54:00,DELETE,30317
TC-00030637,adulto_mayor,Zona 13,true,,UPDATE,22372
TC-00030638,trabajador,Zona 17,true,,INSERT,7667
TC-00030640,trabajador,Zona 4,true,,UPDATE,26550
TC-00030643,trabajador,Santa Catarina Pinula,true,,INSERT,27009
TC-00030644,trabajador,Zona 1,true,,INSERT,14562
TC-00030647,adulto_mayor,Mixco,true,,UPDATE,28718
TC-00030663,trabajador,Zona 11,true,,INSERT,17984
TC-00030671,,,false,2026-06-01 06:41:00,DELETE,646
TC-00030674,trabajador,Zona 13,false,2026-07-09 04:40:00,DELETE,26864
TC-00030675,adulto_mayor,Zona 7,true,,UPDATE,21026
TC-00030676,estudiante,Zona 8,true,,UPDATE,12776
TC-00030677,general,Zona 17,true,,UPDATE,23951
TC-00030683,trabajador,Zona 13,true,,INSERT,16714
TC-00030689,general,Zona 9,true,,UPDATE,7473
TC-00030690,estudiante,Zona 12,true,,UPDATE,28197
TC-00030693,general,Zona 13,true,,UPDATE,3286
TC-00030695,estudiante,Zona 17,true,,INSERT,30503
TC-00030700,estudiante,Zona 12,true,,UPDATE,21742
TC-00030701,adulto_mayor,Zona 18,true,,UPDATE,24442
TC-00030702,adulto_mayor,Zona 9,true,,UPDATE,4572
TC-00030707,estudiante,Santa Catarina Pinula,true,,UPDATE,30026
TC-00030708,trabajador,Villa Nueva,true,,UPDATE,3100
TC-00030709,trabajador,Zona 13,true,,UPDATE,25233
TC-00030712,estudiante,Santa Catarina Pinula,true,,INSERT,22968
TC-00030713,trabajador,Villa Nueva,true,,UPDATE,12940
TC-00030716,,,false,2026-06-13 02:58:00,DELETE,8898
TC-00030723,general,Zona 17,true,,INSERT,5568
TC-00030724,adulto_mayor,Zona 10,true,,UPDATE,28649
TC-00030725,trabajador,Zona 11,true,,INSERT,17474
TC-00030727,general,Zona 12,true,,UPDATE,10124
TC-00030728,,,false,2026-06-24 10:26:00,DELETE,16502
TC-00030730,trabajador,Santa Catarina Pinula,true,,INSERT,7824
TC-00030733,estudiante,Villa Nueva,true,,UPDATE,19674
TC-00030738,general,Zona 9,true,,UPDATE,6649
TC-00030740,trabajador,Zona 17,true,,UPDATE,20264
TC-00030746,trabajador,Zona 13,true,,UPDATE,6719
TC-00030748,estudiante,Zona 7,false,2026-06-17 03:54:00,DELETE,11685
TC-00030751,general,Zona 9,true,,UPDATE,9428
TC-00030752,adulto_mayor,Zona 11,true,,INSERT,12584
TC-00030763,trabajador,Zona 8,true,,INSERT,15914
TC-00030768,trabajador,Villa Nueva,true,,UPDATE,28697
TC-00030773,trabajador,Zona 18,true,,INSERT,18057
TC-00030776,,,false,2026-06-04 10:23:00,DELETE,2680
TC-00030779,adulto_mayor,Zona 7,true,,UPDATE,10697
TC-00030783,estudiante,San Miguel Petapa,true,,UPDATE,20460
TC-00030802,trabajador,Zona 11,true,,UPDATE,29307
TC-00030804,adulto_mayor,Zona 6,true,,UPDATE,8832
TC-00030811,general,Zona 9,true,,UPDATE,25349
TC-00030816,general,Zona 1,true,,UPDATE,9973
TC-00030819,adulto_mayor,Zona 7,true,,UPDATE,339
TC-00030821,adulto_mayor,Zona 12,true,,UPDATE,1229
TC-00030823,adulto_mayor,San Miguel Petapa,true,,UPDATE,18519
TC-00030824,,,false,2026-06-28 01:35:00,DELETE,19308
TC-00030827,general,Zona 13,true,,UPDATE,20994
TC-00030831,estudiante,Zona 12,true,,INSERT,1523
TC-00030832,trabajador,Zona 4,true,,INSERT,21402
TC-00030833,,,false,2026-07-07 21:25:00,DELETE,25510
TC-00030835,trabajador,Zona 13,true,,INSERT,23679
TC-00030838,estudiante,Zona 11,true,,INSERT,12473
TC-00030842,general,Villa Nueva,true,,UPDATE,16428
TC-00030843,trabajador,Zona 13,true,,INSERT,27020
TC-00030844,trabajador,Zona 12,true,,UPDATE,17751
TC-00030845,estudiante,Zona 4,true,,UPDATE,1844
TC-00030847,trabajador,Zona 10,true,,INSERT,9714
TC-00030857,trabajador,Villa Nueva,true,,INSERT,29154
TC-00030863,trabajador,Villa Nueva,true,,INSERT,7747
TC-00030866,,,false,2026-06-25 22:44:00,DELETE,17169
TC-00030869,trabajador,Zona 17,true,,INSERT,2223
TC-00030877,adulto_mayor,Zona 13,true,,UPDATE,24456
TC-00030878,trabajador,Zona 9,true,,UPDATE,29552
TC-00030888,,,false,2026-06-09 11:06:00,DELETE,6190
TC-00030889,general,Santa Catarina Pinula,false,2026-06-09 10:20:00,DELETE,6172
TC-00030894,trabajador,Villa Nueva,true,,INSERT,1578
TC-00030895,general,San Miguel Petapa,true,,INSERT,18108
TC-00030900,adulto_mayor,Zona 1,true,,INSERT,2216
TC-00030906,trabajador,Zona 11,true,,INSERT,11858
TC-00030908,general,Zona 10,true,,INSERT,2802
TC-00030918,estudiante,Zona 13,true,,UPDATE,13592
TC-00030921,trabajador,Zona 12,true,,INSERT,24231
TC-00030928,general,Zona 8,true,,UPDATE,8737
TC-00030929,estudiante,Zona 1,true,,UPDATE,27336
TC-00030934,general,Villa Nueva,true,,UPDATE,25122
TC-00030935,trabajador,Zona 11,true,,INSERT,16628
TC-00030942,general,Zona 9,true,,UPDATE,1800
TC-00030950,estudiante,Villa Nueva,true,,INSERT,27666
TC-00030954,general,Zona 12,true,,UPDATE,12038
TC-00030956,trabajador,Zona 11,true,,UPDATE,1734
TC-00030959,general,Zona 13,true,,INSERT,16038
TC-00030961,,,false,2026-06-17 00:12:00,DELETE,11673
TC-00030963,trabajador,Mixco,true,,INSERT,23681
TC-00030965,trabajador,San Miguel Petapa,true,,INSERT,703
TC-00030968,trabajador,Santa Catarina Pinula,true,,UPDATE,3348
TC-00030972,general,Zona 13,true,,UPDATE,19888
TC-00030973,estudiante,Zona 17,true,,UPDATE,24398
TC-00030974,trabajador,Zona 6,true,,UPDATE,30668
TC-00030976,trabajador,Zona 1,true,,INSERT,6942
TC-00030978,trabajador,Zona 9,true,,INSERT,15374
TC-00030981,adulto_mayor,Zona 12,true,,UPDATE,8563
TC-00030985,adulto_mayor,Zona 1,true,,UPDATE,28127
TC-00030987,trabajador,Zona 11,true,,UPDATE,29253
TC-00030988,,,false,2026-06-01 10:29:00,DELETE,607
TC-00030989,estudiante,Zona 17,true,,UPDATE,28746
TC-00030990,trabajador,Zona 17,true,,INSERT,25077
TC-00030991,,,false,2026-06-19 08:45:00,DELETE,13070
TC-00030993,adulto_mayor,San Miguel Petapa,true,,UPDATE,6556
TC-00030996,adulto_mayor,Santa Catarina Pinula,true,,UPDATE,23022
TC-00030999,trabajador,Zona 1,true,,INSERT,720
TC-00031003,estudiante,Villa Nueva,true,,UPDATE,19734
TC-00031004,estudiante,Zona 8,true,,INSERT,18867
TC-00031007,estudiante,Zona 11,true,,UPDATE,27215
TC-00031009,,,false,2026-06-05 21:37:00,DELETE,3441
TC-00031011,,,false,2026-06-15 06:40:00,DELETE,10261
TC-00031012,general,Zona 12,true,,UPDATE,8757
TC-00031019,estudiante,Zona 7,true,,UPDATE,26666
TC-00031030,trabajador,Zona 8,true,,UPDATE,23086
TC-00031032,trabajador,Zona 18,false,2026-06-12 00:13:00,DELETE,8266
TC-00031035,estudiante,Zona 4,true,,UPDATE,7157
TC-00031036,,,false,2026-07-03 06:36:00,DELETE,22762
TC-00031038,trabajador,Zona 4,true,,INSERT,12616
TC-00031041,adulto_mayor,Zona 1,true,,UPDATE,24017
TC-00031047,estudiante,Zona 13,true,,UPDATE,26775
TC-00031049,trabajador,Villa Nueva,true,,UPDATE,18393
TC-00031050,adulto_mayor,Zona 13,true,,UPDATE,20584
TC-00031058,general,Zona 10,true,,UPDATE,5993
TC-00031059,trabajador,Zona 12,true,,INSERT,9861
TC-00031060,estudiante,Zona 1,true,,UPDATE,21181
TC-00031061,adulto_mayor,Zona 18,true,,INSERT,25625
TC-00031062,general,Zona 10,true,,UPDATE,24625
TC-00031070,trabajador,Zona 7,true,,INSERT,10521
TC-00031072,adulto_mayor,Mixco,true,,UPDATE,4047
TC-00031074,,,false,2026-06-13 04:49:00,DELETE,8929
TC-00031079,,,false,2026-06-14 15:45:00,DELETE,9615
TC-00031081,estudiante,Zona 17,true,,INSERT,6937
TC-00031084,,,false,2026-06-01 10:28:00,DELETE,618
TC-00031088,trabajador,Mixco,true,,UPDATE,20472
TC-00031090,estudiante,Zona 11,true,,INSERT,29087
TC-00031095,,,false,2026-07-04 00:04:00,DELETE,23388
TC-00031097,general,Mixco,true,,INSERT,9685
TC-00031105,adulto_mayor,Mixco,true,,UPDATE,8792
TC-00031107,adulto_mayor,Zona 11,true,,UPDATE,26720
TC-00031108,trabajador,Zona 18,true,,INSERT,11841
TC-00031111,trabajador,Zona 17,true,,UPDATE,6026
TC-00031112,estudiante,Zona 4,true,,UPDATE,9515
TC-00031114,general,Zona 6,true,,INSERT,20703
TC-00031116,trabajador,Zona 18,true,,UPDATE,24451
TC-00031117,,,false,2026-06-12 09:57:00,DELETE,8241
TC-00031118,trabajador,Zona 11,true,,INSERT,10566
TC-00031119,adulto_mayor,Zona 8,true,,UPDATE,23031
TC-00031122,trabajador,Mixco,true,,UPDATE,24717
TC-00031123,estudiante,Mixco,true,,UPDATE,15033
TC-00031124,trabajador,Zona 8,true,,INSERT,7614
TC-00031128,adulto_mayor,Zona 17,true,,INSERT,15902
TC-00031130,general,Zona 4,true,,INSERT,5017
TC-00031131,adulto_mayor,Zona 12,true,,UPDATE,7931
TC-00031135,,,false,2026-06-26 21:03:00,DELETE,17918
TC-00031136,estudiante,Zona 8,true,,UPDATE,20304
TC-00031143,trabajador,Zona 6,true,,INSERT,22808
TC-00031146,trabajador,Zona 12,true,,INSERT,13833
TC-00031148,estudiante,Zona 10,true,,UPDATE,2418
TC-00031149,,,false,2026-06-01 07:35:00,DELETE,632
TC-00031158,trabajador,Zona 8,true,,INSERT,20940
TC-00031159,trabajador,San Miguel Petapa,true,,INSERT,7639
TC-00031160,trabajador,Zona 11,true,,UPDATE,30921
TC-00031161,estudiante,Zona 6,true,,UPDATE,24475
TC-00031164,general,Villa Nueva,true,,UPDATE,6704
TC-00031165,trabajador,Zona 11,true,,INSERT,23488
TC-00031166,,,false,2026-06-01 22:23:00,DELETE,625
TC-00031169,estudiante,Zona 6,true,,UPDATE,14074
TC-00031174,trabajador,Zona 11,true,,UPDATE,12013
TC-00031181,adulto_mayor,Zona 18,true,,INSERT,13329
TC-00031182,general,Zona 11,true,,INSERT,8481
TC-00031184,,,false,2026-06-29 11:53:00,DELETE,19993
TC-00031185,general,Zona 11,true,,UPDATE,26469
TC-00031186,trabajador,Zona 11,true,,INSERT,6217
TC-00031190,adulto_mayor,Zona 18,true,,UPDATE,12965
TC-00031194,estudiante,Zona 6,true,,INSERT,15330
TC-00031202,adulto_mayor,Zona 8,true,,UPDATE,6070
TC-00031213,,,false,2026-07-08 00:19:00,DELETE,26201
TC-00031215,estudiante,Zona 8,true,,UPDATE,11357
TC-00031219,trabajador,San Miguel Petapa,true,,INSERT,22
TC-00031220,adulto_mayor,Zona 11,true,,UPDATE,14084
TC-00031222,general,Santa Catarina Pinula,true,,UPDATE,6035
TC-00031226,,,false,2026-06-19 07:44:00,DELETE,13110
TC-00031229,,,false,2026-06-29 16:31:00,DELETE,19943
TC-00031235,adulto_mayor,Mixco,true,,UPDATE,23183
TC-00031238,adulto_mayor,Zona 18,true,,INSERT,19451
TC-00031240,trabajador,Zona 6,true,,INSERT,787
TC-00031254,trabajador,Zona 4,true,,UPDATE,12962
TC-00031255,adulto_mayor,San Miguel Petapa,true,,INSERT,12596
TC-00031257,trabajador,Zona 4,true,,INSERT,165
TC-00031260,trabajador,Zona 18,true,,INSERT,18748
TC-00031264,general,Zona 10,true,,UPDATE,17773
TC-00031266,general,Zona 13,true,,UPDATE,22425
TC-00031267,trabajador,Mixco,true,,UPDATE,7186
TC-00031269,trabajador,Zona 1,true,,INSERT,5675
TC-00031270,estudiante,Zona 13,true,,UPDATE,25879
TC-00031271,estudiante,Zona 12,true,,UPDATE,5215
TC-00031275,adulto_mayor,Zona 18,true,,UPDATE,19647
TC-00031277,trabajador,Zona 8,true,,UPDATE,21885
TC-00031279,,,false,2026-06-14 14:23:00,DELETE,9605
TC-00031285,estudiante,Zona 12,true,,UPDATE,21716
TC-00031287,general,Villa Nueva,true,,UPDATE,10920
TC-00031289,estudiante,Zona 1,true,,UPDATE,28884
TC-00031296,trabajador,San Miguel Petapa,true,,INSERT,28383
TC-00031311,trabajador,Zona 13,true,,INSERT,4310
TC-00031313,estudiante,Zona 1,true,,UPDATE,28633
TC-00031314,general,Zona 9,true,,INSERT,12549
TC-00031324,trabajador,Zona 10,true,,INSERT,25058
TC-00031328,general,Zona 10,true,,INSERT,13314
TC-00031330,adulto_mayor,Zona 1,true,,UPDATE,17608
TC-00031331,estudiante,Zona 10,true,,UPDATE,29294
TC-00031333,trabajador,Zona 17,true,,UPDATE,4441
TC-00031338,general,Zona 6,true,,INSERT,16673
TC-00031340,adulto_mayor,Zona 12,true,,UPDATE,21957
TC-00031343,general,Zona 11,true,,UPDATE,21989
TC-00031344,general,Zona 13,true,,UPDATE,5835
TC-00031345,adulto_mayor,Zona 9,true,,UPDATE,27981
TC-00031347,trabajador,Zona 12,true,,UPDATE,28538
TC-00031351,general,Zona 9,true,,INSERT,13877
TC-00031358,trabajador,Zona 9,true,,UPDATE,22489
TC-00031362,trabajador,Zona 12,true,,INSERT,25581
TC-00031363,adulto_mayor,Zona 11,true,,UPDATE,24533
TC-00031365,,,false,2026-06-15 22:08:00,DELETE,10334
TC-00031366,estudiante,Zona 1,true,,UPDATE,25784
TC-00031367,trabajador,Zona 1,true,,UPDATE,9537
TC-00031371,general,Zona 13,true,,UPDATE,26464
TC-00031373,estudiante,Zona 7,true,,UPDATE,27160
TC-00031374,estudiante,Zona 7,true,,INSERT,25648
TC-00031375,estudiante,Zona 12,true,,UPDATE,12229
TC-00031377,,,false,2026-06-28 16:41:00,DELETE,19317
TC-00031378,general,Villa Nueva,true,,INSERT,7642
TC-00031383,adulto_mayor,Zona 4,false,2026-07-11 06:37:00,DELETE,28219
TC-00031385,trabajador,Zona 6,true,,INSERT,14666
TC-00031386,adulto_mayor,San Miguel Petapa,true,,UPDATE,400
TC-00031399,estudiante,Villa Nueva,true,,INSERT,7034
TC-00031404,adulto_mayor,Villa Nueva,true,,INSERT,14503
TC-00031407,adulto_mayor,Zona 17,true,,UPDATE,12798
TC-00031408,adulto_mayor,Zona 8,true,,UPDATE,27277
TC-00031415,adulto_mayor,Villa Nueva,true,,UPDATE,25346
TC-00031417,trabajador,Zona 12,true,,UPDATE,21912
TC-00031418,trabajador,Zona 18,true,,INSERT,7605
TC-00031419,trabajador,Zona 8,true,,UPDATE,19030
TC-00031424,estudiante,Zona 1,true,,UPDATE,24558
TC-00031433,trabajador,Zona 17,true,,INSERT,29757
TC-00031435,estudiante,Mixco,true,,UPDATE,10712
TC-00031439,estudiante,Santa Catarina Pinula,true,,UPDATE,27284
TC-00031444,trabajador,Zona 10,true,,INSERT,22911
TC-00031448,trabajador,Zona 17,true,,INSERT,11060
TC-00031449,estudiante,Zona 12,true,,UPDATE,7330
TC-00031450,estudiante,Zona 17,true,,UPDATE,29415
TC-00031451,adulto_mayor,Zona 1,true,,UPDATE,20528
TC-00031452,,,false,2026-06-29 07:51:00,DELETE,19970
TC-00031457,trabajador,Mixco,true,,INSERT,1413
TC-00031458,,,false,2026-06-17 20:29:00,DELETE,11726
TC-00031460,adulto_mayor,Zona 8,true,,UPDATE,25973
TC-00031464,trabajador,Zona 4,true,,INSERT,19368
TC-00031465,trabajador,Zona 10,true,,UPDATE,28133
TC-00031472,adulto_mayor,San Miguel Petapa,true,,UPDATE,21827
TC-00031473,adulto_mayor,Zona 13,true,,UPDATE,21247
TC-00031478,adulto_mayor,Zona 9,true,,INSERT,26960
TC-00031479,trabajador,Zona 18,true,,INSERT,7006
TC-00031481,trabajador,Zona 8,true,,INSERT,5010
TC-00031488,,,false,2026-07-11 01:11:00,DELETE,28240
TC-00031489,adulto_mayor,Zona 12,true,,UPDATE,25417
TC-00031491,estudiante,Zona 8,true,,UPDATE,28850
TC-00031493,trabajador,Zona 18,true,,UPDATE,1926
TC-00031495,estudiante,Zona 8,true,,INSERT,27715
TC-00031498,trabajador,Zona 17,true,,UPDATE,12226
TC-00031499,estudiante,Zona 10,true,,UPDATE,24424
TC-00031500,adulto_mayor,Zona 1,true,,UPDATE,10233
TC-00031502,general,Zona 18,true,,UPDATE,27280
TC-00031509,general,Zona 18,true,,INSERT,26405
TC-00031515,adulto_mayor,Zona 4,true,,UPDATE,20330
TC-00031527,trabajador,Zona 18,true,,INSERT,20925
TC-00031528,adulto_mayor,Zona 13,true,,UPDATE,10062
TC-00031529,general,Zona 18,true,,UPDATE,29255
TC-00031531,estudiante,Zona 11,true,,UPDATE,18272
TC-00031532,general,Zona 11,true,,UPDATE,28173
TC-00031535,trabajador,Zona 7,true,,UPDATE,4499
TC-00031540,estudiante,Santa Catarina Pinula,true,,UPDATE,1814
TC-00031541,estudiante,Mixco,true,,UPDATE,24695
TC-00031544,adulto_mayor,Zona 18,false,2026-07-08 15:55:00,DELETE,26169
TC-00031550,trabajador,Zona 17,true,,INSERT,18692
TC-00031555,trabajador,Zona 18,true,,UPDATE,30947
TC-00031556,trabajador,Zona 4,true,,INSERT,29026
TC-00031558,adulto_mayor,San Miguel Petapa,true,,UPDATE,23369
TC-00031560,adulto_mayor,Zona 4,true,,UPDATE,5417
TC-00031565,trabajador,Mixco,true,,INSERT,4849
TC-00031566,trabajador,Zona 4,true,,INSERT,14686
TC-00031569,adulto_mayor,Zona 8,true,,INSERT,29076
TC-00031571,general,Zona 12,true,,UPDATE,13641
TC-00031573,general,Zona 17,true,,UPDATE,28829
TC-00031576,trabajador,Zona 11,true,,INSERT,27039
TC-00031582,general,Zona 6,true,,UPDATE,14995
TC-00031587,estudiante,Zona 9,true,,INSERT,2934
TC-00031588,trabajador,Villa Nueva,true,,INSERT,17280
TC-00031589,trabajador,Zona 7,false,2026-07-13 05:53:00,DELETE,29627
TC-00031590,estudiante,Zona 9,true,,INSERT,225
TC-00031592,trabajador,Villa Nueva,true,,INSERT,29756
TC-00031596,estudiante,Zona 4,true,,UPDATE,14983
TC-00031598,estudiante,Zona 6,true,,UPDATE,16945
TC-00031599,adulto_mayor,Zona 18,true,,UPDATE,17538
TC-00031605,trabajador,San Miguel Petapa,true,,INSERT,29042
TC-00031607,estudiante,Zona 17,true,,UPDATE,14198
TC-00031613,adulto_mayor,Zona 6,true,,UPDATE,29320
TC-00031617,adulto_mayor,Zona 11,true,,INSERT,13185
TC-00031620,trabajador,Zona 11,true,,INSERT,141
TC-00031622,general,Zona 11,true,,UPDATE,28118
TC-00031624,general,Zona 7,true,,INSERT,25053
TC-00031625,trabajador,Zona 7,true,,UPDATE,14188
TC-00031627,estudiante,Zona 1,true,,UPDATE,7282
TC-00031635,adulto_mayor,Zona 11,true,,UPDATE,10732
TC-00031646,,,false,2026-06-21 05:49:00,DELETE,14417
TC-00031648,general,Zona 9,true,,UPDATE,16165
TC-00031651,trabajador,Zona 8,true,,UPDATE,19817
TC-00031653,estudiante,Zona 12,true,,UPDATE,3167
TC-00031655,estudiante,Mixco,true,,UPDATE,8111
TC-00031657,,,false,2026-06-19 05:31:00,DELETE,13027
TC-00031661,general,Zona 10,true,,UPDATE,8569
TC-00031663,trabajador,Zona 10,true,,INSERT,6283
TC-00031665,estudiante,Mixco,true,,UPDATE,21694
TC-00031673,,,false,2026-06-25 18:39:00,DELETE,17222
TC-00031679,general,Zona 13,true,,INSERT,9024
TC-00031684,general,Zona 1,true,,UPDATE,15752
TC-00031686,general,Zona 17,true,,INSERT,7085
TC-00031687,trabajador,Zona 13,true,,UPDATE,23873
TC-00031688,trabajador,Zona 6,true,,UPDATE,4555
TC-00031695,adulto_mayor,Zona 11,true,,UPDATE,12718
TC-00031699,general,Zona 10,true,,INSERT,24389
TC-00031711,,,false,2026-07-03 09:29:00,DELETE,22734
TC-00031714,trabajador,Zona 17,true,,UPDATE,29572
TC-00031717,general,Zona 17,true,,UPDATE,15607
TC-00031718,trabajador,San Miguel Petapa,true,,UPDATE,26692
TC-00031719,adulto_mayor,Zona 10,true,,UPDATE,3807
TC-00031727,general,Zona 4,true,,INSERT,24252
TC-00031735,estudiante,Zona 4,true,,UPDATE,370
TC-00031737,estudiante,Zona 8,true,,INSERT,71
TC-00031738,general,Zona 6,true,,UPDATE,21922
TC-00031741,trabajador,Zona 8,true,,UPDATE,29457
TC-00031745,adulto_mayor,Zona 11,true,,UPDATE,16410
TC-00031746,,,false,2026-07-12 17:58:00,DELETE,28962
TC-00031755,trabajador,Zona 4,true,,INSERT,24343
TC-00031757,general,Villa Nueva,true,,INSERT,6438
TC-00031761,estudiante,Zona 8,true,,INSERT,22802
TC-00031764,trabajador,Mixco,false,2026-06-20 21:31:00,DELETE,13733
TC-00031770,estudiante,Santa Catarina Pinula,true,,INSERT,17987
TC-00031771,trabajador,Zona 11,true,,INSERT,20214
TC-00031773,general,Zona 1,true,,INSERT,2183
TC-00031778,trabajador,Mixco,true,,INSERT,7715
TC-00031779,estudiante,Zona 7,true,,UPDATE,6689
TC-00031782,estudiante,Zona 6,true,,INSERT,2232
TC-00031786,,,false,2026-06-04 12:03:00,DELETE,2713
TC-00031800,trabajador,Mixco,true,,UPDATE,10768
TC-00031808,trabajador,Zona 17,true,,INSERT,2108
TC-00031811,adulto_mayor,Zona 1,true,,INSERT,16749
TC-00031813,trabajador,Zona 7,true,,INSERT,17387
TC-00031814,adulto_mayor,Zona 13,true,,UPDATE,28632
TC-00031821,general,Zona 11,true,,INSERT,29857
TC-00031824,general,Zona 12,true,,UPDATE,28198
TC-00031825,general,Zona 12,true,,UPDATE,2395
TC-00031829,estudiante,Zona 10,true,,UPDATE,17044
TC-00031832,adulto_mayor,Zona 8,true,,UPDATE,12755
TC-00031835,estudiante,Zona 6,true,,UPDATE,21855
TC-00031836,trabajador,Zona 7,true,,INSERT,26434
TC-00031840,estudiante,Zona 4,true,,INSERT,5034
TC-00031846,trabajador,Zona 6,false,2026-07-15 18:22:00,DELETE,31016
TC-00031853,adulto_mayor,Zona 13,true,,UPDATE,1031
TC-00031857,general,Zona 1,true,,UPDATE,7903
TC-00031860,general,Zona 17,true,,INSERT,8504
TC-00031863,estudiante,Zona 9,true,,INSERT,19466
TC-00031865,trabajador,Villa Nueva,false,2026-06-30 20:11:00,DELETE,20657
TC-00031866,adulto_mayor,Zona 17,true,,UPDATE,28568
TC-00031868,trabajador,Zona 8,true,,INSERT,30550
TC-00031869,,,false,2026-06-25 19:15:00,DELETE,17217
TC-00031871,general,Zona 11,true,,INSERT,13908
TC-00031876,general,Zona 1,true,,UPDATE,23246
TC-00031878,adulto_mayor,Zona 11,true,,UPDATE,11491
TC-00031880,general,Zona 1,true,,UPDATE,13565
TC-00031884,trabajador,Mixco,true,,INSERT,10574
TC-00031890,general,Zona 17,true,,UPDATE,25267
TC-00031892,adulto_mayor,Zona 10,true,,UPDATE,28109
TC-00031895,trabajador,Zona 11,true,,INSERT,3626
TC-00031898,general,Zona 6,true,,INSERT,22868
TC-00031899,estudiante,Zona 1,true,,UPDATE,21143
TC-00031910,general,San Miguel Petapa,true,,UPDATE,13465
TC-00031914,,,false,2026-07-11 11:40:00,DELETE,28276
TC-00031916,,,false,2026-06-17 10:22:00,DELETE,11705
TC-00031918,trabajador,Zona 8,true,,INSERT,25582
TC-00031922,,,false,2026-07-14 12:18:00,DELETE,30352
TC-00031926,trabajador,Zona 9,false,2026-06-22 13:35:00,DELETE,15110
TC-00031933,trabajador,Zona 9,true,,UPDATE,26712
TC-00031937,trabajador,Mixco,true,,INSERT,24385
TC-00031938,estudiante,Zona 13,true,,UPDATE,2617
TC-00031941,general,Zona 13,true,,UPDATE,23148
TC-00031949,,,false,2026-07-09 05:14:00,DELETE,26837
TC-00031950,,,false,2026-06-02 03:58:00,DELETE,1370
TC-00031952,trabajador,Zona 12,true,,INSERT,27831
TC-00031953,,,false,2026-07-15 22:34:00,DELETE,31001
TC-00031955,general,Zona 10,true,,INSERT,22280
TC-00031957,trabajador,Zona 12,false,2026-07-02 19:43:00,DELETE,21991
TC-00031961,trabajador,Mixco,true,,UPDATE,8572
TC-00031962,trabajador,Zona 17,true,,INSERT,6371
TC-00031963,adulto_mayor,Mixco,true,,INSERT,11835
TC-00031970,adulto_mayor,San Miguel Petapa,true,,UPDATE,18350
TC-00031973,general,Zona 1,true,,UPDATE,10717
TC-00031976,adulto_mayor,Zona 12,true,,UPDATE,21666
TC-00031979,trabajador,Villa Nueva,true,,INSERT,17485
TC-00031983,general,Zona 17,true,,UPDATE,464
TC-00031986,,,false,2026-06-13 14:46:00,DELETE,8907
TC-00031993,adulto_mayor,Zona 8,true,,UPDATE,28640
TC-00032004,general,Zona 11,true,,UPDATE,16897
TC-00032005,estudiante,Zona 13,true,,INSERT,30462
TC-00032006,trabajador,Mixco,true,,UPDATE,24034
TC-00032011,trabajador,Zona 11,true,,INSERT,29672
TC-00032017,,,false,2026-06-01 14:43:00,DELETE,690
TC-00032024,adulto_mayor,Santa Catarina Pinula,true,,UPDATE,24474
TC-00032027,trabajador,Mixco,true,,INSERT,7042
TC-00032030,general,Zona 4,true,,UPDATE,5867
TC-00032035,estudiante,Zona 8,true,,UPDATE,19191
TC-00032038,trabajador,Zona 18,true,,INSERT,27796
TC-00032044,estudiante,Zona 13,true,,UPDATE,16821
TC-00032047,general,San Miguel Petapa,true,,UPDATE,22376
TC-00032052,general,Zona 13,true,,UPDATE,24585
TC-00032054,estudiante,Mixco,true,,INSERT,25730
TC-00032063,trabajador,Zona 12,true,,UPDATE,20558
TC-00032073,estudiante,Zona 8,true,,INSERT,18669
TC-00032077,trabajador,Zona 12,true,,UPDATE,8117
TC-00032088,adulto_mayor,Zona 13,true,,UPDATE,24511
TC-00032092,general,Zona 4,true,,UPDATE,4560
TC-00032094,trabajador,Zona 12,true,,INSERT,20798
TC-00032100,estudiante,Santa Catarina Pinula,true,,UPDATE,21985
TC-00032102,estudiante,Zona 7,true,,UPDATE,28742
TC-00032107,trabajador,Villa Nueva,true,,UPDATE,13658
TC-00032109,adulto_mayor,Zona 9,true,,UPDATE,19564
TC-00032121,,,false,2026-07-08 02:08:00,DELETE,26142
TC-00032126,adulto_mayor,Zona 7,true,,INSERT,26915
TC-00032129,general,San Miguel Petapa,true,,UPDATE,18531
TC-00032130,,,false,2026-06-19 14:55:00,DELETE,13043
TC-00032135,,,false,2026-06-16 05:59:00,DELETE,11020
TC-00032136,general,Mixco,true,,UPDATE,19142
TC-00032139,general,Zona 18,true,,INSERT,26961
TC-00032143,trabajador,Mixco,true,,INSERT,6279
TC-00032146,general,Zona 18,true,,UPDATE,7402
TC-00032147,,,false,2026-06-15 00:08:00,DELETE,10336
TC-00032152,estudiante,Zona 12,true,,UPDATE,8521
TC-00032158,estudiante,Villa Nueva,true,,UPDATE,27347
TC-00032159,general,Mixco,true,,INSERT,26268
TC-00032160,adulto_mayor,Zona 18,true,,UPDATE,14197
TC-00032162,general,Zona 17,true,,UPDATE,2585
TC-00032166,trabajador,Zona 7,true,,INSERT,14605
TC-00032171,estudiante,Zona 7,true,,INSERT,30436
TC-00032175,estudiante,Zona 13,true,,UPDATE,24485
TC-00032179,general,Zona 1,true,,INSERT,29742
TC-00032181,adulto_mayor,Santa Catarina Pinula,false,2026-06-20 16:01:00,DELETE,13717
TC-00032186,general,Zona 9,true,,INSERT,911
TC-00032193,estudiante,Zona 17,true,,INSERT,27007
TC-00032199,general,Zona 13,true,,INSERT,18099
TC-00032200,general,Zona 18,true,,UPDATE,16468
TC-00032204,trabajador,Zona 4,true,,INSERT,13294
TC-00032208,trabajador,Zona 9,true,,INSERT,11819
TC-00032214,estudiante,Zona 8,true,,INSERT,28494
TC-00032218,trabajador,Villa Nueva,true,,INSERT,9042
TC-00032227,general,Zona 1,false,2026-07-07 15:54:00,DELETE,25494
TC-00032230,adulto_mayor,Zona 18,true,,UPDATE,6775
TC-00032232,adulto_mayor,Zona 11,true,,INSERT,23526
TC-00032234,estudiante,Zona 13,true,,INSERT,9126
TC-00032235,trabajador,Villa Nueva,true,,UPDATE,4509
TC-00032239,trabajador,Villa Nueva,true,,INSERT,28382
TC-00032241,general,Zona 13,true,,UPDATE,17601
TC-00032247,,,false,2026-07-06 23:44:00,DELETE,24751
TC-00032253,adulto_mayor,Zona 6,true,,INSERT,4239
TC-00032259,trabajador,Zona 17,true,,INSERT,28399
TC-00032273,adulto_mayor,Zona 9,true,,INSERT,2888
TC-00032280,estudiante,Zona 13,true,,UPDATE,30733
TC-00032283,estudiante,Zona 7,true,,UPDATE,27219
TC-00032284,estudiante,Zona 1,true,,UPDATE,22405
TC-00032286,general,Zona 18,true,,UPDATE,13544
TC-00032294,general,Zona 1,true,,INSERT,6267
TC-00032298,adulto_mayor,Zona 12,true,,UPDATE,28102
TC-00032299,adulto_mayor,Zona 11,true,,UPDATE,30698
TC-00032300,trabajador,Zona 11,true,,INSERT,30600
TC-00032304,trabajador,Zona 10,true,,INSERT,24165
TC-00032306,,,false,2026-06-11 16:54:00,DELETE,7506
TC-00032308,adulto_mayor,San Miguel Petapa,true,,UPDATE,21004
TC-00032311,trabajador,Zona 1,true,,INSERT,18003
TC-00032313,,,false,2026-06-01 21:36:00,DELETE,656
TC-00032314,general,Zona 8,true,,UPDATE,3204
TC-00032315,estudiante,Santa Catarina Pinula,true,,INSERT,20100
TC-00032319,adulto_mayor,Zona 18,true,,INSERT,8281
TC-00032324,estudiante,Zona 11,true,,UPDATE,16985
TC-00032325,general,Zona 17,false,2026-07-07 18:43:00,DELETE,25468
TC-00032326,trabajador,Zona 17,true,,INSERT,18733
TC-00032329,estudiante,Zona 6,true,,UPDATE,14398
TC-00032332,estudiante,Zona 12,true,,UPDATE,12061
TC-00032334,general,Zona 7,true,,INSERT,21399
TC-00032339,estudiante,Villa Nueva,true,,INSERT,13826
TC-00032340,estudiante,Zona 10,true,,UPDATE,12194
TC-00032343,estudiante,Santa Catarina Pinula,true,,UPDATE,25288
TC-00032346,trabajador,Zona 11,true,,INSERT,11183
TC-00032353,estudiante,Zona 10,true,,UPDATE,19024
TC-00032355,estudiante,Zona 7,true,,INSERT,2901
TC-00032361,adulto_mayor,Zona 12,true,,INSERT,23682
TC-00032363,trabajador,Zona 8,true,,INSERT,15261
TC-00032366,adulto_mayor,Zona 4,true,,UPDATE,11291
TC-00032368,adulto_mayor,Zona 4,true,,UPDATE,28762
TC-00032374,estudiante,Zona 7,true,,INSERT,1441
TC-00032375,trabajador,Zona 10,true,,UPDATE,10924
TC-00032379,estudiante,Villa Nueva,true,,INSERT,7773
TC-00032384,estudiante,Zona 8,true,,UPDATE,21939
TC-00032386,adulto_mayor,Zona 1,true,,UPDATE,27231
TC-00032387,adulto_mayor,Zona 12,true,,UPDATE,18963
TC-00032391,,,false,2026-06-14 07:53:00,DELETE,9647
TC-00032394,adulto_mayor,Zona 11,true,,UPDATE,18277
TC-00032396,,,false,2026-06-29 02:02:00,DELETE,20001
TC-00032397,general,Zona 8,true,,INSERT,18647
TC-00032403,estudiante,Zona 11,true,,UPDATE,19013
TC-00032404,trabajador,Zona 4,true,,UPDATE,23223
TC-00032424,estudiante,Zona 11,true,,UPDATE,28016
TC-00032425,trabajador,San Miguel Petapa,true,,INSERT,4145
TC-00032426,trabajador,Zona 8,true,,INSERT,18740
TC-00032427,general,Santa Catarina Pinula,true,,UPDATE,17823
TC-00032434,estudiante,Zona 9,true,,INSERT,12652
TC-00032435,estudiante,Zona 12,true,,INSERT,24152
TC-00032438,trabajador,Zona 18,true,,INSERT,16577
TC-00032440,general,Zona 9,true,,UPDATE,2435
TC-00032441,trabajador,Zona 7,true,,INSERT,18005
TC-00032442,trabajador,Zona 9,true,,INSERT,20221
TC-00032443,trabajador,Zona 8,true,,INSERT,18042
TC-00032445,estudiante,Mixco,true,,UPDATE,24629
TC-00032448,,,false,2026-06-27 14:42:00,DELETE,18571
TC-00032452,adulto_mayor,Zona 12,true,,UPDATE,12666
TC-00032454,adulto_mayor,Zona 10,true,,UPDATE,6522
TC-00032456,estudiante,Villa Nueva,true,,UPDATE,28552
TC-00032460,general,Mixco,true,,UPDATE,24529
TC-00032461,general,Zona 1,true,,INSERT,778
TC-00032464,adulto_mayor,Zona 6,true,,UPDATE,5400
TC-00032466,,,false,2026-07-10 13:39:00,DELETE,27513
TC-00032470,general,Villa Nueva,true,,UPDATE,25192
TC-00032481,adulto_mayor,Zona 4,true,,UPDATE,26057
TC-00032482,adulto_mayor,Zona 6,true,,INSERT,10523
TC-00032485,general,Zona 10,true,,UPDATE,8665
TC-00032491,trabajador,Zona 18,true,,INSERT,22898
TC-00032494,trabajador,Zona 8,true,,INSERT,15414
TC-00032496,adulto_mayor,Zona 8,true,,INSERT,27628
TC-00032499,trabajador,Zona 6,true,,UPDATE,14778
TC-00032503,estudiante,Zona 18,true,,INSERT,7125
TC-00032504,estudiante,Zona 9,true,,INSERT,751
TC-00032507,general,Zona 17,true,,UPDATE,5242
TC-00032509,trabajador,Zona 1,true,,UPDATE,6773
TC-00032514,estudiante,Zona 9,true,,UPDATE,20515
TC-00032518,trabajador,Zona 9,true,,UPDATE,11413
TC-00032520,trabajador,Zona 10,true,,INSERT,24195
TC-00032525,trabajador,Zona 18,true,,INSERT,6386
TC-00032527,,,false,2026-07-02 01:33:00,DELETE,22073
TC-00032529,trabajador,Villa Nueva,true,,UPDATE,8745
TC-00032531,estudiante,Zona 11,true,,UPDATE,30886
TC-00032536,trabajador,Zona 17,true,,UPDATE,23875
TC-00032539,trabajador,Santa Catarina Pinula,true,,INSERT,13295
TC-00032540,general,Zona 17,true,,UPDATE,6735
TC-00032551,estudiante,Zona 1,true,,UPDATE,25309
TC-00032554,trabajador,Zona 1,true,,UPDATE,420
TC-00032555,estudiante,Villa Nueva,true,,UPDATE,26583
TC-00032558,,,false,2026-06-19 13:49:00,DELETE,13030
TC-00032565,,,false,2026-07-02 11:34:00,DELETE,22045
TC-00032570,,,false,2026-07-02 17:36:00,DELETE,21997
TC-00032574,trabajador,Zona 6,true,,INSERT,28530
TC-00032576,,,false,2026-06-25 10:45:00,DELETE,17227
TC-00032577,estudiante,Zona 13,true,,UPDATE,27868
TC-00032578,estudiante,Zona 17,true,,UPDATE,29465
TC-00032579,adulto_mayor,Zona 13,true,,INSERT,6984
TC-00032580,trabajador,Mixco,true,,INSERT,25701
TC-00032583,general,Zona 1,true,,INSERT,16083
TC-00032584,estudiante,Mixco,true,,INSERT,15216
TC-00032588,trabajador,Villa Nueva,true,,INSERT,27688
TC-00032589,,,false,2026-06-23 01:51:00,DELETE,15792
TC-00032592,trabajador,Zona 11,true,,INSERT,30457
TC-00032599,estudiante,Zona 8,true,,UPDATE,11545
TC-00032603,,,false,2026-06-08 08:09:00,DELETE,5490
TC-00032604,adulto_mayor,Zona 7,true,,INSERT,4864
TC-00032605,,,false,2026-07-06 12:10:00,DELETE,24838
TC-00032606,estudiante,Santa Catarina Pinula,true,,UPDATE,12193
TC-00032607,estudiante,Zona 7,true,,UPDATE,29576
TC-00032608,trabajador,Zona 9,true,,INSERT,27745
TC-00032612,general,Zona 10,true,,INSERT,29084
TC-00032613,general,Zona 4,true,,INSERT,22231
TC-00032614,general,Santa Catarina Pinula,true,,UPDATE,2376
TC-00032616,estudiante,San Miguel Petapa,true,,UPDATE,16809
TC-00032621,adulto_mayor,Zona 17,true,,UPDATE,4426
TC-00032623,estudiante,San Miguel Petapa,true,,INSERT,26348
TC-00032634,trabajador,Zona 4,true,,INSERT,812
TC-00032640,estudiante,Zona 1,true,,UPDATE,14762
TC-00032648,general,Zona 7,true,,UPDATE,22612
TC-00032651,general,Zona 12,true,,UPDATE,1672
TC-00032652,estudiante,Zona 11,true,,UPDATE,3189
TC-00032655,estudiante,Zona 7,true,,UPDATE,21733
TC-00032657,adulto_mayor,Zona 13,true,,UPDATE,18458
TC-00032674,estudiante,Zona 7,true,,UPDATE,16167
TC-00032681,,,false,2026-06-18 09:07:00,DELETE,12375
TC-00032683,trabajador,Zona 13,true,,INSERT,12551
TC-00032686,adulto_mayor,San Miguel Petapa,true,,UPDATE,21898
TC-00032702,general,Zona 10,true,,INSERT,17289
TC-00032708,estudiante,Zona 9,false,2026-07-05 20:54:00,DELETE,24136
TC-00032709,estudiante,Zona 10,true,,UPDATE,8597
TC-00032713,estudiante,Zona 12,true,,INSERT,21601
TC-00032717,general,Zona 18,true,,UPDATE,11509
TC-00032721,trabajador,Zona 9,true,,UPDATE,4402
TC-00032722,estudiante,Zona 11,true,,UPDATE,8687
TC-00032723,,,false,2026-06-05 10:17:00,DELETE,3404
TC-00032727,trabajador,Zona 13,true,,UPDATE,9457
TC-00032732,trabajador,Zona 7,true,,INSERT,5050
TC-00032734,trabajador,Zona 18,true,,INSERT,26939
TC-00032736,trabajador,Zona 1,true,,UPDATE,14174
TC-00032737,estudiante,Zona 10,true,,INSERT,16668
TC-00032738,general,Zona 6,true,,UPDATE,30117
TC-00032742,trabajador,Zona 8,true,,UPDATE,26738
TC-00032746,estudiante,Zona 18,true,,INSERT,9831
TC-00032748,adulto_mayor,Zona 7,true,,UPDATE,17028
TC-00032752,,,false,2026-06-15 23:48:00,DELETE,10283
TC-00032754,trabajador,Zona 8,true,,INSERT,21467
TC-00032756,general,Mixco,true,,INSERT,28485
TC-00032758,general,Santa Catarina Pinula,true,,INSERT,28447
TC-00032763,,,false,2026-06-05 18:39:00,DELETE,3440
TC-00032764,adulto_mayor,Zona 9,true,,UPDATE,3047
TC-00032766,trabajador,Zona 1,true,,UPDATE,28180
TC-00032767,trabajador,Zona 13,true,,UPDATE,16991
TC-00032770,adulto_mayor,Zona 13,true,,INSERT,13809
TC-00032775,trabajador,Zona 6,true,,INSERT,15969
TC-00032779,trabajador,Zona 1,true,,INSERT,14626
TC-00032781,general,Zona 9,false,2026-07-07 04:55:00,DELETE,25528
TC-00032782,trabajador,Zona 6,true,,INSERT,26394
TC-00032785,adulto_mayor,Zona 17,true,,INSERT,5560
TC-00032787,trabajador,Zona 12,true,,UPDATE,29493
TC-00032796,estudiante,Villa Nueva,true,,INSERT,5012
TC-00032798,general,Zona 1,true,,UPDATE,15452
TC-00032805,adulto_mayor,Zona 8,true,,UPDATE,14233
TC-00032806,adulto_mayor,Zona 7,true,,INSERT,27805
TC-00032807,estudiante,Zona 18,true,,INSERT,5557
TC-00032810,trabajador,Zona 4,true,,INSERT,22139
TC-00032811,estudiante,Zona 17,true,,UPDATE,30922
TC-00032816,,,false,2026-06-01 01:12:00,DELETE,615
TC-00032834,general,Zona 1,true,,UPDATE,535
TC-00032836,trabajador,Zona 17,true,,UPDATE,11301
TC-00032837,general,Mixco,true,,UPDATE,21054
TC-00032839,trabajador,Zona 17,true,,UPDATE,28660
TC-00032840,adulto_mayor,Zona 4,true,,UPDATE,21889
TC-00032842,estudiante,Zona 12,true,,UPDATE,22395
TC-00032848,adulto_mayor,Zona 17,true,,UPDATE,20508
TC-00032853,,,false,2026-06-16 11:45:00,DELETE,11034
TC-00032858,trabajador,Zona 6,true,,INSERT,836
TC-00032861,,,false,2026-07-11 13:11:00,DELETE,28271
TC-00032866,estudiante,Zona 12,true,,INSERT,11889
TC-00032869,estudiante,Zona 6,true,,UPDATE,3924
TC-00032870,,,false,2026-07-03 18:38:00,DELETE,22741
TC-00032880,trabajador,Zona 11,true,,UPDATE,22571
TC-00032881,trabajador,Zona 13,true,,UPDATE,5346
TC-00032884,estudiante,Zona 4,true,,INSERT,5019
TC-00032885,trabajador,Villa Nueva,true,,INSERT,21540
TC-00032887,trabajador,Zona 10,true,,INSERT,12472
TC-00032888,trabajador,Zona 12,true,,UPDATE,20950
TC-00032889,trabajador,Zona 11,true,,UPDATE,12206
TC-00032894,trabajador,San Miguel Petapa,true,,UPDATE,5347
TC-00032896,,,false,2026-06-01 03:02:00,DELETE,667
TC-00032897,general,Zona 12,true,,UPDATE,20254
TC-00032898,trabajador,Zona 6,true,,INSERT,28374
TC-00032900,trabajador,Zona 12,true,,UPDATE,17834
TC-00032901,estudiante,Zona 11,true,,UPDATE,27164
TC-00032903,estudiante,Zona 11,false,2026-07-12 18:08:00,DELETE,28935
TC-00032911,trabajador,Zona 10,true,,UPDATE,3011
TC-00032912,estudiante,Mixco,true,,INSERT,28526
TC-00032913,general,Zona 11,true,,UPDATE,11416
TC-00032915,trabajador,Mixco,true,,UPDATE,8589
TC-00032920,estudiante,Zona 6,false,2026-07-09 20:01:00,DELETE,26903
TC-00032923,trabajador,Zona 17,true,,UPDATE,30035
TC-00032927,,,false,2026-07-08 03:46:00,DELETE,26215
TC-00032929,general,Zona 7,true,,INSERT,5758
TC-00032935,trabajador,Zona 1,true,,UPDATE,8683
TC-00032937,trabajador,Zona 6,true,,INSERT,88
TC-00032942,trabajador,Zona 4,true,,INSERT,26324
TC-00032944,estudiante,Zona 12,true,,UPDATE,24460
TC-00032946,estudiante,Zona 7,true,,UPDATE,20261
TC-00032949,estudiante,Zona 6,true,,UPDATE,4437
TC-00032953,general,Zona 17,true,,UPDATE,23955
TC-00032955,,,false,2026-06-05 18:50:00,DELETE,3417
TC-00032965,estudiante,Santa Catarina Pinula,true,,INSERT,26253
TC-00032966,trabajador,Zona 12,true,,INSERT,25719
TC-00032968,adulto_mayor,Santa Catarina Pinula,true,,UPDATE,25115
TC-00032969,estudiante,Mixco,true,,UPDATE,23701
TC-00032974,,,false,2026-07-10 04:19:00,DELETE,27534
TC-00032976,adulto_mayor,Zona 6,true,,UPDATE,13630
TC-00032979,trabajador,San Miguel Petapa,true,,INSERT,24213
TC-00032986,estudiante,Zona 1,true,,INSERT,23461
TC-00032987,adulto_mayor,Zona 6,true,,INSERT,13248
TC-00032991,adulto_mayor,Zona 18,true,,UPDATE,16140
TC-00032997,general,Zona 7,true,,UPDATE,21987
TC-00032998,trabajador,Zona 10,true,,UPDATE,17554
TC-00033001,estudiante,Zona 4,true,,INSERT,2157
TC-00033002,estudiante,Zona 7,true,,UPDATE,15731
TC-00033006,trabajador,Mixco,true,,INSERT,6284
TC-00033013,trabajador,Zona 17,true,,UPDATE,16123
TC-00033015,general,Mixco,true,,INSERT,22285
TC-00033016,adulto_mayor,Zona 10,true,,UPDATE,19149
TC-00033021,estudiante,Zona 10,true,,UPDATE,18932
TC-00033022,estudiante,Zona 6,true,,UPDATE,27490
TC-00033023,trabajador,Zona 9,true,,INSERT,7073
TC-00033026,trabajador,Zona 1,true,,INSERT,10407
TC-00033032,adulto_mayor,Zona 17,true,,UPDATE,5176
TC-00033038,trabajador,Zona 9,true,,UPDATE,22563
TC-00033040,adulto_mayor,Zona 4,false,2026-07-01 16:39:00,DELETE,21380
TC-00033044,,,false,2026-07-14 20:35:00,DELETE,30318
TC-00033047,trabajador,Zona 11,true,,UPDATE,12169
TC-00033049,adulto_mayor,Zona 6,true,,UPDATE,7908
TC-00033058,trabajador,Zona 6,true,,INSERT,23576
TC-00033066,trabajador,Mixco,true,,UPDATE,23910
TC-00033069,,,false,2026-07-04 09:27:00,DELETE,23411
TC-00033070,trabajador,Zona 8,true,,INSERT,8358
TC-00033073,estudiante,Zona 7,true,,INSERT,24155
TC-00033074,adulto_mayor,Zona 18,true,,INSERT,20132
TC-00033075,trabajador,Zona 17,true,,UPDATE,25988
TC-00033078,adulto_mayor,Zona 17,true,,UPDATE,14807
TC-00033083,general,Zona 10,true,,UPDATE,25344
TC-00033085,trabajador,Zona 9,true,,INSERT,10387
TC-00033088,adulto_mayor,Zona 6,true,,UPDATE,16419
TC-00033091,adulto_mayor,Santa Catarina Pinula,true,,UPDATE,25946
TC-00033092,,,false,2026-07-10 11:50:00,DELETE,27532
TC-00033095,,,false,2026-06-21 03:42:00,DELETE,14452
TC-00033106,estudiante,Zona 13,true,,UPDATE,5139
TC-00033107,adulto_mayor,Zona 17,false,2026-06-18 17:02:00,DELETE,12354
TC-00033108,trabajador,Villa Nueva,true,,UPDATE,19134
TC-00033113,estudiante,Zona 10,true,,INSERT,28340
TC-00033114,trabajador,Zona 7,true,,INSERT,11799
TC-00033122,estudiante,Zona 7,true,,UPDATE,30949
TC-00033130,adulto_mayor,Zona 13,false,2026-06-15 13:08:00,DELETE,10349
TC-00033134,trabajador,Zona 7,true,,INSERT,30405
TC-00033135,general,Villa Nueva,true,,INSERT,22923
TC-00033136,estudiante,Mixco,true,,UPDATE,18990
TC-00033139,trabajador,Zona 18,false,2026-07-07 05:26:00,DELETE,25511
TC-00033145,estudiante,Zona 8,true,,UPDATE,18244
TC-00033147,,,false,2026-07-04 17:20:00,DELETE,23449
TC-00033151,general,Zona 12,true,,UPDATE,5283
TC-00033155,estudiante,Zona 6,true,,INSERT,2078
TC-00033168,trabajador,Santa Catarina Pinula,true,,UPDATE,11568
TC-00033178,,,false,2026-07-07 07:52:00,DELETE,25448
TC-00033187,estudiante,Zona 13,true,,INSERT,11250
TC-00033189,general,Zona 4,true,,UPDATE,7293
TC-00033190,trabajador,Zona 10,true,,UPDATE,18212
TC-00033196,trabajador,Zona 6,true,,UPDATE,12916
TC-00033197,estudiante,Mixco,true,,UPDATE,14385
TC-00033202,trabajador,Zona 18,true,,INSERT,1486
TC-00033209,adulto_mayor,Zona 1,true,,UPDATE,9495
TC-00033210,estudiante,Zona 17,true,,UPDATE,28153
TC-00033211,,,false,2026-06-25 12:12:00,DELETE,17228
TC-00033213,trabajador,Zona 13,true,,INSERT,9038
TC-00033215,,,false,2026-06-07 00:06:00,DELETE,4827
TC-00033216,adulto_mayor,Mixco,true,,UPDATE,3732
TC-00033217,,,false,2026-06-05 22:44:00,DELETE,3403
TC-00033220,adulto_mayor,Zona 8,true,,UPDATE,22510
TC-00033222,trabajador,Zona 17,true,,UPDATE,19723
TC-00033224,,,false,2026-06-30 01:49:00,DELETE,20691
TC-00033225,trabajador,Zona 8,true,,UPDATE,12934
TC-00033236,trabajador,Zona 13,true,,INSERT,4859
TC-00033237,trabajador,Zona 9,true,,INSERT,13976
TC-00033244,estudiante,Zona 12,true,,UPDATE,15575
TC-00033252,estudiante,Zona 13,true,,UPDATE,27982
TC-00033254,general,Zona 9,true,,INSERT,17366
TC-00033258,general,Zona 4,true,,UPDATE,7965
TC-00033264,estudiante,Zona 13,true,,UPDATE,25912
TC-00033265,adulto_mayor,Villa Nueva,true,,INSERT,26223
TC-00033268,adulto_mayor,Zona 12,true,,UPDATE,6783
TC-00033275,trabajador,Zona 11,true,,UPDATE,23725
TC-00033277,adulto_mayor,Villa Nueva,true,,UPDATE,5850
TC-00033283,estudiante,Santa Catarina Pinula,true,,UPDATE,10160
TC-00033284,adulto_mayor,Zona 17,true,,UPDATE,30065
TC-00033287,general,Zona 12,true,,UPDATE,7914
TC-00033288,adulto_mayor,Zona 13,true,,UPDATE,15436
TC-00033296,trabajador,Zona 13,true,,UPDATE,1642
TC-00033304,general,Zona 12,true,,INSERT,17368
TC-00033309,,,false,2026-07-05 22:36:00,DELETE,24088
TC-00033323,estudiante,Zona 17,true,,UPDATE,24029
TC-00033324,trabajador,Zona 18,true,,INSERT,6912
TC-00033328,,,false,2026-06-06 18:45:00,DELETE,4140
TC-00033332,adulto_mayor,Santa Catarina Pinula,true,,UPDATE,10909
TC-00033334,adulto_mayor,Zona 8,true,,UPDATE,485
TC-00033336,,,false,2026-07-05 20:35:00,DELETE,24119
TC-00033338,trabajador,Zona 11,true,,INSERT,19365
TC-00033340,trabajador,San Miguel Petapa,true,,INSERT,5718
TC-00033352,estudiante,Zona 6,true,,UPDATE,1835
TC-00033354,estudiante,Zona 4,true,,INSERT,22825
TC-00033358,trabajador,Zona 11,true,,INSERT,22986
TC-00033361,trabajador,Zona 8,true,,INSERT,12620
TC-00033362,adulto_mayor,Zona 11,true,,UPDATE,5984
TC-00033367,trabajador,Zona 6,true,,UPDATE,6545
TC-00033369,trabajador,Zona 4,true,,INSERT,18791
TC-00033374,estudiante,Zona 13,true,,INSERT,29727
TC-00033379,,,false,2026-07-09 23:50:00,DELETE,26879
TC-00033381,estudiante,Zona 12,true,,UPDATE,25196
TC-00033388,adulto_mayor,Zona 7,true,,UPDATE,27886
TC-00033389,general,Zona 4,true,,UPDATE,18264
TC-00033393,trabajador,Zona 7,true,,INSERT,913
TC-00033399,adulto_mayor,Zona 9,true,,INSERT,15388
TC-00033401,general,Mixco,true,,INSERT,19549
TC-00033404,trabajador,Zona 11,true,,UPDATE,17824
TC-00033408,trabajador,Mixco,true,,UPDATE,12863
TC-00033414,estudiante,Zona 17,true,,UPDATE,29409
TC-00033416,adulto_mayor,Zona 18,true,,UPDATE,20255
TC-00033421,trabajador,Zona 9,true,,INSERT,9176
TC-00033426,adulto_mayor,Zona 12,true,,UPDATE,12179
TC-00033429,estudiante,Zona 4,true,,UPDATE,20420
TC-00033432,trabajador,Zona 12,true,,INSERT,20242
TC-00033434,estudiante,Zona 13,true,,UPDATE,26058
TC-00033440,adulto_mayor,Zona 4,true,,UPDATE,18873
TC-00033441,trabajador,Zona 11,true,,UPDATE,9431
TC-00033445,general,San Miguel Petapa,true,,UPDATE,14176
TC-00033452,adulto_mayor,Zona 18,true,,UPDATE,1842
TC-00033454,estudiante,Zona 6,true,,UPDATE,18494
TC-00033460,trabajador,Zona 4,false,2026-06-25 16:37:00,DELETE,17191
TC-00033466,estudiante,Mixco,true,,UPDATE,8837
TC-00033470,general,Villa Nueva,true,,UPDATE,19213
TC-00033471,,,false,2026-06-26 00:22:00,DELETE,17856
TC-00033473,adulto_mayor,Zona 10,true,,UPDATE,2536
TC-00033479,trabajador,Zona 4,true,,INSERT,23566
TC-00033481,adulto_mayor,Santa Catarina Pinula,true,,UPDATE,13435
TC-00033483,trabajador,Zona 10,true,,INSERT,19479
TC-00033484,trabajador,San Miguel Petapa,true,,UPDATE,15689
TC-00033489,general,Zona 10,true,,UPDATE,30672
TC-00033490,,,false,2026-06-09 07:51:00,DELETE,6126
TC-00033492,estudiante,Zona 17,true,,UPDATE,19853
TC-00033494,trabajador,Zona 13,true,,INSERT,30498
TC-00033499,trabajador,Villa Nueva,true,,INSERT,21589
TC-00033500,trabajador,Zona 1,true,,UPDATE,18914
TC-00033504,trabajador,Zona 7,true,,INSERT,22789
TC-00033505,trabajador,Zona 18,true,,UPDATE,14918
TC-00033509,general,Zona 12,true,,UPDATE,27477
TC-00033519,,,false,2026-06-03 21:56:00,DELETE,1992
TC-00033522,general,Zona 1,true,,INSERT,24325
TC-00033528,adulto_mayor,San Miguel Petapa,true,,UPDATE,12778
TC-00033529,adulto_mayor,Zona 1,true,,UPDATE,1177
TC-00033530,trabajador,Zona 1,true,,INSERT,5635
TC-00033536,estudiante,Zona 8,true,,UPDATE,27378
TC-00033542,trabajador,Mixco,true,,UPDATE,3068
TC-00033547,estudiante,Zona 10,true,,UPDATE,24556
TC-00033550,trabajador,Zona 18,true,,INSERT,24981
TC-00033551,estudiante,Zona 13,false,2026-06-23 12:56:00,DELETE,15805
TC-00033556,,,false,2026-06-03 23:23:00,DELETE,2049
TC-00033557,estudiante,Zona 6,true,,INSERT,11880
TC-00033559,trabajador,Zona 17,true,,INSERT,25627
TC-00033560,general,Santa Catarina Pinula,true,,INSERT,11056
TC-00033562,estudiante,Zona 13,true,,INSERT,29880
TC-00033575,general,Zona 18,true,,UPDATE,25842
TC-00033576,adulto_mayor,Zona 10,true,,UPDATE,16953
TC-00033580,adulto_mayor,Villa Nueva,true,,INSERT,6393
TC-00033584,trabajador,Zona 13,true,,INSERT,29183
TC-00033585,,,false,2026-06-14 03:18:00,DELETE,9634
TC-00033586,trabajador,Zona 10,true,,UPDATE,15544
TC-00033589,trabajador,Zona 4,true,,UPDATE,5816
TC-00033593,estudiante,Zona 6,true,,INSERT,24151
TC-00033604,general,Zona 17,true,,UPDATE,5356
TC-00033613,general,Zona 6,true,,UPDATE,10011
TC-00033614,trabajador,Zona 6,true,,UPDATE,7294
TC-00033615,general,Zona 4,true,,UPDATE,4497
TC-00033618,trabajador,San Miguel Petapa,true,,UPDATE,27504
TC-00033623,,,false,2026-06-06 02:57:00,DELETE,4057
TC-00033627,trabajador,Zona 7,true,,UPDATE,11365
TC-00033631,,,false,2026-06-13 21:21:00,DELETE,8951
TC-00033632,adulto_mayor,Mixco,true,,UPDATE,25222
TC-00033633,,,false,2026-06-30 18:22:00,DELETE,20633
TC-00033635,general,Zona 4,true,,UPDATE,12889
TC-00033638,trabajador,Zona 10,true,,INSERT,28352
TC-00033643,estudiante,Zona 11,true,,UPDATE,25172
TC-00033647,trabajador,Santa Catarina Pinula,true,,UPDATE,7963
TC-00033652,trabajador,Zona 7,true,,UPDATE,22634
TC-00033656,adulto_mayor,Zona 12,true,,UPDATE,19743
TC-00033657,trabajador,Zona 8,true,,UPDATE,10252
TC-00033658,general,Zona 12,false,2026-06-25 20:52:00,DELETE,17231
TC-00033662,,,false,2026-06-09 02:35:00,DELETE,6165
TC-00033663,trabajador,Mixco,true,,UPDATE,19091
TC-00033667,estudiante,San Miguel Petapa,true,,UPDATE,10059
TC-00033668,trabajador,Zona 11,true,,UPDATE,29952
TC-00033669,estudiante,Zona 9,true,,UPDATE,12761
TC-00033671,,,false,2026-06-18 07:46:00,DELETE,12392
TC-00033675,general,Zona 6,true,,UPDATE,12951
TC-00033676,estudiante,Zona 1,true,,UPDATE,26087
TC-00033680,,,false,2026-06-16 17:34:00,DELETE,11031
TC-00033683,general,Zona 9,true,,INSERT,9898
TC-00033687,trabajador,Zona 10,true,,INSERT,28400
TC-00033688,estudiante,San Miguel Petapa,true,,INSERT,4909
TC-00033693,trabajador,Villa Nueva,true,,INSERT,29787
TC-00033696,general,Zona 4,true,,UPDATE,29989
TC-00033697,adulto_mayor,Zona 12,true,,UPDATE,23205
TC-00033698,general,Zona 17,true,,UPDATE,12992
TC-00033702,general,Zona 11,true,,UPDATE,27441
TC-00033704,estudiante,Zona 7,true,,UPDATE,11472
TC-00033718,estudiante,Zona 7,true,,UPDATE,3220
TC-00033722,trabajador,Mixco,true,,INSERT,16715
TC-00033724,adulto_mayor,Zona 7,true,,INSERT,29772
TC-00033731,adulto_mayor,Zona 13,true,,UPDATE,16184
TC-00033738,trabajador,Zona 6,true,,INSERT,14007
TC-00033740,trabajador,Zona 4,true,,INSERT,5544
TC-00033744,adulto_mayor,Zona 9,true,,UPDATE,7383
TC-00033747,estudiante,Zona 17,true,,UPDATE,29968
TC-00033748,trabajador,Zona 17,true,,INSERT,29901
TC-00033750,general,Mixco,true,,UPDATE,18318
TC-00033752,trabajador,Zona 6,true,,INSERT,30521
TC-00033754,trabajador,Mixco,true,,UPDATE,19831
TC-00033757,trabajador,Zona 17,true,,INSERT,9665
TC-00033761,,,false,2026-06-08 09:09:00,DELETE,5477
TC-00033764,trabajador,Zona 4,true,,INSERT,10357
TC-00033766,general,Zona 17,true,,INSERT,26352
TC-00033768,trabajador,Zona 12,true,,UPDATE,16243
TC-00033773,general,Zona 1,true,,UPDATE,18358
TC-00033775,trabajador,San Miguel Petapa,true,,INSERT,29735
TC-00033782,adulto_mayor,Zona 11,true,,UPDATE,26097
TC-00033797,estudiante,Zona 9,true,,UPDATE,29983
TC-00033799,general,San Miguel Petapa,true,,UPDATE,28096
TC-00033802,general,Zona 1,true,,UPDATE,9536
TC-00033804,general,Mixco,true,,UPDATE,15524
TC-00033805,adulto_mayor,Zona 7,true,,UPDATE,28040
TC-00033807,trabajador,Mixco,true,,UPDATE,6533
TC-00033810,,,false,2026-07-15 18:24:00,DELETE,30972
TC-00033811,adulto_mayor,Zona 17,true,,UPDATE,11417
TC-00033815,trabajador,Zona 17,true,,UPDATE,14042
TC-00033818,estudiante,Zona 9,true,,INSERT,20041
TC-00033819,trabajador,Zona 17,true,,INSERT,8507
TC-00033824,general,Zona 8,true,,UPDATE,23237
TC-00033825,adulto_mayor,Zona 1,true,,UPDATE,9227
TC-00033837,adulto_mayor,Zona 10,true,,UPDATE,30608
TC-00033840,trabajador,San Miguel Petapa,true,,UPDATE,15642
TC-00033841,trabajador,Zona 8,true,,INSERT,2904
TC-00033846,,,false,2026-06-27 22:26:00,DELETE,18581
TC-00033847,trabajador,Zona 11,true,,INSERT,9092
TC-00033848,general,Zona 9,true,,UPDATE,17825
TC-00033849,trabajador,Zona 9,true,,INSERT,29101
TC-00033850,adulto_mayor,Zona 18,true,,INSERT,15187
TC-00033852,general,Zona 17,true,,UPDATE,30716
TC-00033853,estudiante,Zona 4,true,,UPDATE,3828
TC-00033858,adulto_mayor,Zona 4,true,,UPDATE,8769
TC-00033859,trabajador,Zona 10,true,,INSERT,7823
TC-00033860,trabajador,Zona 18,true,,INSERT,14597
TC-00033861,trabajador,Zona 4,true,,UPDATE,25852
TC-00033863,estudiante,Zona 11,false,2026-07-05 04:00:00,DELETE,24144
TC-00033864,estudiante,Zona 4,true,,UPDATE,10227
TC-00033865,adulto_mayor,Zona 12,true,,UPDATE,30896
TC-00033867,trabajador,Santa Catarina Pinula,true,,INSERT,13858
TC-00033869,estudiante,Zona 18,true,,INSERT,2989
TC-00033880,adulto_mayor,Zona 6,true,,UPDATE,17709
TC-00033881,trabajador,Santa Catarina Pinula,true,,INSERT,4213
TC-00033885,trabajador,Zona 4,true,,INSERT,16794
TC-00033893,trabajador,Santa Catarina Pinula,true,,INSERT,22980
TC-00033897,estudiante,Zona 13,true,,INSERT,2838
TC-00033899,general,Zona 7,true,,UPDATE,1283
TC-00033901,trabajador,Zona 11,true,,INSERT,27048
TC-00033902,adulto_mayor,Villa Nueva,true,,UPDATE,19132
TC-00033903,general,Zona 1,true,,UPDATE,21252
TC-00033906,trabajador,Zona 10,true,,INSERT,23551
TC-00033914,trabajador,Zona 10,true,,UPDATE,1893
TC-00033918,adulto_mayor,Zona 6,true,,UPDATE,12839
TC-00033921,adulto_mayor,Zona 1,true,,UPDATE,29430
TC-00033922,general,Mixco,true,,INSERT,16623
TC-00033925,,,false,2026-06-16 17:58:00,DELETE,11012
TC-00033935,general,Zona 9,true,,UPDATE,18270
TC-00033936,trabajador,Mixco,true,,INSERT,14579
TC-00033939,general,Zona 1,true,,UPDATE,5336
TC-00033940,trabajador,Zona 7,true,,UPDATE,28840
TC-00033941,estudiante,Zona 10,true,,UPDATE,28626
TC-00033943,general,Santa Catarina Pinula,true,,UPDATE,12685
TC-00033944,,,false,2026-06-02 10:19:00,DELETE,1301
TC-00033946,trabajador,Zona 6,true,,UPDATE,24561
TC-00033957,general,Zona 12,true,,INSERT,22963
TC-00033958,general,Zona 17,true,,UPDATE,3190
TC-00033962,estudiante,Zona 8,true,,UPDATE,23123
TC-00033963,,,false,2026-06-04 04:27:00,DELETE,2749
TC-00033968,trabajador,Zona 13,true,,INSERT,18859
TC-00033970,general,Zona 4,true,,UPDATE,24002
TC-00033972,adulto_mayor,Zona 17,true,,UPDATE,15076
TC-00033973,,,false,2026-06-19 04:45:00,DELETE,13108
TC-00033975,adulto_mayor,Zona 10,true,,INSERT,29677
TC-00033976,adulto_mayor,Santa Catarina Pinula,true,,INSERT,1404
TC-00033979,estudiante,Zona 10,true,,INSERT,15350
TC-00033980,trabajador,Zona 17,true,,UPDATE,14079
TC-00033983,trabajador,Mixco,true,,INSERT,20080
TC-00033984,adulto_mayor,Santa Catarina Pinula,true,,INSERT,10380
TC-00033987,estudiante,Zona 8,true,,INSERT,4349
TC-00033990,adulto_mayor,San Miguel Petapa,true,,UPDATE,5921
TC-00033991,estudiante,Zona 8,true,,INSERT,27630
TC-00033993,trabajador,Zona 17,true,,UPDATE,10072
TC-00033995,,,false,2026-06-25 21:22:00,DELETE,17166
TC-00033996,general,Zona 18,true,,INSERT,11935
TC-00033998,trabajador,Zona 10,true,,INSERT,5548
TC-00034003,trabajador,Zona 4,true,,INSERT,14639
TC-00034006,adulto_mayor,Zona 11,true,,UPDATE,23811
TC-00034008,,,false,2026-06-30 07:55:00,DELETE,20678
TC-00034009,trabajador,Zona 8,true,,INSERT,29201
TC-00034018,estudiante,Zona 7,true,,UPDATE,7358
TC-00034019,,,false,2026-06-11 16:49:00,DELETE,7514
TC-00034023,trabajador,Zona 13,true,,UPDATE,14362
TC-00034024,general,Zona 8,true,,INSERT,11178
TC-00034028,adulto_mayor,Zona 17,true,,UPDATE,8790
TC-00034030,general,Zona 13,true,,UPDATE,12887
TC-00034035,trabajador,Zona 12,true,,INSERT,768
TC-00034039,general,Zona 17,true,,INSERT,25684
TC-00034045,trabajador,San Miguel Petapa,true,,UPDATE,2614
TC-00034054,trabajador,Zona 10,true,,INSERT,11874
TC-00034073,adulto_mayor,Mixco,true,,INSERT,15233
TC-00034075,estudiante,Zona 12,true,,UPDATE,27244
TC-00034086,general,Zona 8,true,,UPDATE,29364
TC-00034087,estudiante,Zona 8,true,,UPDATE,30702
TC-00034095,trabajador,Zona 10,true,,UPDATE,11989
TC-00034097,trabajador,Zona 9,true,,INSERT,4895
TC-00034102,trabajador,Zona 10,true,,INSERT,2885
TC-00034104,general,Zona 9,true,,UPDATE,9397
TC-00034105,estudiante,Santa Catarina Pinula,true,,UPDATE,28837
TC-00034108,general,Zona 10,true,,UPDATE,28116
TC-00034109,general,Zona 8,true,,UPDATE,26684
TC-00034113,general,Zona 17,true,,INSERT,1407
TC-00034114,estudiante,Zona 18,true,,UPDATE,23141
TC-00034119,estudiante,Villa Nueva,true,,UPDATE,9978
TC-00034122,estudiante,Santa Catarina Pinula,true,,INSERT,18830
TC-00034127,adulto_mayor,Zona 11,true,,UPDATE,27175
TC-00034129,general,San Miguel Petapa,true,,UPDATE,3937
TC-00034130,adulto_mayor,Zona 1,true,,UPDATE,26508
TC-00034131,,,false,2026-07-10 09:26:00,DELETE,27541
TC-00034132,adulto_mayor,Mixco,true,,UPDATE,2360
TC-00034134,trabajador,Zona 4,true,,INSERT,29020
TC-00034138,trabajador,San Miguel Petapa,true,,INSERT,1468
TC-00034139,general,Zona 10,true,,INSERT,3486
TC-00034140,general,Mixco,true,,INSERT,25562
TC-00034143,adulto_mayor,Zona 8,true,,UPDATE,18284
TC-00034145,estudiante,Zona 10,true,,UPDATE,6653
TC-00034147,general,Zona 13,true,,UPDATE,23216
TC-00034149,trabajador,Zona 12,true,,INSERT,18784
TC-00034156,estudiante,Zona 4,true,,INSERT,24204
TC-00034158,trabajador,Zona 9,true,,INSERT,13262
TC-00034160,adulto_mayor,Zona 9,true,,UPDATE,29382
TC-00034161,trabajador,Santa Catarina Pinula,true,,INSERT,24271
TC-00034174,general,Zona 12,true,,INSERT,2790
TC-00034183,general,Zona 12,true,,INSERT,11818
TC-00034184,trabajador,Villa Nueva,true,,UPDATE,492
TC-00034186,trabajador,Zona 13,true,,INSERT,9842
TC-00034188,adulto_mayor,Zona 1,true,,UPDATE,8647
TC-00034189,estudiante,Zona 11,true,,UPDATE,3963
TC-00034195,adulto_mayor,Zona 8,true,,UPDATE,17049
TC-00034196,adulto_mayor,Zona 10,false,2026-06-14 16:21:00,DELETE,9656
TC-00034197,general,Zona 17,true,,INSERT,12621
TC-00034198,,,false,2026-06-20 04:47:00,DELETE,13730
TC-00034200,trabajador,Mixco,true,,UPDATE,26502
TC-00034208,trabajador,Zona 13,true,,INSERT,16743
TC-00034221,trabajador,Zona 17,true,,INSERT,10398
TC-00034223,estudiante,Zona 17,true,,INSERT,15943
TC-00034225,estudiante,Zona 12,true,,UPDATE,7151
TC-00034229,trabajador,Zona 10,true,,UPDATE,12125
TC-00034234,,,false,2026-06-10 17:38:00,DELETE,6823
TC-00034237,trabajador,San Miguel Petapa,true,,UPDATE,26687
TC-00034238,estudiante,Zona 17,true,,UPDATE,11487
TC-00034242,estudiante,Zona 18,true,,UPDATE,2662
TC-00034247,trabajador,San Miguel Petapa,true,,UPDATE,28639
TC-00034250,trabajador,Zona 18,true,,INSERT,10481
TC-00034264,trabajador,Santa Catarina Pinula,true,,UPDATE,30043
TC-00034266,trabajador,Santa Catarina Pinula,true,,UPDATE,25240
TC-00034269,general,Zona 11,true,,INSERT,8386
TC-00034270,general,Villa Nueva,true,,INSERT,26401
TC-00034272,,,false,2026-06-16 03:11:00,DELETE,11022
TC-00034280,,,false,2026-06-03 20:21:00,DELETE,2040
TC-00034283,trabajador,Mixco,true,,UPDATE,26640
TC-00034285,,,false,2026-06-03 07:45:00,DELETE,2059
TC-00034296,trabajador,Santa Catarina Pinula,true,,INSERT,7759
TC-00034303,trabajador,Mixco,true,,INSERT,93
TC-00034305,general,Zona 13,true,,UPDATE,19103
TC-00034316,trabajador,Zona 12,true,,INSERT,27110
TC-00034317,adulto_mayor,Zona 7,true,,UPDATE,23814
TC-00034318,,,false,2026-07-12 04:38:00,DELETE,28973
TC-00034319,trabajador,Zona 18,true,,INSERT,9773
TC-00034323,general,Zona 8,true,,UPDATE,20957
TC-00034336,,,false,2026-06-29 23:16:00,DELETE,20007
TC-00034342,general,Zona 13,true,,UPDATE,5939
TC-00034345,general,Zona 10,true,,INSERT,7763
TC-00034348,trabajador,Zona 10,true,,UPDATE,14760
TC-00034349,,,false,2026-06-23 01:46:00,DELETE,15793
TC-00034354,general,Zona 4,false,2026-07-03 11:03:00,DELETE,22753
TC-00034358,trabajador,Zona 18,true,,INSERT,30570
TC-00034360,trabajador,Mixco,true,,INSERT,28360
TC-00034361,trabajador,Zona 13,true,,INSERT,4874
TC-00034367,general,Mixco,true,,UPDATE,23122
TC-00034369,trabajador,Santa Catarina Pinula,true,,INSERT,2890
TC-00034371,,,false,2026-06-24 19:01:00,DELETE,16527
TC-00034380,general,Villa Nueva,true,,UPDATE,25238
TC-00034382,estudiante,Zona 12,true,,UPDATE,29229
TC-00034384,adulto_mayor,Mixco,true,,UPDATE,27977
TC-00034387,,,false,2026-06-02 14:55:00,DELETE,1327
TC-00034390,general,Zona 8,true,,INSERT,5014
TC-00034391,adulto_mayor,Zona 4,true,,UPDATE,18392
TC-00034394,general,Zona 7,true,,UPDATE,4440
TC-00034397,trabajador,Zona 7,true,,UPDATE,9290
TC-00034403,adulto_mayor,Zona 18,true,,UPDATE,13569
TC-00034406,general,Zona 13,true,,INSERT,7819
TC-00034409,general,Zona 8,true,,INSERT,29022
TC-00034422,adulto_mayor,San Miguel Petapa,true,,UPDATE,29992
TC-00034424,general,Zona 12,true,,INSERT,25767
TC-00034431,general,Zona 18,true,,INSERT,17273
TC-00034435,trabajador,San Miguel Petapa,true,,INSERT,16748
TC-00034438,estudiante,Zona 9,true,,INSERT,7128
TC-00034445,trabajador,Zona 13,true,,UPDATE,30639
TC-00034447,general,Zona 4,true,,INSERT,11132
TC-00034449,adulto_mayor,Zona 17,true,,UPDATE,8655
TC-00034451,trabajador,Zona 12,true,,UPDATE,26685
TC-00034453,trabajador,Zona 1,true,,UPDATE,11456
TC-00034454,trabajador,Zona 13,true,,INSERT,13296
TC-00034455,adulto_mayor,Zona 1,true,,UPDATE,16210
TC-00034457,estudiante,Zona 18,true,,UPDATE,10784
TC-00034458,,,false,2026-06-25 03:17:00,DELETE,17163
TC-00034461,trabajador,Zona 6,true,,INSERT,7037
TC-00034466,,,false,2026-06-04 02:20:00,DELETE,2753
TC-00034469,estudiante,Villa Nueva,true,,INSERT,27011
TC-00034473,adulto_mayor,Zona 12,true,,UPDATE,22461
TC-00034476,estudiante,Zona 18,true,,UPDATE,3014
TC-00034477,trabajador,Zona 9,true,,UPDATE,24444
TC-00034484,,,false,2026-06-29 05:50:00,DELETE,19954
TC-00034486,trabajador,Mixco,true,,UPDATE,30822
TC-00034490,general,Zona 4,true,,UPDATE,25202
TC-00034492,estudiante,Mixco,true,,INSERT,764
TC-00034498,,,false,2026-06-06 09:04:00,DELETE,4129
TC-00034507,trabajador,Zona 10,true,,INSERT,28358
TC-00034515,trabajador,Zona 8,true,,INSERT,4265
TC-00034516,adulto_mayor,Zona 10,true,,UPDATE,15763
TC-00034518,trabajador,Zona 17,true,,INSERT,29732
TC-00034522,adulto_mayor,Zona 1,true,,UPDATE,29999
TC-00034526,trabajador,Zona 4,true,,UPDATE,22498
TC-00034533,trabajador,Zona 8,true,,UPDATE,16432
TC-00034535,trabajador,Zona 9,true,,INSERT,13268
TC-00034540,,,false,2026-06-10 03:12:00,DELETE,6858
TC-00034541,estudiante,Zona 9,true,,UPDATE,983
TC-00034553,trabajador,Villa Nueva,true,,INSERT,3505
TC-00034555,trabajador,Zona 7,true,,UPDATE,10593
TC-00034557,trabajador,Zona 10,true,,UPDATE,17782
TC-00034560,estudiante,Zona 8,true,,INSERT,17375
TC-00034561,,,false,2026-07-07 19:05:00,DELETE,25515
TC-00034562,trabajador,Zona 6,true,,INSERT,885
TC-00034579,general,Villa Nueva,true,,UPDATE,16962
TC-00034590,adulto_mayor,Zona 17,true,,UPDATE,22335
TC-00034600,estudiante,Zona 11,true,,INSERT,27696
TC-00034605,trabajador,Zona 11,true,,INSERT,3512
TC-00034610,estudiante,Zona 6,true,,INSERT,29149
TC-00034615,estudiante,Zona 11,true,,UPDATE,29940
TC-00034629,,,false,2026-06-26 06:20:00,DELETE,17917
TC-00034633,general,Zona 17,false,2026-07-12 10:07:00,DELETE,28892
TC-00034635,trabajador,Zona 9,false,2026-06-08 02:50:00,DELETE,5488
TC-00034636,estudiante,Zona 17,true,,UPDATE,20609
TC-00034642,trabajador,Villa Nueva,true,,INSERT,81
TC-00034644,trabajador,Zona 18,true,,INSERT,9102
TC-00034647,,,false,2026-06-30 14:57:00,DELETE,20641
TC-00034650,estudiante,Zona 10,true,,INSERT,24158
TC-00034656,trabajador,Zona 11,true,,INSERT,15349
TC-00034657,estudiante,Zona 1,true,,UPDATE,19066
TC-00034658,,,false,2026-06-17 07:35:00,DELETE,11681
TC-00034660,adulto_mayor,Zona 17,true,,INSERT,28331
TC-00034663,adulto_mayor,Zona 6,true,,UPDATE,6668
TC-00034666,,,false,2026-06-27 05:30:00,DELETE,18605
TC-00034667,general,Zona 17,true,,UPDATE,14796
TC-00034676,general,Santa Catarina Pinula,true,,UPDATE,26695
TC-00034678,general,Zona 18,true,,UPDATE,21737
TC-00034679,adulto_mayor,Mixco,true,,UPDATE,26488
TC-00034682,trabajador,San Miguel Petapa,true,,INSERT,26354
TC-00034685,estudiante,Villa Nueva,true,,UPDATE,28890
TC-00034686,adulto_mayor,Zona 13,true,,INSERT,25548
TC-00034691,,,false,2026-07-04 16:31:00,DELETE,23425
TC-00034693,trabajador,Zona 6,true,,INSERT,30584
TC-00034697,general,Zona 7,true,,UPDATE,11443
TC-00034699,trabajador,Villa Nueva,true,,UPDATE,25226
TC-00034701,,,false,2026-06-06 15:09:00,DELETE,4101
TC-00034702,trabajador,Zona 9,true,,INSERT,12555
TC-00034703,,,false,2026-06-29 04:15:00,DELETE,19933
TC-00034712,trabajador,Zona 11,true,,INSERT,25676
TC-00034716,trabajador,Zona 13,true,,UPDATE,29916
TC-00034722,estudiante,San Miguel Petapa,true,,UPDATE,9970
TC-00034730,general,Zona 18,true,,INSERT,13226
TC-00034732,general,Zona 1,true,,UPDATE,19078
TC-00034738,general,Zona 17,true,,UPDATE,21900
TC-00034743,trabajador,Zona 7,true,,UPDATE,27850
TC-00034747,adulto_mayor,Zona 18,true,,UPDATE,27459
TC-00034748,trabajador,Zona 12,false,2026-07-01 21:40:00,DELETE,21375
TC-00034753,trabajador,Zona 18,true,,INSERT,4863
TC-00034754,adulto_mayor,Zona 18,true,,UPDATE,20360
TC-00034761,trabajador,Zona 13,true,,UPDATE,30003
TC-00034768,estudiante,Zona 12,true,,UPDATE,3108
TC-00034772,estudiante,Zona 1,true,,UPDATE,5943
TC-00034775,trabajador,Zona 10,true,,INSERT,7683
TC-00034777,trabajador,Zona 9,true,,INSERT,25050
TC-00034779,estudiante,Mixco,false,2026-06-14 07:29:00,DELETE,9622
TC-00034781,estudiante,Villa Nueva,true,,UPDATE,1930
TC-00034783,trabajador,Zona 10,true,,UPDATE,28190
TC-00034789,estudiante,San Miguel Petapa,true,,UPDATE,10601
TC-00034790,general,Zona 9,true,,UPDATE,20519
TC-00034798,,,false,2026-07-12 18:27:00,DELETE,28966
TC-00034800,trabajador,Zona 7,true,,UPDATE,23362
TC-00034811,estudiante,Zona 12,true,,UPDATE,26518
TC-00034813,trabajador,Santa Catarina Pinula,true,,UPDATE,10804
TC-00034814,adulto_mayor,Zona 10,true,,UPDATE,18195
TC-00034819,trabajador,Zona 17,true,,INSERT,29051
TC-00034821,,,false,2026-06-06 20:17:00,DELETE,4085
TC-00034827,general,Zona 1,true,,UPDATE,28875
TC-00034829,trabajador,Zona 17,true,,INSERT,4205
TC-00034832,general,Villa Nueva,true,,UPDATE,2511
TC-00034833,estudiante,Zona 12,true,,INSERT,4341
TC-00034836,estudiante,Villa Nueva,true,,UPDATE,29950
TC-00034839,adulto_mayor,Zona 4,true,,UPDATE,25828
TC-00034841,,,false,2026-07-08 16:05:00,DELETE,26185
TC-00034848,estudiante,Zona 9,true,,UPDATE,20972
TC-00034849,general,Zona 11,true,,INSERT,20225
TC-00034852,trabajador,Santa Catarina Pinula,true,,INSERT,29849
TC-00034853,adulto_mayor,San Miguel Petapa,true,,UPDATE,14782
TC-00034854,trabajador,Zona 4,true,,INSERT,15921
TC-00034855,trabajador,Villa Nueva,true,,INSERT,7701
TC-00034856,general,Zona 12,true,,UPDATE,20487
TC-00034857,adulto_mayor,Zona 17,true,,INSERT,11735
TC-00034859,general,Villa Nueva,true,,UPDATE,8151
TC-00034862,,,false,2026-06-26 07:52:00,DELETE,17890
TC-00034865,trabajador,Zona 10,true,,INSERT,7105
TC-00034866,estudiante,Zona 12,true,,INSERT,18854
TC-00034882,estudiante,Zona 9,true,,UPDATE,7239
TC-00034883,general,Zona 12,true,,INSERT,9069
TC-00034884,trabajador,Zona 13,true,,INSERT,8348
TC-00034892,trabajador,Zona 13,true,,INSERT,3570
TC-00034895,estudiante,Zona 12,true,,UPDATE,5257
TC-00034899,trabajador,Zona 18,true,,INSERT,13211
TC-00034900,estudiante,Zona 8,true,,INSERT,27670
TC-00034905,trabajador,Zona 9,true,,INSERT,21406
TC-00034911,trabajador,Zona 7,true,,UPDATE,8652
TC-00034912,trabajador,Villa Nueva,true,,UPDATE,13696
TC-00034914,estudiante,Zona 12,true,,UPDATE,23194
TC-00034918,trabajador,Zona 8,true,,INSERT,24956
TC-00034920,estudiante,San Miguel Petapa,true,,UPDATE,28175
TC-00034931,estudiante,Zona 8,true,,UPDATE,12909
TC-00034942,,,false,2026-06-07 10:32:00,DELETE,4747
TC-00034944,general,Mixco,true,,INSERT,2207
TC-00034948,estudiante,Zona 4,true,,UPDATE,15521
TC-00034962,trabajador,Zona 4,true,,UPDATE,8704
TC-00034964,adulto_mayor,Zona 1,true,,UPDATE,7268
TC-00034965,,,false,2026-07-07 13:10:00,DELETE,25518
TC-00034978,,,false,2026-06-08 11:42:00,DELETE,5510
TC-00034981,estudiante,San Miguel Petapa,true,,INSERT,29160
TC-00034991,trabajador,Zona 8,true,,UPDATE,17820
TC-00034997,adulto_mayor,Zona 9,true,,UPDATE,28751
TC-00035002,general,Zona 4,true,,INSERT,17430
TC-00035003,adulto_mayor,Villa Nueva,true,,INSERT,30475
TC-00035007,general,Zona 4,true,,UPDATE,17728
TC-00035010,adulto_mayor,Zona 10,true,,UPDATE,15000
TC-00035011,estudiante,Zona 18,true,,INSERT,6361
TC-00035014,estudiante,Zona 6,true,,INSERT,26238
TC-00035019,,,false,2026-07-06 14:45:00,DELETE,24765
TC-00035020,trabajador,Zona 6,true,,UPDATE,9450
TC-00035024,trabajador,Zona 8,true,,INSERT,1438
TC-00035028,adulto_mayor,Zona 7,true,,UPDATE,23946
TC-00035030,adulto_mayor,Zona 12,true,,UPDATE,23886
TC-00035034,trabajador,Villa Nueva,true,,INSERT,9756
TC-00035035,trabajador,Zona 17,true,,INSERT,13998
TC-00035040,trabajador,Zona 17,true,,UPDATE,22630
TC-00035042,adulto_mayor,Zona 17,true,,UPDATE,13533
TC-00035045,adulto_mayor,San Miguel Petapa,true,,INSERT,14670
TC-00035046,adulto_mayor,Zona 13,true,,UPDATE,27873
TC-00035048,general,Mixco,true,,INSERT,28424
TC-00035049,estudiante,Zona 9,true,,UPDATE,6730
TC-00035053,general,Zona 10,true,,UPDATE,12120
TC-00035056,adulto_mayor,Zona 8,true,,UPDATE,24470
TC-00035057,trabajador,Zona 4,true,,INSERT,6255
TC-00035059,,,false,2026-06-28 07:01:00,DELETE,19239
TC-00035062,trabajador,Mixco,true,,UPDATE,28673
TC-00035063,adulto_mayor,Zona 4,true,,UPDATE,8127
TC-00035066,estudiante,Zona 9,true,,UPDATE,27274
TC-00035068,adulto_mayor,Zona 10,true,,UPDATE,16353
TC-00035072,estudiante,Villa Nueva,true,,UPDATE,16994
TC-00035074,estudiante,San Miguel Petapa,false,2026-06-18 14:28:00,DELETE,12406
TC-00035076,estudiante,Santa Catarina Pinula,true,,UPDATE,5371
TC-00035078,general,Santa Catarina Pinula,true,,UPDATE,13408
TC-00035079,general,Zona 18,true,,INSERT,223
TC-00035086,estudiante,Zona 18,true,,UPDATE,18351
TC-00035088,adulto_mayor,Zona 8,true,,INSERT,5600
TC-00035091,estudiante,Zona 18,true,,UPDATE,15591
TC-00035095,trabajador,Zona 10,true,,INSERT,29864
TC-00035097,trabajador,Zona 1,true,,INSERT,13913
TC-00035099,trabajador,Zona 6,true,,INSERT,25744
TC-00035100,general,Zona 6,true,,UPDATE,18391
TC-00035101,trabajador,San Miguel Petapa,true,,INSERT,5615
TC-00035104,trabajador,San Miguel Petapa,true,,UPDATE,14216
TC-00035106,trabajador,Zona 11,true,,UPDATE,12300
TC-00035109,general,Zona 8,true,,UPDATE,23158
TC-00035119,estudiante,Zona 4,true,,UPDATE,5918
TC-00035128,adulto_mayor,Zona 17,true,,UPDATE,2372
TC-00035131,,,false,2026-07-01 00:57:00,DELETE,21355
TC-00035143,,,false,2026-06-04 06:52:00,DELETE,2709
TC-00035144,general,Zona 6,true,,UPDATE,26081
TC-00035145,estudiante,Zona 11,true,,UPDATE,30028
TC-00035147,trabajador,Zona 11,true,,INSERT,11248
TC-00035150,estudiante,Santa Catarina Pinula,true,,UPDATE,20388
TC-00035152,trabajador,Zona 8,true,,UPDATE,16846
TC-00035160,estudiante,Zona 12,true,,UPDATE,20585
TC-00035172,adulto_mayor,Zona 18,true,,UPDATE,25232
TC-00035175,trabajador,Zona 9,true,,INSERT,29776
TC-00035180,adulto_mayor,Zona 7,true,,UPDATE,21698
TC-00035185,general,Zona 13,true,,UPDATE,25265
TC-00035187,estudiante,Zona 13,true,,UPDATE,21660
TC-00035195,trabajador,Zona 1,true,,UPDATE,3751
TC-00035199,,,false,2026-06-08 19:53:00,DELETE,5519
TC-00035200,general,Zona 10,true,,UPDATE,12716
TC-00035205,general,Zona 18,true,,INSERT,13212
TC-00035209,trabajador,San Miguel Petapa,true,,UPDATE,21131
TC-00035212,trabajador,Zona 6,true,,INSERT,7130
TC-00035217,trabajador,Zona 12,true,,UPDATE,4016
TC-00035218,adulto_mayor,Zona 13,true,,UPDATE,3235
TC-00035220,general,Zona 10,true,,INSERT,20805
TC-00035225,trabajador,Zona 7,true,,UPDATE,14947
TC-00035229,estudiante,San Miguel Petapa,true,,UPDATE,23088
TC-00035236,trabajador,Zona 18,true,,INSERT,11956
TC-00035237,estudiante,Zona 7,true,,UPDATE,24008
TC-00035241,trabajador,Zona 17,true,,INSERT,20809
TC-00035243,adulto_mayor,Zona 1,true,,UPDATE,14933
TC-00035244,general,San Miguel Petapa,true,,INSERT,29836
TC-00035245,estudiante,Zona 7,true,,UPDATE,7300
TC-00035250,general,Zona 18,true,,INSERT,12476
TC-00035252,general,Zona 13,true,,UPDATE,16272
TC-00035253,trabajador,Zona 7,true,,INSERT,853
TC-00035258,trabajador,Zona 7,true,,UPDATE,15719
TC-00035259,estudiante,Zona 17,true,,UPDATE,998
TC-00035261,trabajador,Zona 4,true,,INSERT,14690
TC-00035262,estudiante,Zona 6,true,,UPDATE,14368
TC-00035265,trabajador,Zona 7,true,,INSERT,23634
TC-00035270,,,false,2026-06-14 03:49:00,DELETE,9581
TC-00035272,trabajador,Zona 7,true,,UPDATE,12131
TC-00035273,,,false,2026-06-24 04:32:00,DELETE,16505
TC-00035275,trabajador,Zona 12,true,,INSERT,17337
TC-00035277,trabajador,Zona 4,true,,INSERT,11206
TC-00035278,adulto_mayor,Santa Catarina Pinula,true,,UPDATE,19190
TC-00035280,adulto_mayor,Mixco,true,,UPDATE,25101
TC-00035283,trabajador,Zona 11,true,,INSERT,22119
TC-00035291,general,Santa Catarina Pinula,true,,UPDATE,16350
TC-00035292,trabajador,Zona 4,false,2026-06-22 17:03:00,DELETE,15145
TC-00035297,trabajador,Zona 7,true,,INSERT,24160
TC-00035302,adulto_mayor,Zona 4,true,,UPDATE,29565
TC-00035306,general,Zona 17,true,,UPDATE,457
TC-00035309,trabajador,Zona 13,true,,INSERT,20183
TC-00035312,adulto_mayor,Zona 7,true,,UPDATE,12689
TC-00035316,trabajador,Santa Catarina Pinula,true,,UPDATE,2613
TC-00035318,,,false,2026-06-23 00:18:00,DELETE,15787
TC-00035319,adulto_mayor,Zona 9,true,,UPDATE,5353
TC-00035321,general,Zona 4,true,,UPDATE,15729
TC-00035329,,,false,2026-07-04 22:48:00,DELETE,23424
TC-00035332,trabajador,Zona 11,false,2026-07-04 22:20:00,DELETE,23426
TC-00035334,adulto_mayor,Zona 4,true,,UPDATE,28855
TC-00035335,trabajador,Mixco,true,,UPDATE,2324
TC-00035337,adulto_mayor,Zona 4,true,,INSERT,29114
TC-00035338,adulto_mayor,San Miguel Petapa,true,,UPDATE,9460
TC-00035339,,,false,2026-06-27 19:01:00,DELETE,18543
TC-00035350,estudiante,Mixco,true,,UPDATE,24663
TC-00035359,general,Zona 13,true,,UPDATE,15016
TC-00035361,general,Zona 12,true,,INSERT,22164
TC-00035366,trabajador,Zona 11,true,,INSERT,15962
TC-00035370,estudiante,Mixco,true,,UPDATE,21777
TC-00035372,general,Zona 18,true,,INSERT,17976
TC-00035373,trabajador,Zona 10,true,,UPDATE,12859
TC-00035394,estudiante,Zona 8,true,,UPDATE,30695
TC-00035399,,,false,2026-07-07 03:56:00,DELETE,25504
TC-00035405,general,Zona 18,true,,INSERT,15911
TC-00035414,estudiante,Zona 7,true,,UPDATE,10599
TC-00035418,,,false,2026-07-11 20:52:00,DELETE,28277
TC-00035420,adulto_mayor,Zona 10,true,,UPDATE,3139
TC-00035426,general,Villa Nueva,true,,INSERT,10452
TC-00035427,,,false,2026-06-05 16:07:00,DELETE,3418
TC-00035430,trabajador,Zona 7,true,,UPDATE,24011
TC-00035435,general,Mixco,true,,UPDATE,26088
TC-00035440,general,Zona 1,true,,UPDATE,24733
TC-00035446,trabajador,Zona 4,false,2026-07-13 18:14:00,DELETE,29631
TC-00035447,,,false,2026-07-13 18:27:00,DELETE,29597
TC-00035449,estudiante,Zona 13,true,,UPDATE,5804
TC-00035452,general,Zona 12,true,,UPDATE,10939
TC-00035454,,,false,2026-06-27 20:05:00,DELETE,18629
TC-00035455,estudiante,Mixco,true,,INSERT,11241
TC-00035462,,,false,2026-06-11 06:19:00,DELETE,7562
TC-00035463,estudiante,Mixco,false,2026-07-13 09:22:00,DELETE,29612
TC-00035470,adulto_mayor,Zona 10,false,2026-07-09 20:51:00,DELETE,26875
TC-00035471,adulto_mayor,Zona 7,true,,UPDATE,8152
TC-00035476,estudiante,Zona 9,true,,UPDATE,16363
TC-00035478,general,Zona 4,true,,INSERT,11164
TC-00035479,adulto_mayor,Zona 12,true,,UPDATE,25909
TC-00035480,general,Zona 18,true,,UPDATE,7934
TC-00035481,adulto_mayor,Santa Catarina Pinula,true,,UPDATE,1779
TC-00035482,,,false,2026-06-26 22:26:00,DELETE,17862
TC-00035485,,,false,2026-07-03 06:19:00,DELETE,22712
TC-00035488,adulto_mayor,Zona 18,true,,UPDATE,21151
TC-00035497,,,false,2026-06-11 07:08:00,DELETE,7528
TC-00035500,adulto_mayor,Zona 9,true,,INSERT,3639
TC-00035502,adulto_mayor,Zona 11,true,,UPDATE,1198
TC-00035505,general,San Miguel Petapa,true,,UPDATE,30888
TC-00035506,estudiante,Zona 17,true,,UPDATE,20548
TC-00035512,estudiante,Zona 1,true,,UPDATE,21974
TC-00035520,trabajador,Zona 11,true,,INSERT,10487
TC-00035522,adulto_mayor,Zona 7,true,,UPDATE,4706
TC-00035530,trabajador,Zona 11,true,,INSERT,27053
TC-00035532,estudiante,Zona 17,true,,UPDATE,28693
TC-00035534,general,Zona 12,true,,UPDATE,20324
TC-00035537,trabajador,Zona 8,true,,INSERT,20715
TC-00035540,trabajador,Zona 4,true,,INSERT,3648
TC-00035548,trabajador,Zona 12,true,,INSERT,4357
TC-00035554,adulto_mayor,Zona 1,true,,UPDATE,6588
TC-00035555,estudiante,Zona 9,true,,UPDATE,1728
TC-00035556,estudiante,Villa Nueva,true,,INSERT,24386
TC-00035557,,,false,2026-06-01 07:03:00,DELETE,673
TC-00035558,trabajador,Santa Catarina Pinula,true,,UPDATE,23186
TC-00035565,,,false,2026-07-05 09:39:00,DELETE,24103
TC-00035568,general,Zona 10,true,,UPDATE,18447
TC-00035569,,,false,2026-07-04 01:39:00,DELETE,23392
TC-00035570,trabajador,San Miguel Petapa,true,,UPDATE,28692
TC-00035574,,,false,2026-07-15 04:49:00,DELETE,31039
TC-00035576,,,false,2026-06-07 20:56:00,DELETE,4764
TC-00035577,adulto_mayor,Zona 13,true,,UPDATE,28578
TC-00035579,,,false,2026-06-14 22:52:00,DELETE,9651
TC-00035580,,,false,2026-06-27 20:35:00,DELETE,18552
TC-00035584,general,Zona 13,true,,UPDATE,3203
TC-00035588,,,false,2026-07-04 15:28:00,DELETE,23447
TC-00035591,trabajador,Zona 4,true,,INSERT,9742
TC-00035595,trabajador,San Miguel Petapa,true,,INSERT,24886
TC-00035597,trabajador,Zona 11,true,,INSERT,25538
TC-00035599,general,Zona 9,true,,UPDATE,7150
TC-00035610,trabajador,Zona 4,true,,UPDATE,24555
TC-00035621,adulto_mayor,Zona 7,true,,UPDATE,29967
TC-00035624,trabajador,Zona 12,true,,INSERT,24249
TC-00035629,general,Zona 7,true,,UPDATE,20566
TC-00035636,trabajador,Zona 13,true,,INSERT,13281
TC-00035638,trabajador,Zona 17,true,,INSERT,10416
TC-00035656,estudiante,Zona 17,true,,INSERT,15217
TC-00035662,,,false,2026-06-19 10:23:00,DELETE,13097
TC-00035663,adulto_mayor,Zona 11,true,,UPDATE,27432
TC-00035666,,,false,2026-06-06 01:33:00,DELETE,4088
TC-00035669,adulto_mayor,Zona 11,true,,INSERT,25547
TC-00035670,trabajador,Villa Nueva,true,,INSERT,20235
TC-00035673,adulto_mayor,Zona 7,true,,INSERT,27647
TC-00035675,general,Mixco,true,,UPDATE,27904
TC-00035686,estudiante,Zona 13,true,,UPDATE,309
TC-00035687,trabajador,Zona 8,true,,UPDATE,24722
TC-00035692,trabajador,Zona 7,true,,INSERT,24156
TC-00035694,adulto_mayor,Zona 18,true,,UPDATE,17589
TC-00035695,general,Zona 18,true,,UPDATE,25430
TC-00035701,trabajador,Zona 12,true,,INSERT,15418
TC-00035703,adulto_mayor,Zona 12,true,,UPDATE,23793
TC-00035704,trabajador,San Miguel Petapa,true,,INSERT,3577
TC-00035717,,,false,2026-07-02 00:21:00,DELETE,22028
TC-00035723,general,Zona 7,true,,INSERT,13317
TC-00035724,adulto_mayor,Zona 12,true,,INSERT,30502
TC-00035726,adulto_mayor,Santa Catarina Pinula,true,,UPDATE,23321
TC-00035728,trabajador,Villa Nueva,true,,UPDATE,19202
TC-00035729,,,false,2026-06-30 17:36:00,DELETE,20659
TC-00035740,adulto_mayor,Zona 8,true,,INSERT,16693
TC-00035744,general,Zona 8,true,,UPDATE,19847
TC-00035746,estudiante,Villa Nueva,true,,UPDATE,3150
TC-00035749,general,Zona 8,true,,UPDATE,30749
TC-00035752,estudiante,Zona 6,true,,INSERT,23519
TC-00035757,trabajador,Zona 1,true,,UPDATE,19164
TC-00035763,estudiante,Zona 8,true,,INSERT,7056
TC-00035767,adulto_mayor,Zona 10,true,,UPDATE,3847
TC-00035770,adulto_mayor,Zona 8,true,,INSERT,27644
TC-00035771,estudiante,Villa Nueva,true,,UPDATE,30923
TC-00035774,general,Santa Catarina Pinula,true,,UPDATE,27427
TC-00035778,general,Zona 17,false,2026-07-02 17:14:00,DELETE,22046
TC-00035782,general,Zona 13,false,2026-07-05 06:33:00,DELETE,24135
TC-00035787,,,false,2026-06-06 09:50:00,DELETE,4076
TC-00035788,general,Zona 17,true,,UPDATE,22463
TC-00035791,general,Zona 7,true,,INSERT,2199
TC-00035793,general,San Miguel Petapa,true,,INSERT,23007
TC-00035796,,,false,2026-06-11 19:45:00,DELETE,7557
TC-00035800,trabajador,Zona 6,true,,INSERT,21543
TC-00035801,general,Zona 10,true,,UPDATE,18238
TC-00035802,general,Zona 6,false,2026-06-25 16:35:00,DELETE,17173
TC-00035803,trabajador,Zona 12,true,,UPDATE,5830
TC-00035804,,,false,2026-06-06 17:35:00,DELETE,4107
TC-00035805,,,false,2026-06-04 03:56:00,DELETE,2687
TC-00035806,general,Mixco,true,,UPDATE,28666
TC-00035807,,,false,2026-06-14 20:54:00,DELETE,9587
TC-00035810,estudiante,Zona 8,true,,UPDATE,11430
TC-00035813,estudiante,Villa Nueva,true,,UPDATE,30709
TC-00035814,estudiante,Zona 10,false,2026-07-15 08:37:00,DELETE,30984
TC-00035823,estudiante,Zona 7,true,,UPDATE,9250
TC-00035825,,,false,2026-06-23 07:13:00,DELETE,15807
TC-00035827,adulto_mayor,Zona 17,true,,UPDATE,5189
TC-00035830,,,false,2026-06-07 03:19:00,DELETE,4818
TC-00035831,estudiante,Zona 1,true,,UPDATE,18886
TC-00035833,general,Zona 17,true,,INSERT,24368
TC-00035835,adulto_mayor,Zona 6,true,,UPDATE,25918
TC-00035839,trabajador,Zona 17,true,,INSERT,13158
TC-00035841,trabajador,Zona 9,true,,INSERT,18140
TC-00035843,adulto_mayor,Zona 6,true,,UPDATE,28562
TC-00035863,estudiante,Zona 9,true,,UPDATE,25325
TC-00035864,trabajador,Zona 12,true,,UPDATE,16920
TC-00035865,estudiante,Mixco,true,,INSERT,11098
TC-00035878,estudiante,Zona 10,true,,UPDATE,30737
TC-00035880,estudiante,San Miguel Petapa,false,2026-07-07 09:50:00,DELETE,25467
TC-00035881,trabajador,Zona 6,true,,UPDATE,22598
TC-00035887,trabajador,Santa Catarina Pinula,true,,INSERT,14492
TC-00035890,trabajador,Zona 18,true,,UPDATE,16349
TC-00035891,trabajador,Zona 17,true,,UPDATE,13487
TC-00035894,trabajador,Mixco,false,2026-07-01 23:41:00,DELETE,21311
TC-00035897,trabajador,Zona 8,true,,UPDATE,27911
TC-00035900,,,false,2026-06-17 13:29:00,DELETE,11674
TC-00035904,trabajador,Zona 17,true,,INSERT,22978
TC-00035905,,,false,2026-06-11 06:05:00,DELETE,7564
TC-00035906,estudiante,Zona 13,true,,INSERT,22234
TC-00035908,estudiante,Zona 1,true,,INSERT,18708
TC-00035912,general,Zona 10,true,,INSERT,18007
TC-00035915,general,Zona 11,true,,UPDATE,14881
TC-00035916,,,false,2026-06-19 02:42:00,DELETE,13064
TC-00035919,trabajador,Zona 1,true,,UPDATE,20405
TC-00035923,general,Zona 8,true,,INSERT,11783
TC-00035928,estudiante,Zona 9,true,,UPDATE,27260
TC-00035931,general,Villa Nueva,true,,UPDATE,7339
TC-00035932,estudiante,Zona 8,true,,UPDATE,13406
TC-00035934,estudiante,Zona 7,true,,UPDATE,30640
TC-00035937,trabajador,Zona 9,true,,INSERT,17992
TC-00035939,estudiante,Zona 9,true,,UPDATE,27248
TC-00035940,estudiante,Zona 12,false,2026-07-13 09:58:00,DELETE,29665
TC-00035948,general,Santa Catarina Pinula,true,,UPDATE,16329
TC-00035954,trabajador,San Miguel Petapa,true,,UPDATE,3693
TC-00035957,adulto_mayor,Zona 9,true,,UPDATE,29401
TC-00035959,estudiante,Zona 9,true,,UPDATE,12804
TC-00035960,trabajador,Zona 8,true,,UPDATE,11322
TC-00035961,estudiante,Zona 11,true,,UPDATE,12966
TC-00035965,trabajador,Zona 18,true,,UPDATE,4439
TC-00035966,general,Zona 13,true,,UPDATE,23268
TC-00035969,estudiante,Zona 17,true,,INSERT,9878
TC-00035970,,,false,2026-07-02 05:37:00,DELETE,22065
TC-00035973,trabajador,Zona 1,true,,UPDATE,13654
TC-00035978,general,Zona 9,true,,UPDATE,21085
TC-00035982,general,Santa Catarina Pinula,false,2026-06-18 18:31:00,DELETE,12372
TC-00035984,general,Zona 17,true,,UPDATE,5350
TC-00035989,trabajador,Zona 6,true,,UPDATE,15610
TC-00035995,adulto_mayor,Zona 8,true,,UPDATE,25253
TC-00036014,trabajador,Santa Catarina Pinula,true,,UPDATE,30848
TC-00036020,general,Zona 10,true,,UPDATE,19696
TC-00036021,general,Zona 6,true,,UPDATE,29446
TC-00036022,adulto_mayor,Zona 13,true,,INSERT,18736
TC-00036027,,,false,2026-06-19 07:04:00,DELETE,13049
TC-00036032,general,San Miguel Petapa,true,,INSERT,17362
TC-00036034,general,Zona 9,true,,INSERT,27066
TC-00036035,estudiante,Santa Catarina Pinula,true,,UPDATE,22547
TC-00036036,general,Zona 8,true,,UPDATE,10912
TC-00036046,adulto_mayor,Zona 7,true,,UPDATE,11515
TC-00036047,trabajador,Zona 7,true,,INSERT,14694
TC-00036048,estudiante,Mixco,true,,UPDATE,14075
TC-00036057,adulto_mayor,Zona 6,true,,UPDATE,6623
TC-00036060,trabajador,Santa Catarina Pinula,true,,INSERT,29198
TC-00036061,estudiante,Mixco,true,,UPDATE,17018
TC-00036062,trabajador,Zona 7,true,,INSERT,27651
TC-00036063,trabajador,Zona 1,false,2026-06-15 08:12:00,DELETE,10317
TC-00036064,adulto_mayor,Zona 4,true,,UPDATE,25158
TC-00036072,estudiante,Zona 18,true,,UPDATE,28150
TC-00036073,trabajador,Zona 9,true,,UPDATE,11295
TC-00036075,general,Zona 7,true,,UPDATE,5880
TC-00036079,trabajador,Zona 4,true,,INSERT,13942
TC-00036082,estudiante,Zona 10,true,,UPDATE,9302
TC-00036084,trabajador,Zona 9,true,,UPDATE,8718
TC-00036085,trabajador,Zona 1,true,,INSERT,9187
TC-00036088,adulto_mayor,Santa Catarina Pinula,true,,UPDATE,23752
TC-00036089,adulto_mayor,Zona 18,true,,INSERT,4303
TC-00036091,estudiante,Zona 17,true,,UPDATE,22434
TC-00036092,,,false,2026-06-03 22:19:00,DELETE,1982
TC-00036093,adulto_mayor,Zona 4,true,,UPDATE,22658
TC-00036097,general,Zona 11,true,,UPDATE,28123
TC-00036102,trabajador,Santa Catarina Pinula,true,,INSERT,15983
TC-00036105,estudiante,Zona 10,true,,UPDATE,30956
TC-00036106,trabajador,Zona 13,true,,INSERT,5727
TC-00036107,trabajador,Zona 8,true,,INSERT,27000
TC-00036110,estudiante,Zona 9,true,,INSERT,19329
TC-00036113,trabajador,Villa Nueva,true,,UPDATE,23108
TC-00036115,trabajador,Zona 10,true,,INSERT,24257
TC-00036120,trabajador,San Miguel Petapa,true,,UPDATE,23249
TC-00036121,trabajador,Zona 12,true,,INSERT,26273
TC-00036123,estudiante,Zona 1,true,,UPDATE,997
TC-00036124,general,Zona 13,true,,UPDATE,10882
TC-00036125,estudiante,Zona 6,true,,INSERT,17335
TC-00036133,adulto_mayor,Zona 9,true,,UPDATE,25402
TC-00036134,trabajador,Zona 8,true,,UPDATE,16152
TC-00036145,trabajador,Villa Nueva,true,,INSERT,9111
TC-00036151,general,Zona 7,true,,UPDATE,15018
TC-00036158,trabajador,Zona 11,true,,INSERT,20104
TC-00036159,trabajador,Zona 18,true,,UPDATE,11484
TC-00036163,adulto_mayor,Zona 11,true,,UPDATE,1664
TC-00036168,general,Zona 8,true,,UPDATE,11296
TC-00036171,,,false,2026-07-08 21:17:00,DELETE,26141
TC-00036173,estudiante,Santa Catarina Pinula,true,,UPDATE,8838
TC-00036174,general,Zona 13,true,,UPDATE,1647
TC-00036179,adulto_mayor,Zona 7,true,,UPDATE,6604
TC-00036182,,,false,2026-06-03 08:24:00,DELETE,2067
TC-00036184,trabajador,Zona 8,true,,UPDATE,24571
TC-00036185,trabajador,Zona 9,true,,INSERT,13984
TC-00036186,,,false,2026-06-11 19:02:00,DELETE,7584
TC-00036187,trabajador,Zona 1,false,2026-07-07 09:07:00,DELETE,25506
TC-00036188,trabajador,Zona 7,true,,UPDATE,3877
TC-00036191,trabajador,Santa Catarina Pinula,true,,UPDATE,22628
TC-00036192,trabajador,Zona 17,true,,INSERT,24881
TC-00036194,trabajador,Zona 6,true,,UPDATE,18903
TC-00036198,,,false,2026-06-30 18:09:00,DELETE,20696
TC-00036201,trabajador,Santa Catarina Pinula,true,,INSERT,23491
TC-00036202,,,false,2026-07-02 05:23:00,DELETE,22050
TC-00036203,trabajador,Santa Catarina Pinula,true,,UPDATE,21854
TC-00036204,,,false,2026-07-12 03:03:00,DELETE,28940
TC-00036206,trabajador,Zona 18,true,,INSERT,26940
TC-00036209,general,Zona 13,true,,INSERT,11964
TC-00036215,general,Zona 18,true,,INSERT,12440
TC-00036218,,,false,2026-06-03 18:16:00,DELETE,2044
TC-00036223,general,Zona 8,true,,INSERT,20113
TC-00036225,trabajador,Zona 8,true,,INSERT,13259
TC-00036227,trabajador,Villa Nueva,true,,INSERT,9795
TC-00036234,general,Zona 8,true,,UPDATE,13625
TC-00036237,adulto_mayor,Zona 17,true,,INSERT,28292
TC-00036239,trabajador,Mixco,true,,UPDATE,23333
TC-00036240,adulto_mayor,Zona 17,true,,UPDATE,7918
TC-00036245,general,Zona 10,true,,UPDATE,23911
TC-00036247,estudiante,Zona 17,true,,INSERT,842
TC-00036249,trabajador,Zona 10,true,,UPDATE,26606
TC-00036253,general,Zona 11,true,,UPDATE,24657
TC-00036264,trabajador,Santa Catarina Pinula,true,,UPDATE,14211
TC-00036265,trabajador,Zona 11,true,,INSERT,25026
TC-00036271,adulto_mayor,Zona 4,true,,UPDATE,3992
TC-00036277,estudiante,Zona 8,true,,UPDATE,23849
TC-00036282,trabajador,Zona 17,true,,UPDATE,11305
TC-00036283,estudiante,Zona 11,true,,INSERT,14606
TC-00036287,,,false,2026-06-12 02:25:00,DELETE,8272
TC-00036289,general,Zona 6,true,,UPDATE,14284
TC-00036290,general,Zona 13,true,,INSERT,17295
TC-00036310,trabajador,Zona 9,true,,INSERT,7793
TC-00036312,,,false,2026-06-05 00:23:00,DELETE,3365
TC-00036314,trabajador,Zona 4,true,,INSERT,4891
TC-00036315,general,Zona 12,true,,UPDATE,15626
TC-00036318,,,false,2026-07-08 11:10:00,DELETE,26166
TC-00036322,estudiante,Zona 6,true,,UPDATE,11392
TC-00036327,,,false,2026-06-13 08:27:00,DELETE,8921
TC-00036329,estudiante,Zona 8,true,,UPDATE,18406
TC-00036331,general,Villa Nueva,true,,UPDATE,8729
TC-00036337,estudiante,Zona 6,true,,UPDATE,11448
TC-00036338,trabajador,Mixco,true,,INSERT,6309
TC-00036339,trabajador,Zona 18,true,,INSERT,26364
TC-00036350,adulto_mayor,Zona 9,true,,UPDATE,19605
TC-00036352,trabajador,Villa Nueva,true,,UPDATE,26731
TC-00036355,trabajador,Zona 10,false,2026-06-22 23:32:00,DELETE,15172
TC-00036359,,,false,2026-06-08 01:14:00,DELETE,5470
TC-00036362,estudiante,Zona 18,true,,INSERT,2984
TC-00036363,trabajador,Zona 10,true,,UPDATE,24748
TC-00036364,trabajador,San Miguel Petapa,true,,INSERT,2767
TC-00036370,estudiante,Zona 13,true,,UPDATE,14157
TC-00036374,trabajador,Zona 4,true,,INSERT,20029
TC-00036379,trabajador,San Miguel Petapa,false,2026-06-27 18:32:00,DELETE,18584
TC-00036388,trabajador,Zona 4,true,,UPDATE,15750
TC-00036402,general,Zona 1,true,,UPDATE,21011
TC-00036403,adulto_mayor,Zona 1,true,,INSERT,2962
TC-00036404,trabajador,Zona 17,true,,INSERT,9119
TC-00036407,general,Villa Nueva,true,,UPDATE,6491
TC-00036408,adulto_mayor,Zona 17,true,,UPDATE,16346
TC-00036410,adulto_mayor,Zona 12,true,,UPDATE,23983
TC-00036411,adulto_mayor,Zona 10,true,,UPDATE,29461
TC-00036412,general,Zona 4,true,,INSERT,13944
TC-00036413,,,false,2026-07-13 20:40:00,DELETE,29637
TC-00036418,general,Zona 12,true,,INSERT,6270
TC-00036421,general,Zona 10,true,,UPDATE,29410
TC-00036425,estudiante,Zona 13,true,,INSERT,16000
TC-00036436,trabajador,Zona 6,true,,INSERT,7779
TC-00036438,trabajador,San Miguel Petapa,true,,INSERT,16091
TC-00036440,trabajador,Zona 6,true,,INSERT,29803
TC-00036446,adulto_mayor,Zona 17,true,,UPDATE,3091
TC-00036447,estudiante,San Miguel Petapa,true,,INSERT,5731
TC-00036450,trabajador,Zona 12,true,,INSERT,9205
TC-00036459,adulto_mayor,Zona 10,true,,INSERT,22297
TC-00036461,general,San Miguel Petapa,true,,UPDATE,9929
TC-00036463,,,false,2026-07-04 19:55:00,DELETE,23429
TC-00036470,estudiante,Zona 12,true,,INSERT,19554
TC-00036471,adulto_mayor,San Miguel Petapa,true,,UPDATE,19038
TC-00036472,trabajador,Zona 6,true,,INSERT,29010
TC-00036478,estudiante,Zona 8,true,,UPDATE,24665
TC-00036480,trabajador,Zona 8,false,2026-06-30 20:07:00,DELETE,20651
TC-00036484,adulto_mayor,Villa Nueva,true,,UPDATE,29389
TC-00036490,adulto_mayor,Zona 4,true,,UPDATE,24483
TC-00036498,general,Santa Catarina Pinula,true,,INSERT,23640
TC-00036502,trabajador,Zona 17,true,,INSERT,9117
TC-00036507,,,false,2026-06-05 16:55:00,DELETE,3420
TC-00036514,estudiante,Zona 18,false,2026-07-03 21:05:00,DELETE,22727
TC-00036519,estudiante,Mixco,true,,INSERT,24375
TC-00036527,adulto_mayor,San Miguel Petapa,true,,UPDATE,12266
TC-00036529,,,false,2026-06-20 11:09:00,DELETE,13767
TC-00036533,trabajador,Zona 10,true,,UPDATE,18385
TC-00036536,estudiante,Zona 18,true,,UPDATE,26036
TC-00036547,estudiante,Zona 17,true,,UPDATE,17811
TC-00036551,trabajador,Zona 17,true,,INSERT,1573
TC-00036557,trabajador,Zona 12,true,,UPDATE,19599
TC-00036559,trabajador,Zona 8,true,,UPDATE,25218
TC-00036562,estudiante,Mixco,true,,UPDATE,26694
TC-00036563,,,false,2026-06-03 04:40:00,DELETE,2037
TC-00036565,estudiante,Zona 12,true,,UPDATE,16395
TC-00036566,estudiante,Zona 12,true,,INSERT,19457
TC-00036567,general,Zona 4,true,,UPDATE,28830
TC-00036570,trabajador,San Miguel Petapa,true,,UPDATE,25408
TC-00036573,trabajador,Zona 8,true,,UPDATE,19614
TC-00036578,estudiante,Zona 12,true,,UPDATE,23787
TC-00036581,adulto_mayor,Villa Nueva,true,,UPDATE,3915
TC-00036582,general,Zona 9,true,,UPDATE,7880
TC-00036588,adulto_mayor,Mixco,false,2026-07-13 09:30:00,DELETE,29621
TC-00036589,trabajador,Zona 6,true,,INSERT,20874
TC-00036591,,,false,2026-06-07 11:21:00,DELETE,4753
TC-00036600,general,San Miguel Petapa,true,,UPDATE,14219
TC-00036606,estudiante,Santa Catarina Pinula,true,,UPDATE,23794
TC-00036608,estudiante,Zona 9,true,,UPDATE,14816
TC-00036612,trabajador,San Miguel Petapa,true,,INSERT,19389
TC-00036619,trabajador,Zona 12,true,,INSERT,20753
TC-00036626,trabajador,Zona 13,true,,UPDATE,8156
TC-00036627,adulto_mayor,Zona 1,true,,UPDATE,7405
TC-00036628,trabajador,Zona 11,true,,UPDATE,6790
TC-00036629,trabajador,Zona 18,true,,UPDATE,24014
TC-00036630,estudiante,San Miguel Petapa,true,,UPDATE,14165
TC-00036638,,,false,2026-06-25 01:54:00,DELETE,17197
TC-00036639,estudiante,Zona 12,true,,UPDATE,23978
TC-00036647,adulto_mayor,Zona 1,true,,UPDATE,16833
TC-00036650,estudiante,Zona 9,true,,UPDATE,26610
TC-00036659,estudiante,Zona 6,true,,INSERT,11802
TC-00036661,general,Zona 10,true,,UPDATE,17753
TC-00036662,estudiante,Zona 13,true,,UPDATE,24411
TC-00036668,estudiante,Zona 10,true,,UPDATE,29449
TC-00036669,general,Zona 10,true,,UPDATE,4000
TC-00036670,general,Santa Catarina Pinula,true,,INSERT,66
TC-00036672,general,Zona 13,true,,UPDATE,7897
TC-00036673,general,Zona 13,true,,UPDATE,25291
TC-00036674,trabajador,Zona 9,true,,INSERT,14527
TC-00036678,general,Zona 18,true,,INSERT,27063
TC-00036679,,,false,2026-06-21 17:20:00,DELETE,14477
TC-00036681,trabajador,Zona 12,true,,INSERT,15318
TC-00036683,adulto_mayor,Zona 11,true,,UPDATE,17776
TC-00036685,adulto_mayor,Santa Catarina Pinula,true,,UPDATE,23204
TC-00036686,,,false,2026-07-15 20:34:00,DELETE,31050
TC-00036689,trabajador,Zona 9,true,,INSERT,15249
TC-00036692,trabajador,Zona 7,true,,UPDATE,4404
TC-00036698,estudiante,Zona 8,true,,INSERT,12619
TC-00036701,trabajador,Zona 6,true,,INSERT,60
TC-00036702,estudiante,Zona 12,true,,UPDATE,17096
TC-00036705,trabajador,San Miguel Petapa,true,,INSERT,25695
TC-00036708,adulto_mayor,Zona 1,true,,INSERT,7609
TC-00036713,trabajador,Santa Catarina Pinula,true,,INSERT,25723
TC-00036716,trabajador,San Miguel Petapa,true,,INSERT,18159
TC-00036723,trabajador,Zona 10,true,,INSERT,24245
TC-00036731,,,false,2026-06-27 14:27:00,DELETE,18596
TC-00036739,,,false,2026-07-08 22:08:00,DELETE,26150
TC-00036746,general,Villa Nueva,true,,UPDATE,23282
TC-00036749,estudiante,Zona 17,true,,UPDATE,16968
TC-00036750,estudiante,Zona 7,true,,UPDATE,11618
TC-00036754,trabajador,Zona 6,true,,UPDATE,3297
TC-00036757,general,Zona 1,true,,UPDATE,27479
TC-00036758,,,false,2026-06-23 06:27:00,DELETE,15797
TC-00036761,,,false,2026-06-26 08:57:00,DELETE,17929
TC-00036767,adulto_mayor,Zona 17,true,,INSERT,30536
TC-00036768,adulto_mayor,Zona 10,true,,UPDATE,28155
TC-00036771,general,Mixco,true,,UPDATE,21931
TC-00036772,general,Zona 4,false,2026-07-15 03:08:00,DELETE,30967
TC-00036775,trabajador,Zona 18,true,,INSERT,29070
TC-00036778,,,false,2026-06-11 10:43:00,DELETE,7520
TC-00036782,trabajador,Zona 9,true,,UPDATE,29550
TC-00036787,trabajador,Zona 1,true,,UPDATE,30006
TC-00036795,estudiante,San Miguel Petapa,true,,INSERT,30529
TC-00036800,,,false,2026-07-09 07:08:00,DELETE,26887
TC-00036805,,,false,2026-06-05 06:12:00,DELETE,3368
TC-00036807,estudiante,San Miguel Petapa,true,,UPDATE,27186
TC-00036812,general,Zona 13,true,,UPDATE,16842
TC-00036819,adulto_mayor,Zona 9,true,,UPDATE,3920
TC-00036820,adulto_mayor,Zona 11,true,,INSERT,13923
TC-00036833,general,Zona 12,true,,UPDATE,30637
TC-00036836,trabajador,Zona 8,true,,INSERT,4877
TC-00036837,trabajador,Santa Catarina Pinula,true,,UPDATE,30705
TC-00036838,trabajador,San Miguel Petapa,true,,INSERT,10453
TC-00036843,general,Santa Catarina Pinula,true,,UPDATE,27198
TC-00036856,trabajador,Zona 11,true,,INSERT,13807
TC-00036857,trabajador,Zona 9,true,,INSERT,2819
TC-00036858,general,Mixco,true,,INSERT,25735
TC-00036865,estudiante,Zona 17,true,,UPDATE,23221
TC-00036867,adulto_mayor,Zona 1,true,,UPDATE,4028
TC-00036869,trabajador,Zona 9,true,,UPDATE,14330
TC-00036870,estudiante,Zona 9,true,,UPDATE,27972
TC-00036872,trabajador,Zona 12,true,,INSERT,8478
TC-00036873,,,false,2026-06-22 08:03:00,DELETE,15169
TC-00036875,estudiante,Zona 10,true,,UPDATE,5334
TC-00036876,trabajador,Zona 1,true,,INSERT,18716
TC-00036877,,,false,2026-06-24 02:13:00,DELETE,16530
TC-00036879,general,Santa Catarina Pinula,true,,UPDATE,3853
TC-00036885,trabajador,Zona 4,true,,INSERT,21411
TC-00036886,trabajador,Zona 4,true,,INSERT,11224
TC-00036888,,,false,2026-06-20 05:29:00,DELETE,13742
TC-00036889,estudiante,Zona 17,true,,INSERT,24278
TC-00036890,trabajador,Zona 4,true,,UPDATE,13584
TC-00036895,estudiante,Zona 9,true,,UPDATE,17533
TC-00036897,trabajador,Zona 4,true,,UPDATE,25183
TC-00036915,estudiante,Zona 13,true,,UPDATE,1287
TC-00036917,trabajador,Zona 7,true,,INSERT,29832
TC-00036919,trabajador,Zona 18,true,,INSERT,29196
TC-00036921,trabajador,San Miguel Petapa,true,,INSERT,21560
TC-00036925,estudiante,Zona 11,true,,INSERT,20066
TC-00036928,general,Zona 7,true,,UPDATE,28647
TC-00036931,adulto_mayor,Villa Nueva,true,,UPDATE,8130
TC-00036936,general,Zona 13,true,,UPDATE,9406
TC-00036939,estudiante,Zona 10,true,,UPDATE,24701
TC-00036940,,,false,2026-07-09 09:21:00,DELETE,26889
TC-00036946,general,Zona 9,true,,UPDATE,26677
TC-00036947,trabajador,Zona 6,true,,INSERT,30579
TC-00036951,estudiante,Zona 10,true,,INSERT,25766
TC-00036953,trabajador,Zona 17,true,,INSERT,14561
TC-00036956,general,Zona 6,true,,UPDATE,23368
TC-00036964,general,San Miguel Petapa,true,,UPDATE,13477
TC-00036965,adulto_mayor,Zona 18,true,,UPDATE,10690
TC-00036966,adulto_mayor,Zona 11,true,,UPDATE,440
TC-00036968,trabajador,Zona 8,true,,UPDATE,13639
TC-00036976,general,Zona 13,true,,UPDATE,27861
TC-00036978,estudiante,San Miguel Petapa,true,,UPDATE,27389
TC-00036979,general,Zona 1,true,,UPDATE,7167
TC-00036980,trabajador,Santa Catarina Pinula,true,,UPDATE,13418
TC-00036985,trabajador,Zona 18,false,2026-06-18 21:54:00,DELETE,12378
TC-00036986,general,Zona 1,true,,UPDATE,12955
TC-00036988,adulto_mayor,Zona 10,true,,UPDATE,8663
TC-00036990,adulto_mayor,Santa Catarina Pinula,true,,UPDATE,8142
TC-00036991,estudiante,Zona 10,true,,UPDATE,17104
TC-00036994,estudiante,Zona 6,true,,UPDATE,19102
TC-00036995,estudiante,Zona 4,true,,UPDATE,28678
TC-00036997,general,Zona 1,true,,UPDATE,22587
TC-00037000,trabajador,Zona 17,true,,UPDATE,1078
TC-00037001,adulto_mayor,Zona 9,true,,UPDATE,16141
TC-00037004,estudiante,Zona 10,true,,UPDATE,981
TC-00037006,adulto_mayor,Zona 10,true,,UPDATE,23044
TC-00037007,,,false,2026-06-08 05:20:00,DELETE,5445
TC-00037010,estudiante,Zona 9,true,,UPDATE,1730
TC-00037013,estudiante,Santa Catarina Pinula,true,,UPDATE,28181
TC-00037015,general,Zona 8,true,,INSERT,22843
TC-00037019,trabajador,Zona 1,true,,UPDATE,21729
TC-00037021,trabajador,Zona 6,true,,UPDATE,26811
TC-00037022,adulto_mayor,Zona 10,true,,UPDATE,451
TC-00037023,trabajador,Mixco,true,,UPDATE,8791
TC-00037027,adulto_mayor,San Miguel Petapa,true,,UPDATE,1639
TC-00037031,general,Mixco,true,,UPDATE,27171
TC-00037037,general,Zona 6,true,,UPDATE,29345
TC-00037040,general,Zona 12,true,,UPDATE,3756
TC-00037046,estudiante,Villa Nueva,true,,UPDATE,15766
TC-00037047,trabajador,Zona 17,true,,INSERT,13279
TC-00037065,estudiante,Zona 18,true,,UPDATE,1120
TC-00037066,trabajador,Zona 6,true,,UPDATE,13647
TC-00037068,trabajador,Santa Catarina Pinula,false,2026-07-14 11:07:00,DELETE,30327
TC-00037076,general,Zona 8,true,,INSERT,28480
TC-00037078,trabajador,Zona 8,true,,UPDATE,16832
TC-00037084,adulto_mayor,Zona 11,true,,UPDATE,19597
TC-00037085,,,false,2026-06-14 00:00:00,DELETE,9639
TC-00037090,general,San Miguel Petapa,true,,UPDATE,29538
TC-00037094,trabajador,Santa Catarina Pinula,true,,UPDATE,28635
TC-00037105,trabajador,Zona 1,true,,UPDATE,28553
TC-00037106,trabajador,Mixco,true,,INSERT,29059
TC-00037112,adulto_mayor,Villa Nueva,true,,UPDATE,30689
TC-00037116,general,Zona 10,true,,UPDATE,25181
TC-00037118,estudiante,Zona 11,true,,INSERT,28299
TC-00037122,general,Zona 1,true,,INSERT,13142
TC-00037130,,,false,2026-06-20 15:08:00,DELETE,13797
TC-00037131,trabajador,Zona 12,true,,INSERT,13930
TC-00037141,trabajador,Zona 7,true,,UPDATE,13433
TC-00037142,adulto_mayor,Zona 10,true,,UPDATE,17573
TC-00037143,adulto_mayor,Zona 13,true,,UPDATE,22626
TC-00037146,adulto_mayor,Zona 17,true,,UPDATE,10779
TC-00037151,estudiante,Mixco,true,,INSERT,20761
TC-00037152,trabajador,Zona 9,true,,INSERT,24341
TC-00037153,adulto_mayor,Zona 9,true,,UPDATE,26799
TC-00037155,estudiante,Zona 8,true,,UPDATE,7854
TC-00037156,trabajador,Zona 12,true,,UPDATE,25428
TC-00037157,estudiante,Zona 18,true,,INSERT,24857
TC-00037159,adulto_mayor,Zona 9,true,,UPDATE,301
TC-00037162,trabajador,Santa Catarina Pinula,true,,INSERT,9765
TC-00037164,trabajador,Zona 17,true,,INSERT,10393
TC-00037165,trabajador,Zona 13,true,,INSERT,26361
TC-00037166,general,Zona 12,true,,UPDATE,14376
TC-00037167,trabajador,Zona 18,true,,UPDATE,6454
TC-00037170,trabajador,Zona 9,true,,INSERT,13290
TC-00037171,trabajador,Santa Catarina Pinula,true,,UPDATE,23960
TC-00037172,general,Zona 12,true,,UPDATE,7162
TC-00037174,trabajador,Santa Catarina Pinula,true,,INSERT,9128
TC-00037176,estudiante,Zona 18,true,,INSERT,9682
TC-00037177,trabajador,Zona 12,true,,UPDATE,1823
TC-00037178,estudiante,Zona 9,true,,UPDATE,15433
TC-00037187,trabajador,Santa Catarina Pinula,true,,INSERT,24907
TC-00037190,general,Zona 17,true,,UPDATE,25298
TC-00037192,general,Zona 17,true,,UPDATE,5289
TC-00037197,general,Zona 1,true,,INSERT,7677
TC-00037199,estudiante,Zona 6,true,,UPDATE,26055
TC-00037202,trabajador,Zona 1,true,,INSERT,28419
TC-00037203,estudiante,Mixco,true,,UPDATE,20336
TC-00037208,trabajador,Zona 1,true,,INSERT,11927
TC-00037214,trabajador,Mixco,true,,INSERT,1563
TC-00037215,general,San Miguel Petapa,true,,UPDATE,29477
TC-00037217,adulto_mayor,Santa Catarina Pinula,true,,UPDATE,28880
TC-00037218,adulto_mayor,Mixco,true,,UPDATE,20310
TC-00037219,trabajador,Zona 18,true,,INSERT,27081
TC-00037221,adulto_mayor,Zona 8,true,,UPDATE,23289
TC-00037224,trabajador,Santa Catarina Pinula,true,,INSERT,21455
TC-00037231,trabajador,Zona 4,true,,INSERT,12609
TC-00037232,general,Zona 12,true,,UPDATE,8019
TC-00037244,general,Zona 7,true,,INSERT,20049
TC-00037247,general,Zona 7,true,,UPDATE,27400
TC-00037250,adulto_mayor,Santa Catarina Pinula,true,,UPDATE,14779
TC-00037251,estudiante,Zona 17,true,,UPDATE,2466
TC-00037252,general,Zona 1,true,,INSERT,2150
TC-00037254,adulto_mayor,Zona 11,true,,UPDATE,26114
TC-00037255,estudiante,Zona 13,true,,INSERT,27132
TC-00037258,general,Zona 13,true,,UPDATE,29269
TC-00037265,trabajador,Santa Catarina Pinula,true,,INSERT,21516
TC-00037274,trabajador,Zona 17,true,,INSERT,16043
TC-00037280,estudiante,Zona 10,true,,UPDATE,25955
TC-00037282,trabajador,Zona 10,true,,INSERT,4316
TC-00037283,general,Zona 8,true,,INSERT,1546
TC-00037284,general,Zona 7,true,,UPDATE,17634
TC-00037288,trabajador,Zona 18,false,2026-06-26 22:28:00,DELETE,17908
TC-00037302,general,Zona 11,true,,UPDATE,19043
TC-00037308,general,Zona 1,true,,INSERT,12649
TC-00037313,,,false,2026-06-24 20:36:00,DELETE,16555
TC-00037314,trabajador,Zona 12,true,,INSERT,22149
TC-00037319,estudiante,Zona 1,true,,UPDATE,1636
TC-00037320,,,false,2026-06-11 02:42:00,DELETE,7521
TC-00037323,adulto_mayor,Zona 9,true,,UPDATE,20419
TC-00037326,general,Zona 18,true,,INSERT,28332
TC-00037329,,,false,2026-06-18 13:18:00,DELETE,12418
TC-00037330,trabajador,Zona 18,true,,INSERT,230
TC-00037332,adulto_mayor,San Miguel Petapa,true,,UPDATE,24535
TC-00037335,general,Zona 1,true,,INSERT,28
TC-00037338,trabajador,Zona 9,true,,INSERT,13244
TC-00037339,,,false,2026-06-27 19:00:00,DELETE,18557
TC-00037347,trabajador,Zona 8,true,,UPDATE,2357
TC-00037350,general,Zona 8,true,,UPDATE,29324
TC-00037356,general,Mixco,true,,UPDATE,6040
TC-00037360,estudiante,Santa Catarina Pinula,true,,UPDATE,18225
TC-00037361,general,Zona 6,true,,UPDATE,12874
TC-00037363,estudiante,Zona 7,true,,UPDATE,21192
TC-00037379,estudiante,Zona 11,true,,UPDATE,21656
TC-00037380,estudiante,Zona 6,true,,INSERT,25632
TC-00037382,general,Zona 6,true,,INSERT,790
TC-00037385,adulto_mayor,Zona 18,true,,UPDATE,3122
TC-00037386,trabajador,Zona 4,true,,INSERT,19558
TC-00037389,trabajador,Zona 10,true,,INSERT,18721
TC-00037400,trabajador,San Miguel Petapa,true,,INSERT,30368
TC-00037402,general,Zona 11,true,,UPDATE,25187
TC-00037403,trabajador,Zona 18,true,,INSERT,14569
TC-00037404,adulto_mayor,Zona 12,true,,UPDATE,28565
TC-00037406,estudiante,Zona 13,true,,UPDATE,5083
TC-00037407,trabajador,Zona 4,true,,INSERT,30408
TC-00037408,,,false,2026-06-07 02:12:00,DELETE,4749
TC-00037410,,,false,2026-06-11 11:57:00,DELETE,7569
TC-00037421,estudiante,Zona 9,true,,UPDATE,1266
TC-00037423,estudiante,Zona 8,true,,UPDATE,25165
TC-00037427,,,false,2026-07-08 12:58:00,DELETE,26207
TC-00037431,estudiante,Zona 17,true,,UPDATE,10224
TC-00037435,general,Zona 13,true,,UPDATE,28739
TC-00037437,estudiante,Zona 8,true,,INSERT,11072
TC-00037440,general,Zona 13,true,,INSERT,785
TC-00037443,estudiante,Zona 6,false,2026-07-09 19:24:00,DELETE,26828
TC-00037453,general,Zona 11,true,,UPDATE,27492
TC-00037455,estudiante,Mixco,true,,INSERT,1473
TC-00037456,adulto_mayor,Zona 17,true,,INSERT,27832
TC-00037460,adulto_mayor,Zona 6,true,,UPDATE,19913
TC-00037461,estudiante,Santa Catarina Pinula,true,,INSERT,30495
TC-00037464,trabajador,Zona 1,true,,INSERT,28308
TC-00037465,estudiante,Zona 7,true,,INSERT,26992
TC-00037466,adulto_mayor,Zona 10,true,,UPDATE,9480
TC-00037471,estudiante,Santa Catarina Pinula,true,,UPDATE,1004
TC-00037475,trabajador,Zona 12,true,,INSERT,14573
TC-00037476,general,Villa Nueva,true,,UPDATE,25293
TC-00037478,estudiante,Zona 4,true,,UPDATE,12812
TC-00037481,trabajador,Villa Nueva,true,,UPDATE,27235
TC-00037482,estudiante,San Miguel Petapa,true,,INSERT,29057
TC-00037483,general,San Miguel Petapa,true,,UPDATE,27482
TC-00037486,trabajador,Zona 12,true,,INSERT,6375
TC-00037487,trabajador,San Miguel Petapa,true,,INSERT,1549
TC-00037499,trabajador,San Miguel Petapa,true,,INSERT,30516
TC-00037500,adulto_mayor,Santa Catarina Pinula,true,,INSERT,25593
TC-00037505,estudiante,Santa Catarina Pinula,true,,UPDATE,21003
TC-00037509,trabajador,Zona 6,true,,UPDATE,14355
TC-00037511,general,Zona 18,true,,INSERT,7809
TC-00037512,trabajador,Zona 17,true,,INSERT,22917
TC-00037514,general,Zona 6,true,,INSERT,28413
TC-00037518,general,Zona 17,true,,INSERT,13200
TC-00037519,trabajador,San Miguel Petapa,true,,INSERT,26402
TC-00037524,estudiante,Zona 18,true,,INSERT,28436
TC-00037528,adulto_mayor,Mixco,true,,INSERT,25055
TC-00037530,adulto_mayor,Mixco,true,,UPDATE,26529
TC-00037536,trabajador,Zona 13,true,,INSERT,19321
TC-00037539,general,Zona 11,true,,INSERT,6959
TC-00037549,trabajador,Zona 17,true,,UPDATE,27243
TC-00037550,trabajador,Zona 6,true,,INSERT,18157
TC-00037551,trabajador,Villa Nueva,true,,INSERT,4914
TC-00037558,trabajador,San Miguel Petapa,true,,INSERT,30364
TC-00037560,estudiante,Zona 11,true,,UPDATE,14227
TC-00037563,trabajador,Zona 18,true,,UPDATE,25965
TC-00037566,general,Zona 4,true,,UPDATE,24744
TC-00037573,trabajador,Mixco,true,,INSERT,29758
TC-00037576,trabajador,San Miguel Petapa,true,,INSERT,25570
TC-00037578,trabajador,Zona 10,true,,UPDATE,18486
TC-00037584,trabajador,Zona 13,true,,INSERT,18141
TC-00037585,adulto_mayor,Zona 4,true,,UPDATE,4540
TC-00037587,adulto_mayor,Zona 18,true,,INSERT,24232
TC-00037590,estudiante,Zona 17,true,,INSERT,30382
TC-00037593,general,Zona 1,true,,UPDATE,25936
TC-00037595,estudiante,Zona 4,true,,INSERT,26428
TC-00037597,general,Zona 6,true,,UPDATE,30830
TC-00037602,estudiante,Zona 18,true,,UPDATE,30032
TC-00037605,trabajador,Zona 17,true,,INSERT,3661
TC-00037615,general,Santa Catarina Pinula,true,,UPDATE,24738
TC-00037618,,,false,2026-07-01 13:26:00,DELETE,21367
TC-00037620,general,Zona 8,true,,UPDATE,29236
TC-00037621,,,false,2026-07-04 04:17:00,DELETE,23393
TC-00037624,trabajador,Zona 8,true,,INSERT,3494
TC-00037627,trabajador,Zona 18,true,,UPDATE,9320
TC-00037628,estudiante,Zona 7,true,,UPDATE,4410
TC-00037632,estudiante,Santa Catarina Pinula,true,,INSERT,29105
TC-00037645,trabajador,Zona 9,true,,INSERT,13853
TC-00037648,trabajador,Zona 9,true,,INSERT,15402
TC-00037651,estudiante,Zona 12,true,,UPDATE,23884
TC-00037653,trabajador,Zona 12,true,,INSERT,18175
TC-00037658,trabajador,Zona 12,true,,UPDATE,25283
TC-00037659,adulto_mayor,Zona 11,true,,UPDATE,12159
TC-00037661,estudiante,Zona 10,true,,INSERT,10447
TC-00037664,general,Zona 18,true,,UPDATE,17850
TC-00037669,,,false,2026-06-07 09:02:00,DELETE,4807
TC-00037670,,,false,2026-06-01 21:25:00,DELETE,653
TC-00037671,trabajador,Mixco,true,,INSERT,20147
TC-00037674,,,false,2026-07-09 19:53:00,DELETE,26858
TC-00037676,trabajador,Mixco,true,,INSERT,1558
TC-00037683,adulto_mayor,Zona 13,false,2026-06-20 05:38:00,DELETE,13715
TC-00037686,estudiante,Mixco,true,,INSERT,10438
TC-00037688,,,false,2026-06-04 23:40:00,DELETE,2715
TC-00037690,estudiante,Zona 13,true,,UPDATE,8800
TC-00037701,general,Zona 11,true,,UPDATE,13543
TC-00037710,trabajador,Zona 17,true,,INSERT,701
TC-00037713,general,Zona 10,true,,UPDATE,25286
TC-00037714,trabajador,Santa Catarina Pinula,true,,INSERT,23495
TC-00037715,estudiante,Zona 11,true,,UPDATE,5926
TC-00037716,,,false,2026-07-14 14:56:00,DELETE,30326
TC-00037719,trabajador,Villa Nueva,true,,INSERT,19374
TC-00037724,general,Santa Catarina Pinula,true,,UPDATE,3078
TC-00037726,trabajador,Zona 4,true,,INSERT,18754
TC-00037741,estudiante,San Miguel Petapa,true,,INSERT,3541
TC-00037747,trabajador,Zona 11,true,,INSERT,2778
TC-00037751,trabajador,Zona 17,true,,UPDATE,7154
TC-00037753,estudiante,Zona 4,true,,INSERT,929
TC-00037758,trabajador,Zona 10,true,,INSERT,24924
TC-00037764,trabajador,Zona 6,true,,INSERT,17997
TC-00037768,,,false,2026-06-05 12:20:00,DELETE,3434
TC-00037771,general,Zona 7,true,,UPDATE,14253
TC-00037773,general,Zona 8,true,,UPDATE,4622
TC-00037774,trabajador,Zona 6,true,,UPDATE,15525
TC-00037778,trabajador,San Miguel Petapa,true,,INSERT,28427
TC-00037787,general,Santa Catarina Pinula,true,,INSERT,4951
TC-00037790,estudiante,Zona 12,true,,UPDATE,1934
TC-00037792,trabajador,Zona 7,true,,UPDATE,11519
TC-00037796,trabajador,Zona 6,true,,INSERT,20816
TC-00037799,trabajador,Zona 12,true,,UPDATE,9475
TC-00037806,trabajador,San Miguel Petapa,true,,INSERT,22272
TC-00037808,general,Santa Catarina Pinula,true,,UPDATE,10180
TC-00037816,,,false,2026-06-02 22:49:00,DELETE,1376
TC-00037820,adulto_mayor,Zona 11,true,,INSERT,4188
TC-00037823,estudiante,Zona 18,true,,UPDATE,276
TC-00037827,estudiante,Zona 13,true,,UPDATE,21283
TC-00037830,adulto_mayor,Zona 9,true,,UPDATE,15652
TC-00037832,estudiante,Santa Catarina Pinula,true,,UPDATE,10721
TC-00037839,estudiante,Zona 11,true,,INSERT,30434
TC-00037842,,,false,2026-06-04 15:10:00,DELETE,2714
TC-00037846,trabajador,Zona 8,true,,UPDATE,26673
TC-00037848,adulto_mayor,Santa Catarina Pinula,true,,UPDATE,29262
TC-00037857,trabajador,San Miguel Petapa,true,,UPDATE,3213
TC-00037859,general,Zona 1,true,,UPDATE,28060
TC-00037860,trabajador,Villa Nueva,true,,INSERT,3569
TC-00037868,estudiante,Zona 1,true,,UPDATE,12145
TC-00037869,general,Zona 4,true,,INSERT,25583
TC-00037873,estudiante,Villa Nueva,true,,UPDATE,23332
TC-00037879,trabajador,Santa Catarina Pinula,true,,UPDATE,4037
TC-00037881,trabajador,Zona 4,true,,INSERT,3501
TC-00037890,trabajador,Zona 1,true,,INSERT,16742
TC-00037893,estudiante,Zona 1,true,,INSERT,30439
TC-00037896,general,Zona 8,true,,INSERT,20775
TC-00037898,,,false,2026-06-25 02:44:00,DELETE,17204
TC-00037899,trabajador,Zona 4,true,,INSERT,15892
TC-00037900,,,false,2026-06-30 04:36:00,DELETE,20637
TC-00037902,trabajador,San Miguel Petapa,true,,INSERT,15333
TC-00037906,estudiante,Zona 4,true,,UPDATE,29335
TC-00037912,adulto_mayor,Santa Catarina Pinula,true,,UPDATE,19779
TC-00037919,trabajador,Zona 17,true,,UPDATE,18209
TC-00037922,trabajador,Zona 4,true,,INSERT,29827
TC-00037923,general,San Miguel Petapa,true,,INSERT,22137
TC-00037924,general,Zona 13,true,,UPDATE,8852
TC-00037929,trabajador,Zona 4,true,,UPDATE,27455
TC-00037939,trabajador,Zona 10,true,,UPDATE,23808
TC-00037943,adulto_mayor,Zona 6,true,,UPDATE,25389
TC-00037951,trabajador,Zona 10,true,,UPDATE,9446
TC-00037952,adulto_mayor,Zona 18,true,,UPDATE,12320
TC-00037961,estudiante,Zona 9,true,,INSERT,16707
TC-00037963,trabajador,Zona 12,true,,UPDATE,28709
TC-00037966,estudiante,Santa Catarina Pinula,true,,UPDATE,22447
TC-00037968,trabajador,Zona 9,true,,UPDATE,29958
TC-00037969,estudiante,Zona 17,true,,UPDATE,27871
TC-00037970,trabajador,Villa Nueva,true,,INSERT,17961
TC-00037971,estudiante,Zona 18,true,,UPDATE,17085
TC-00037981,adulto_mayor,Zona 11,true,,UPDATE,29422
TC-00037982,trabajador,Zona 13,true,,INSERT,18752
TC-00037983,trabajador,Zona 4,true,,INSERT,13921
TC-00037985,adulto_mayor,Zona 9,true,,INSERT,6379
TC-00037986,adulto_mayor,San Miguel Petapa,true,,UPDATE,15435
TC-00037988,adulto_mayor,Zona 1,true,,UPDATE,14224
TC-00037991,general,Zona 17,true,,UPDATE,14348
TC-00037993,estudiante,Zona 6,true,,UPDATE,26517
TC-00037997,estudiante,Zona 4,true,,INSERT,18096
TC-00037999,trabajador,Zona 18,true,,UPDATE,17590
TC-00038006,trabajador,Zona 4,true,,UPDATE,13415
TC-00038007,estudiante,Zona 13,true,,UPDATE,27354
TC-00038014,general,Zona 7,true,,INSERT,15958
TC-00038017,trabajador,Zona 4,true,,INSERT,6969
TC-00038019,,,false,2026-06-27 23:55:00,DELETE,18545
TC-00038021,general,Zona 6,true,,INSERT,24268
TC-00038024,trabajador,Zona 10,true,,UPDATE,21928
TC-00038027,general,Villa Nueva,true,,INSERT,16635
TC-00038030,adulto_mayor,San Miguel Petapa,true,,UPDATE,29441
TC-00038032,trabajador,Zona 18,true,,INSERT,12509
TC-00038046,adulto_mayor,Zona 4,true,,UPDATE,12896
TC-00038049,adulto_mayor,Santa Catarina Pinula,true,,INSERT,27721
TC-00038050,estudiante,Zona 7,true,,UPDATE,22362
TC-00038051,trabajador,Zona 1,true,,INSERT,18016
TC-00038056,estudiante,Santa Catarina Pinula,true,,UPDATE,18436
TC-00038060,estudiante,Zona 6,true,,UPDATE,20434
TC-00038062,trabajador,Zona 13,true,,INSERT,4299
TC-00038063,estudiante,Zona 11,true,,INSERT,29755
TC-00038064,trabajador,Zona 12,true,,INSERT,26918
TC-00038066,estudiante,Zona 10,false,2026-06-29 13:56:00,DELETE,19965
TC-00038074,trabajador,Mixco,true,,INSERT,22155
TC-00038076,estudiante,Zona 12,true,,UPDATE,30728
TC-00038077,estudiante,Zona 18,true,,INSERT,17355
TC-00038078,trabajador,Santa Catarina Pinula,true,,UPDATE,30844
TC-00038082,adulto_mayor,Zona 1,true,,UPDATE,7858
TC-00038085,estudiante,Zona 11,true,,INSERT,20888
TC-00038093,estudiante,Zona 12,true,,UPDATE,17805
TC-00038098,general,Mixco,true,,UPDATE,15732
TC-00038099,estudiante,Santa Catarina Pinula,true,,UPDATE,26066
TC-00038103,general,Zona 11,true,,UPDATE,19736
TC-00038105,trabajador,Mixco,true,,INSERT,20182
TC-00038111,trabajador,Zona 11,true,,INSERT,7031
TC-00038120,trabajador,Santa Catarina Pinula,true,,INSERT,13905
TC-00038122,adulto_mayor,Zona 4,true,,INSERT,13940
TC-00038124,general,Zona 6,true,,INSERT,25560
TC-00038128,estudiante,Zona 17,true,,UPDATE,6641
TC-00038133,general,Zona 4,true,,UPDATE,12063
TC-00038135,trabajador,Zona 7,true,,INSERT,29826
TC-00038137,trabajador,Zona 12,true,,INSERT,29794
TC-00038139,trabajador,Zona 18,true,,UPDATE,8024
TC-00038147,trabajador,Zona 1,true,,UPDATE,2468
TC-00038150,estudiante,Zona 13,true,,UPDATE,24627
TC-00038151,general,Zona 6,true,,INSERT,24914
TC-00038154,estudiante,Zona 10,true,,UPDATE,7314
TC-00038155,trabajador,San Miguel Petapa,true,,INSERT,29044
TC-00038157,adulto_mayor,Zona 8,true,,UPDATE,10169
TC-00038158,general,Zona 18,true,,INSERT,2808
TC-00038160,trabajador,Zona 13,true,,UPDATE,21211
TC-00038161,estudiante,Zona 11,true,,INSERT,24244
TC-00038163,adulto_mayor,Zona 9,true,,INSERT,11163
TC-00038165,estudiante,Zona 9,true,,UPDATE,17584
TC-00038169,estudiante,Zona 8,true,,UPDATE,15751
TC-00038170,trabajador,Zona 10,true,,UPDATE,27391
TC-00038172,trabajador,Zona 8,true,,INSERT,11755
TC-00038180,trabajador,Zona 17,true,,UPDATE,13442
TC-00038181,trabajador,Zona 10,true,,INSERT,20073
TC-00038182,general,Mixco,true,,INSERT,23591
TC-00038183,,,false,2026-06-05 21:28:00,DELETE,3425
TC-00038185,trabajador,Zona 12,true,,UPDATE,12709
TC-00038199,general,Zona 4,true,,UPDATE,30258
TC-00038201,general,Zona 18,false,2026-07-06 13:08:00,DELETE,24756
TC-00038204,,,false,2026-06-17 16:25:00,DELETE,11727
TC-00038205,,,false,2026-06-28 23:53:00,DELETE,19283
TC-00038208,trabajador,San Miguel Petapa,true,,INSERT,10352
TC-00038210,adulto_mayor,Zona 12,true,,UPDATE,27859
TC-00038215,trabajador,Zona 9,true,,UPDATE,17588
TC-00038220,trabajador,Zona 9,true,,INSERT,11055
TC-00038226,trabajador,San Miguel Petapa,true,,UPDATE,7500
TC-00038228,trabajador,Mixco,true,,UPDATE,14238
TC-00038230,adulto_mayor,Zona 11,true,,UPDATE,23030
TC-00038231,trabajador,Zona 17,true,,UPDATE,22591
TC-00038234,trabajador,Zona 6,false,2026-07-03 07:03:00,DELETE,22724
TC-00038235,general,Zona 8,true,,UPDATE,12288
TC-00038237,general,Zona 13,true,,UPDATE,28555
TC-00038245,general,Zona 6,true,,INSERT,4881
TC-00038248,adulto_mayor,Zona 1,true,,UPDATE,28061
TC-00038251,trabajador,San Miguel Petapa,true,,UPDATE,9934
TC-00038252,trabajador,Villa Nueva,true,,UPDATE,26818
TC-00038255,trabajador,Zona 10,true,,UPDATE,7363
TC-00038266,estudiante,Zona 13,true,,UPDATE,28817
TC-00038268,general,Zona 6,true,,INSERT,752
TC-00038276,adulto_mayor,Santa Catarina Pinula,true,,INSERT,6976
TC-00038287,,,false,2026-06-06 07:18:00,DELETE,4094
TC-00038288,adulto_mayor,Zona 13,true,,UPDATE,7222
TC-00038295,estudiante,Zona 11,true,,UPDATE,7948
TC-00038300,adulto_mayor,Zona 18,true,,UPDATE,26581
TC-00038301,general,San Miguel Petapa,true,,UPDATE,9366
TC-00038306,adulto_mayor,Mixco,true,,UPDATE,27322
TC-00038310,trabajador,Santa Catarina Pinula,true,,UPDATE,25860
TC-00038312,adulto_mayor,Zona 12,true,,UPDATE,18247
TC-00038314,,,false,2026-06-01 08:30:00,DELETE,631
TC-00038317,trabajador,Zona 8,true,,UPDATE,18982
TC-00038319,general,Mixco,true,,INSERT,9709
TC-00038320,trabajador,Zona 9,true,,UPDATE,14820
TC-00038324,estudiante,Zona 13,true,,INSERT,28521
TC-00038325,,,false,2026-06-02 19:12:00,DELETE,1325
TC-00038326,trabajador,Santa Catarina Pinula,true,,UPDATE,1205
TC-00038327,adulto_mayor,Zona 6,true,,INSERT,20063
TC-00038335,trabajador,Zona 1,true,,INSERT,20155
TC-00038344,general,Zona 6,true,,INSERT,19550
TC-00038345,estudiante,Zona 13,true,,UPDATE,10253
TC-00038346,estudiante,Zona 4,true,,INSERT,7018
TC-00038347,general,Zona 11,true,,INSERT,8371
TC-00038349,trabajador,Zona 18,true,,INSERT,3676
TC-00038352,adulto_mayor,Zona 8,true,,UPDATE,19730
TC-00038355,estudiante,Zona 7,true,,INSERT,13199
TC-00038358,adulto_mayor,Zona 4,true,,UPDATE,3288
TC-00038361,general,Zona 10,true,,UPDATE,21064
TC-00038363,,,false,2026-07-09 05:12:00,DELETE,26883
TC-00038367,general,Mixco,true,,UPDATE,5800
TC-00038370,trabajador,Zona 18,true,,INSERT,30517
TC-00038371,trabajador,Santa Catarina Pinula,true,,INSERT,16565
TC-00038383,adulto_mayor,Zona 9,true,,UPDATE,24645
TC-00038387,estudiante,Zona 10,true,,UPDATE,11428
TC-00038392,estudiante,Zona 18,true,,INSERT,2184
TC-00038400,adulto_mayor,Zona 1,true,,UPDATE,18197
TC-00038402,adulto_mayor,San Miguel Petapa,true,,UPDATE,25227
TC-00038403,trabajador,Santa Catarina Pinula,true,,UPDATE,5178
TC-00038404,general,Zona 8,true,,INSERT,11252
TC-00038411,adulto_mayor,Villa Nueva,true,,UPDATE,30788
TC-00038415,adulto_mayor,Zona 9,true,,INSERT,8463
TC-00038417,estudiante,Zona 4,true,,INSERT,28457
TC-00038418,estudiante,Zona 7,true,,UPDATE,30657
TC-00038420,general,Zona 13,true,,UPDATE,12954
TC-00038423,general,Zona 11,true,,UPDATE,22414
TC-00038424,trabajador,Zona 7,true,,INSERT,13893
TC-00038427,estudiante,Zona 9,true,,UPDATE,27360
TC-00038428,estudiante,Santa Catarina Pinula,true,,UPDATE,27289
TC-00038437,estudiante,Zona 17,true,,INSERT,30588
TC-00038442,estudiante,Zona 7,true,,UPDATE,951
TC-00038445,trabajador,Zona 8,true,,UPDATE,25412
TC-00038450,general,Santa Catarina Pinula,true,,UPDATE,24681
TC-00038452,adulto_mayor,Villa Nueva,true,,UPDATE,19159
TC-00038453,adulto_mayor,Zona 12,true,,UPDATE,26726
TC-00038473,general,Zona 1,true,,UPDATE,18314
TC-00038474,,,false,2026-06-18 12:49:00,DELETE,12397
TC-00038478,general,Santa Catarina Pinula,true,,INSERT,19375
TC-00038479,trabajador,Zona 7,true,,UPDATE,21735
TC-00038483,adulto_mayor,Zona 10,true,,UPDATE,18881
TC-00038484,,,false,2026-07-04 01:18:00,DELETE,23423
TC-00038488,adulto_mayor,Zona 17,true,,UPDATE,11631
TC-00038493,general,Zona 18,true,,UPDATE,25420
TC-00038498,trabajador,Zona 6,true,,INSERT,2210
TC-00038500,estudiante,Zona 18,true,,UPDATE,4406
TC-00038501,,,false,2026-06-18 13:05:00,DELETE,12395
TC-00038502,general,Zona 10,true,,UPDATE,3035
TC-00038503,estudiante,Zona 4,true,,UPDATE,21216
TC-00038505,adulto_mayor,Zona 10,true,,UPDATE,14835
TC-00038506,trabajador,Zona 11,true,,UPDATE,13685
TC-00038508,adulto_mayor,Zona 12,true,,UPDATE,9499
TC-00038511,estudiante,Zona 7,true,,UPDATE,7924
TC-00038512,adulto_mayor,Zona 13,true,,UPDATE,5086
TC-00038520,estudiante,Zona 17,true,,UPDATE,6761
TC-00038522,,,false,2026-06-01 19:24:00,DELETE,603
TC-00038526,adulto_mayor,Zona 1,true,,UPDATE,8645
TC-00038527,general,Zona 12,true,,INSERT,2874
TC-00038529,general,Zona 10,true,,INSERT,6268
TC-00038531,adulto_mayor,Villa Nueva,true,,UPDATE,10230
TC-00038535,general,Zona 7,true,,UPDATE,27998
TC-00038536,trabajador,Zona 10,true,,INSERT,13197
TC-00038539,trabajador,Zona 11,true,,INSERT,22900
TC-00038542,trabajador,Zona 9,true,,INSERT,22950
TC-00038543,adulto_mayor,Zona 7,true,,UPDATE,8670
TC-00038545,adulto_mayor,San Miguel Petapa,true,,UPDATE,3227
TC-00038550,adulto_mayor,Zona 7,true,,UPDATE,25993
TC-00038552,trabajador,Zona 13,true,,INSERT,22083
TC-00038554,estudiante,Villa Nueva,true,,UPDATE,22538
TC-00038556,trabajador,Zona 6,true,,INSERT,10395
TC-00038570,estudiante,Zona 8,true,,UPDATE,1005
TC-00038574,estudiante,San Miguel Petapa,true,,INSERT,11187
TC-00038580,general,Zona 6,true,,UPDATE,5785
TC-00038582,estudiante,Villa Nueva,true,,UPDATE,21730
TC-00038586,,,false,2026-06-24 07:33:00,DELETE,16558
TC-00038587,adulto_mayor,Zona 17,true,,UPDATE,16446
TC-00038591,estudiante,Zona 12,true,,INSERT,26930
TC-00038592,estudiante,Mixco,true,,UPDATE,27156
TC-00038594,adulto_mayor,Zona 13,true,,UPDATE,13414
TC-00038595,trabajador,Zona 4,true,,INSERT,17325
TC-00038599,trabajador,Zona 11,false,2026-07-13 09:59:00,DELETE,29613
TC-00038600,trabajador,Zona 6,true,,UPDATE,30756
TC-00038604,estudiante,Zona 9,true,,UPDATE,5193
TC-00038606,general,Zona 11,true,,INSERT,28483
TC-00038609,trabajador,San Miguel Petapa,true,,UPDATE,1060
TC-00038611,adulto_mayor,Zona 17,true,,UPDATE,21036
TC-00038612,trabajador,Mixco,true,,INSERT,29847
TC-00038616,adulto_mayor,Zona 12,true,,UPDATE,26672
TC-00038619,,,false,2026-06-25 12:29:00,DELETE,17168
TC-00038620,adulto_mayor,Zona 18,true,,UPDATE,24516
TC-00038621,general,Zona 10,true,,INSERT,18758
TC-00038622,trabajador,Zona 7,true,,INSERT,13163
TC-00038625,general,Santa Catarina Pinula,true,,INSERT,17281
TC-00038628,general,Zona 7,true,,UPDATE,21956
TC-00038631,trabajador,Zona 18,true,,INSERT,2205
TC-00038634,general,Villa Nueva,true,,UPDATE,21697
TC-00038639,general,Zona 10,true,,UPDATE,27430
TC-00038641,trabajador,Santa Catarina Pinula,true,,INSERT,27757
TC-00038647,trabajador,Santa Catarina Pinula,true,,INSERT,4377
TC-00038649,adulto_mayor,Zona 1,true,,UPDATE,19063
TC-00038651,adulto_mayor,San Miguel Petapa,true,,INSERT,15941
TC-00038654,general,Zona 4,true,,UPDATE,19843
TC-00038656,,,false,2026-06-10 13:34:00,DELETE,6878
TC-00038664,general,Zona 9,false,2026-07-09 11:20:00,DELETE,26897
TC-00038668,general,Zona 4,true,,UPDATE,15707
TC-00038674,general,Zona 12,true,,INSERT,23524
TC-00038676,estudiante,Zona 12,true,,UPDATE,10871
TC-00038679,trabajador,San Miguel Petapa,true,,UPDATE,10150
TC-00038687,general,Zona 12,true,,UPDATE,11469
TC-00038689,adulto_mayor,Zona 10,true,,UPDATE,28627
TC-00038690,trabajador,Zona 18,true,,INSERT,10480
TC-00038695,,,false,2026-07-05 12:38:00,DELETE,24133
TC-00038705,adulto_mayor,Zona 11,true,,INSERT,13808
TC-00038708,adulto_mayor,Zona 11,true,,UPDATE,20270
TC-00038710,estudiante,Zona 11,true,,UPDATE,25351
TC-00038721,trabajador,Zona 10,true,,INSERT,18707
TC-00038723,estudiante,Zona 11,true,,UPDATE,21680
TC-00038729,trabajador,Zona 1,true,,UPDATE,23065
TC-00038731,estudiante,Zona 11,true,,UPDATE,1768
TC-00038738,estudiante,Zona 10,true,,INSERT,17975
TC-00038745,trabajador,Santa Catarina Pinula,true,,INSERT,19363
TC-00038748,trabajador,Zona 13,true,,INSERT,30365
TC-00038754,trabajador,Zona 12,true,,INSERT,17341
TC-00038756,trabajador,Zona 1,true,,INSERT,10554
TC-00038761,estudiante,Zona 12,true,,INSERT,6387
TC-00038764,adulto_mayor,Zona 7,true,,UPDATE,7998
TC-00038771,,,false,2026-06-16 11:45:00,DELETE,11015
TC-00038773,trabajador,Zona 6,true,,UPDATE,30690
TC-00038780,adulto_mayor,Zona 1,true,,UPDATE,26534
TC-00038783,estudiante,Villa Nueva,true,,INSERT,29682
TC-00038798,,,false,2026-07-12 02:17:00,DELETE,28943
TC-00038807,estudiante,Zona 6,true,,UPDATE,17586
TC-00038812,estudiante,Zona 7,true,,UPDATE,14924
TC-00038819,general,Villa Nueva,true,,UPDATE,21218
TC-00038820,adulto_mayor,Zona 6,true,,UPDATE,27155
TC-00038825,adulto_mayor,Zona 12,true,,UPDATE,16826
TC-00038841,adulto_mayor,Zona 10,true,,INSERT,10587
TC-00038849,estudiante,Zona 18,true,,UPDATE,300
TC-00038850,adulto_mayor,Mixco,true,,UPDATE,11464
TC-00038853,estudiante,Zona 10,true,,UPDATE,10024
TC-00038854,trabajador,Zona 9,true,,UPDATE,22440
TC-00038858,estudiante,Mixco,true,,UPDATE,22402
TC-00038862,trabajador,Zona 12,true,,INSERT,5611
TC-00038867,trabajador,Zona 4,true,,INSERT,12605
TC-00038869,estudiante,Zona 11,true,,INSERT,26246
TC-00038873,trabajador,Zona 18,true,,INSERT,16779
TC-00038874,estudiante,Zona 13,true,,UPDATE,1708
TC-00038880,trabajador,Villa Nueva,true,,UPDATE,6063
TC-00038886,trabajador,Zona 17,true,,UPDATE,13516
TC-00038887,adulto_mayor,Zona 8,true,,INSERT,11190
TC-00038888,trabajador,Zona 8,true,,INSERT,13846
TC-00038894,adulto_mayor,Zona 18,true,,UPDATE,29521
TC-00038895,trabajador,Zona 6,true,,UPDATE,30241
TC-00038906,trabajador,San Miguel Petapa,true,,UPDATE,26708
TC-00038907,estudiante,Zona 1,true,,UPDATE,7933
TC-00038914,trabajador,Zona 17,true,,INSERT,132
TC-00038918,general,Zona 12,true,,UPDATE,11571
TC-00038920,general,Zona 12,true,,UPDATE,17155
TC-00038923,trabajador,Zona 8,true,,INSERT,19378
TC-00038928,adulto_mayor,Santa Catarina Pinula,true,,UPDATE,17635
TC-00038932,,,false,2026-06-23 04:42:00,DELETE,15800
TC-00038933,estudiante,Zona 1,true,,UPDATE,28792
TC-00038934,general,Zona 7,true,,INSERT,11794
TC-00038938,trabajador,Zona 1,true,,INSERT,22102
TC-00038939,general,Mixco,true,,UPDATE,6111
TC-00038940,estudiante,Zona 18,false,2026-06-09 16:28:00,DELETE,6144
TC-00038942,general,Zona 11,true,,INSERT,30432
TC-00038955,trabajador,Zona 18,true,,INSERT,20087
TC-00038960,general,Zona 13,true,,INSERT,23000
TC-00038965,,,false,2026-06-17 21:28:00,DELETE,11687
TC-00038970,trabajador,Zona 1,true,,INSERT,29691
TC-00038972,trabajador,Zona 4,true,,INSERT,2256
TC-00038975,trabajador,Zona 12,true,,INSERT,6957
TC-00038978,general,San Miguel Petapa,true,,UPDATE,30855
TC-00038980,estudiante,Zona 1,true,,INSERT,6450
TC-00038981,general,Zona 9,true,,INSERT,4867
TC-00038982,trabajador,Zona 1,true,,UPDATE,2669
TC-00038985,general,Zona 4,true,,INSERT,24860
TC-00038987,adulto_mayor,Zona 6,true,,UPDATE,11343
TC-00038990,trabajador,Zona 18,true,,INSERT,28499
TC-00038991,estudiante,Zona 7,true,,UPDATE,13567
TC-00038992,trabajador,Zona 1,true,,INSERT,7686
TC-00039000,adulto_mayor,Zona 4,true,,UPDATE,3325
TC-00039002,,,false,2026-07-04 13:48:00,DELETE,23407
TC-00039004,general,Zona 1,true,,UPDATE,15048
TC-00039010,trabajador,Zona 1,true,,INSERT,29000
TC-00039011,trabajador,Zona 17,true,,INSERT,20751
TC-00039020,general,San Miguel Petapa,true,,UPDATE,11629
TC-00039021,adulto_mayor,Villa Nueva,true,,UPDATE,29228
TC-00039027,general,Santa Catarina Pinula,true,,UPDATE,7349
TC-00039030,trabajador,Zona 1,true,,UPDATE,23841
TC-00039036,estudiante,Zona 9,true,,UPDATE,19223
TC-00039038,estudiante,Zona 1,true,,UPDATE,1711
TC-00039040,trabajador,Zona 7,true,,UPDATE,477
TC-00039041,trabajador,Zona 7,true,,INSERT,28363
TC-00039042,,,false,2026-07-05 22:21:00,DELETE,24073
TC-00039047,adulto_mayor,Zona 10,true,,INSERT,19529
TC-00039048,estudiante,Zona 1,true,,INSERT,18074
TC-00039050,estudiante,Zona 8,true,,INSERT,14625
TC-00039053,,,false,2026-07-15 10:01:00,DELETE,31040
TC-00039057,trabajador,Zona 4,true,,UPDATE,22530
TC-00039060,adulto_mayor,Zona 8,true,,UPDATE,3873
TC-00039062,trabajador,Zona 7,true,,INSERT,21443
TC-00039067,trabajador,Zona 12,true,,UPDATE,9425
TC-00039069,trabajador,Zona 7,true,,UPDATE,24634
TC-00039071,general,Villa Nueva,true,,UPDATE,18940
TC-00039072,general,Zona 9,true,,UPDATE,12285
TC-00039077,estudiante,Zona 1,true,,UPDATE,18372
TC-00039080,general,Zona 17,true,,INSERT,13272
TC-00039094,,,false,2026-07-01 15:55:00,DELETE,21373
TC-00039105,estudiante,Zona 7,true,,UPDATE,4461
TC-00039112,trabajador,Zona 11,true,,INSERT,15381
TC-00039113,,,false,2026-06-21 10:30:00,DELETE,14407
TC-00039114,estudiante,Zona 8,true,,UPDATE,14044
TC-00039117,estudiante,San Miguel Petapa,true,,INSERT,2248
TC-00039118,,,false,2026-06-28 09:14:00,DELETE,19309
TC-00039120,,,false,2026-06-04 12:40:00,DELETE,2733
TC-00039121,estudiante,Villa Nueva,true,,UPDATE,18450
TC-00039124,trabajador,Zona 13,true,,INSERT,6289
TC-00039125,estudiante,Villa Nueva,true,,UPDATE,15489
TC-00039133,general,Zona 10,true,,UPDATE,29235
TC-00039134,,,false,2026-06-25 17:29:00,DELETE,17185
TC-00039144,,,false,2026-06-05 14:47:00,DELETE,3445
TC-00039149,general,Zona 1,true,,UPDATE,470
TC-00039151,general,Zona 11,true,,UPDATE,14169
TC-00039155,trabajador,Zona 11,true,,INSERT,5759
TC-00039159,estudiante,Zona 6,true,,UPDATE,25424
TC-00039161,estudiante,Villa Nueva,true,,UPDATE,30721
TC-00039164,trabajador,Zona 9,false,2026-07-06 00:49:00,DELETE,24823
TC-00039173,adulto_mayor,San Miguel Petapa,true,,UPDATE,30101
TC-00039175,estudiante,Zona 18,true,,UPDATE,24464
TC-00039177,,,false,2026-06-10 04:16:00,DELETE,6873
TC-00039178,,,false,2026-07-05 10:42:00,DELETE,24150
TC-00039179,trabajador,San Miguel Petapa,true,,INSERT,4372
TC-00039181,estudiante,Zona 1,true,,UPDATE,16404
TC-00039182,estudiante,Villa Nueva,true,,UPDATE,24683
TC-00039189,adulto_mayor,Zona 7,true,,UPDATE,9485
TC-00039191,,,false,2026-07-04 06:40:00,DELETE,23373
TC-00039195,estudiante,Zona 12,true,,UPDATE,27854
TC-00039200,,,false,2026-06-15 19:29:00,DELETE,10335
TC-00039203,adulto_mayor,Zona 9,true,,UPDATE,7147
TC-00039210,trabajador,Zona 6,true,,INSERT,22970
TC-00039219,general,Villa Nueva,true,,UPDATE,576
TC-00039220,trabajador,Zona 4,true,,INSERT,18012
TC-00039227,trabajador,Zona 13,true,,INSERT,17466
TC-00039233,,,false,2026-06-01 01:07:00,DELETE,638
TC-00039237,general,Zona 4,true,,UPDATE,20430
TC-00039239,estudiante,Zona 10,true,,UPDATE,30763
TC-00039241,general,Mixco,false,2026-06-14 15:16:00,DELETE,9578
TC-00039242,trabajador,Zona 7,true,,INSERT,29086
TC-00039246,trabajador,Zona 8,true,,INSERT,11095
TC-00039248,general,Zona 11,true,,UPDATE,27852
TC-00039251,trabajador,Zona 1,true,,INSERT,28328
TC-00039256,trabajador,Mixco,true,,UPDATE,26520
TC-00039258,estudiante,Mixco,true,,UPDATE,28860
TC-00039259,general,Zona 12,true,,UPDATE,26683
TC-00039262,adulto_mayor,Zona 6,true,,UPDATE,30058
TC-00039264,trabajador,Zona 6,true,,UPDATE,27162
TC-00039265,trabajador,Santa Catarina Pinula,true,,INSERT,25033
TC-00039267,,,false,2026-06-14 02:07:00,DELETE,9610
TC-00039269,general,Zona 11,true,,UPDATE,18474
TC-00039270,,,false,2026-06-30 07:03:00,DELETE,20692
TC-00039276,trabajador,Zona 4,true,,INSERT,18162
TC-00039277,,,false,2026-06-15 05:45:00,DELETE,10299
TC-00039278,general,Mixco,true,,UPDATE,4676
TC-00039279,,,false,2026-07-02 20:35:00,DELETE,22048
TC-00039281,trabajador,San Miguel Petapa,true,,UPDATE,21208
TC-00039292,estudiante,Zona 13,true,,UPDATE,30007
TC-00039293,general,Santa Catarina Pinula,true,,UPDATE,27373
TC-00039297,general,Villa Nueva,true,,UPDATE,24016
TC-00039298,trabajador,Santa Catarina Pinula,true,,INSERT,11869
TC-00039301,general,Zona 4,true,,UPDATE,30653
TC-00039306,estudiante,Zona 4,true,,INSERT,30404
TC-00039315,adulto_mayor,San Miguel Petapa,true,,UPDATE,2393
TC-00039322,adulto_mayor,Mixco,true,,UPDATE,23807
TC-00039324,trabajador,San Miguel Petapa,true,,INSERT,18004
TC-00039326,,,false,2026-06-28 23:01:00,DELETE,19267
TC-00039328,general,Zona 6,true,,INSERT,16016
TC-00039332,trabajador,Zona 10,true,,UPDATE,20311
TC-00039334,adulto_mayor,Villa Nueva,true,,UPDATE,6725
TC-00039337,estudiante,Zona 7,true,,UPDATE,19844
TC-00039341,trabajador,Santa Catarina Pinula,true,,INSERT,21584
TC-00039346,,,false,2026-06-07 04:00:00,DELETE,4750
TC-00039348,adulto_mayor,Zona 8,true,,UPDATE,16295
TC-00039349,,,false,2026-06-07 09:06:00,DELETE,4800
TC-00039350,trabajador,Zona 4,true,,INSERT,22782
TC-00039354,general,Zona 11,true,,UPDATE,25827
TC-00039357,,,false,2026-07-02 21:38:00,DELETE,22041
TC-00039358,estudiante,Zona 17,true,,UPDATE,28585
TC-00039360,estudiante,Zona 18,true,,INSERT,20024
TC-00039365,estudiante,Zona 13,true,,UPDATE,21725
TC-00039371,trabajador,Zona 9,true,,INSERT,23559
TC-00039379,trabajador,Zona 6,true,,UPDATE,21164
TC-00039383,trabajador,Zona 4,true,,INSERT,12614
TC-00039386,general,Villa Nueva,true,,INSERT,2146
TC-00039390,trabajador,Mixco,true,,INSERT,16109
TC-00039397,trabajador,Zona 1,true,,UPDATE,14951
TC-00039401,trabajador,San Miguel Petapa,true,,INSERT,27794
TC-00039404,general,Zona 7,true,,INSERT,16797
TC-00039408,trabajador,San Miguel Petapa,true,,INSERT,10542
TC-00039409,adulto_mayor,Villa Nueva,true,,UPDATE,8103
TC-00039420,estudiante,Santa Catarina Pinula,true,,INSERT,22905
TC-00039422,trabajador,Zona 17,true,,INSERT,11042
TC-00039423,trabajador,Zona 18,true,,UPDATE,30845
TC-00039425,general,Santa Catarina Pinula,true,,UPDATE,24716
TC-00039427,general,Zona 1,true,,UPDATE,11525
TC-00039428,trabajador,Zona 1,true,,INSERT,18040
TC-00039430,adulto_mayor,Zona 18,true,,UPDATE,12084
TC-00039431,general,Zona 8,true,,UPDATE,12176
TC-00039435,trabajador,Zona 1,true,,INSERT,14677
TC-00039437,general,Zona 4,true,,UPDATE,10898
TC-00039438,,,false,2026-06-24 21:47:00,DELETE,16531
TC-00039443,estudiante,Villa Nueva,true,,INSERT,183
TC-00039444,estudiante,Zona 1,true,,UPDATE,7214
TC-00039455,trabajador,Zona 1,true,,UPDATE,20457
TC-00039457,trabajador,Zona 17,true,,UPDATE,466
TC-00039466,adulto_mayor,Zona 7,true,,INSERT,25577
TC-00039470,estudiante,Zona 9,true,,INSERT,27769
TC-00039474,,,false,2026-06-19 09:41:00,DELETE,13075
TC-00039478,adulto_mayor,Zona 8,true,,INSERT,14516
TC-00039492,general,Zona 7,true,,UPDATE,7263
TC-00039494,estudiante,Zona 6,true,,INSERT,10505
TC-00039496,general,Villa Nueva,true,,UPDATE,16912
TC-00039499,general,Santa Catarina Pinula,true,,UPDATE,9349
TC-00039504,estudiante,Zona 10,true,,UPDATE,14168
TC-00039510,general,Zona 6,true,,UPDATE,8657
TC-00039514,general,Zona 1,true,,UPDATE,30902
TC-00039518,general,Zona 13,true,,UPDATE,3287
TC-00039521,trabajador,Zona 11,true,,INSERT,5581
TC-00039533,trabajador,Zona 6,true,,INSERT,9820
TC-00039534,,,false,2026-07-15 22:36:00,DELETE,31024
TC-00039537,trabajador,Zona 11,true,,UPDATE,13635
TC-00039543,,,false,2026-07-04 17:30:00,DELETE,23409
TC-00039546,,,false,2026-06-07 02:47:00,DELETE,4754
TC-00039548,estudiante,Zona 11,true,,UPDATE,6489
TC-00039549,general,Zona 13,true,,INSERT,6437
TC-00039550,trabajador,Zona 13,true,,UPDATE,3291
TC-00039551,trabajador,Zona 1,true,,UPDATE,20307
TC-00039557,adulto_mayor,Zona 17,true,,INSERT,18747
TC-00039558,trabajador,Zona 1,true,,UPDATE,16910
TC-00039561,estudiante,Zona 10,true,,UPDATE,23168
TC-00039566,trabajador,Villa Nueva,true,,INSERT,22819
TC-00039568,trabajador,Zona 17,false,2026-07-08 19:33:00,DELETE,26208
TC-00039569,trabajador,Zona 17,false,2026-06-22 18:01:00,DELETE,15152
TC-00039581,trabajador,Santa Catarina Pinula,true,,INSERT,18845
TC-00039584,general,Zona 17,true,,UPDATE,15643
TC-00039585,adulto_mayor,Zona 13,true,,UPDATE,23768
TC-00039590,adulto_mayor,Zona 18,false,2026-07-03 08:01:00,DELETE,22704
TC-00039591,general,Mixco,true,,UPDATE,18944
TC-00039594,trabajador,Zona 8,true,,INSERT,3497
TC-00039595,trabajador,Zona 7,true,,INSERT,29795
TC-00039600,,,false,2026-06-07 18:03:00,DELETE,4775
TC-00039611,estudiante,Zona 12,true,,INSERT,5066
TC-00039625,adulto_mayor,San Miguel Petapa,true,,UPDATE,1274
TC-00039627,estudiante,Mixco,true,,UPDATE,4472
TC-00039631,estudiante,Zona 10,true,,INSERT,11223
TC-00039638,general,Zona 9,true,,UPDATE,16899
TC-00039641,adulto_mayor,San Miguel Petapa,true,,INSERT,28296
TC-00039643,estudiante,San Miguel Petapa,true,,UPDATE,4602
TC-00039645,general,Zona 11,true,,UPDATE,2532
TC-00039646,adulto_mayor,Mixco,true,,UPDATE,16352
TC-00039647,adulto_mayor,Zona 11,true,,UPDATE,26569
TC-00039648,general,Zona 7,true,,UPDATE,16470
TC-00039649,trabajador,Zona 12,true,,UPDATE,24506
TC-00039657,estudiante,Zona 18,true,,UPDATE,19178
TC-00039658,general,Zona 7,true,,UPDATE,19703
TC-00039661,estudiante,Zona 1,true,,UPDATE,20358
TC-00039668,general,Zona 4,true,,UPDATE,13512
TC-00039669,adulto_mayor,Zona 18,true,,UPDATE,23909
TC-00039671,trabajador,Zona 13,true,,UPDATE,10756
TC-00039675,trabajador,Zona 4,true,,INSERT,29771
TC-00039676,estudiante,Zona 1,true,,INSERT,17255
TC-00039677,adulto_mayor,Zona 11,true,,UPDATE,20291
TC-00039678,trabajador,Zona 4,true,,UPDATE,18508
TC-00039683,adulto_mayor,Zona 10,true,,INSERT,20710
TC-00039691,estudiante,Zona 6,true,,UPDATE,2428
TC-00039695,trabajador,Zona 18,true,,UPDATE,8810
TC-00039702,adulto_mayor,Mixco,true,,UPDATE,23066
TC-00039705,estudiante,Mixco,true,,INSERT,18656
TC-00039707,general,Santa Catarina Pinula,true,,INSERT,27786
TC-00039711,trabajador,Zona 18,true,,INSERT,5553
TC-00039712,estudiante,Mixco,true,,UPDATE,26540
TC-00039721,general,Zona 6,true,,INSERT,4308
TC-00039722,adulto_mayor,Santa Catarina Pinula,true,,UPDATE,14081
TC-00039725,general,Zona 13,true,,UPDATE,23997
TC-00039729,trabajador,Zona 11,true,,UPDATE,7958
TC-00039736,estudiante,Zona 7,true,,UPDATE,22457
TC-00039739,estudiante,Zona 7,true,,INSERT,12453
TC-00039742,adulto_mayor,Zona 6,true,,UPDATE,5077
TC-00039744,trabajador,Mixco,true,,INSERT,29005
TC-00039746,estudiante,Zona 10,true,,UPDATE,15736
TC-00039750,trabajador,Zona 9,true,,INSERT,22796
TC-00039751,estudiante,Zona 1,true,,INSERT,26420
TC-00039754,adulto_mayor,Zona 17,true,,UPDATE,19600
TC-00039759,,,false,2026-07-04 00:44:00,DELETE,23436
TC-00039762,estudiante,Zona 4,true,,UPDATE,18302
TC-00039767,adulto_mayor,Zona 12,true,,UPDATE,27488
TC-00039774,estudiante,Villa Nueva,true,,INSERT,1480
TC-00039775,general,Mixco,true,,UPDATE,10082
TC-00039779,general,Zona 12,true,,UPDATE,19609
TC-00039782,adulto_mayor,Mixco,true,,UPDATE,28038
TC-00039784,general,Zona 8,true,,UPDATE,1250
TC-00039791,trabajador,Zona 4,true,,UPDATE,4523
TC-00039793,estudiante,Zona 7,true,,UPDATE,14989
TC-00039800,trabajador,Zona 6,true,,UPDATE,30718
TC-00039801,general,Santa Catarina Pinula,true,,UPDATE,20980
TC-00039802,general,Zona 10,true,,UPDATE,1946
TC-00039803,estudiante,Zona 17,true,,UPDATE,16154
TC-00039806,,,false,2026-06-25 07:04:00,DELETE,17198
TC-00039810,general,Zona 11,true,,INSERT,24933
TC-00039811,trabajador,Zona 11,true,,UPDATE,9968
TC-00039813,estudiante,Zona 18,true,,UPDATE,1010
TC-00039817,,,false,2026-07-13 08:48:00,DELETE,29650
TC-00039819,,,false,2026-06-03 21:28:00,DELETE,2060
TC-00039823,estudiante,Zona 10,true,,UPDATE,11603
TC-00039825,trabajador,Zona 17,true,,INSERT,5047
TC-00039826,trabajador,Zona 4,true,,INSERT,23513
TC-00039829,adulto_mayor,Zona 12,true,,INSERT,20758
TC-00039830,estudiante,Villa Nueva,true,,INSERT,13174
TC-00039831,general,Zona 11,true,,INSERT,4159
TC-00039832,adulto_mayor,Zona 18,true,,INSERT,29073
TC-00039837,adulto_mayor,Santa Catarina Pinula,true,,UPDATE,13646
TC-00039841,trabajador,Zona 18,false,2026-07-05 23:29:00,DELETE,24069
TC-00039842,trabajador,Mixco,true,,INSERT,27147
TC-00039845,trabajador,Zona 1,true,,INSERT,25051
TC-00039846,general,Zona 13,true,,INSERT,5009
TC-00039847,trabajador,Zona 9,true,,INSERT,7728
TC-00039851,estudiante,Villa Nueva,true,,UPDATE,30610
TC-00039852,,,false,2026-07-03 01:52:00,DELETE,22760
TC-00039858,estudiante,Zona 7,true,,UPDATE,23821
TC-00039862,,,false,2026-07-06 16:35:00,DELETE,24805
TC-00039867,general,Zona 7,true,,UPDATE,15423
TC-00039868,estudiante,Zona 9,true,,UPDATE,18328
TC-00039872,trabajador,Zona 13,true,,INSERT,20900
TC-00039873,general,Zona 10,true,,UPDATE,1273
TC-00039875,estudiante,Zona 1,true,,INSERT,24256
TC-00039877,general,Zona 1,true,,UPDATE,7871
TC-00039879,,,false,2026-07-12 06:10:00,DELETE,28902
TC-00039880,general,Santa Catarina Pinula,true,,UPDATE,28147
TC-00039881,,,false,2026-06-17 05:43:00,DELETE,11675
TC-00039882,general,Zona 18,true,,UPDATE,18929
TC-00039883,trabajador,Santa Catarina Pinula,true,,UPDATE,23113
TC-00039884,estudiante,Villa Nueva,true,,UPDATE,25304
TC-00039886,estudiante,Villa Nueva,true,,UPDATE,6582
TC-00039887,general,Zona 12,true,,UPDATE,4403
TC-00039889,adulto_mayor,Zona 17,true,,UPDATE,21945
TC-00039899,estudiante,Zona 1,true,,UPDATE,13616
TC-00039900,general,Zona 10,true,,UPDATE,3027
TC-00039901,estudiante,Zona 11,true,,INSERT,23685
TC-00039902,estudiante,Zona 6,true,,UPDATE,21911
TC-00039911,trabajador,Villa Nueva,true,,INSERT,11120
TC-00039913,general,Zona 18,true,,INSERT,18129
TC-00039919,trabajador,Zona 4,true,,INSERT,9778
TC-00039922,estudiante,Zona 7,true,,UPDATE,26554
TC-00039924,adulto_mayor,Santa Catarina Pinula,true,,UPDATE,25888
TC-00039926,general,Zona 13,true,,UPDATE,6044
TC-00039928,trabajador,Zona 13,true,,INSERT,24852
TC-00039933,estudiante,Zona 4,false,2026-06-15 05:33:00,DELETE,10347
TC-00039939,estudiante,Zona 11,true,,UPDATE,27860
TC-00039945,adulto_mayor,Zona 12,true,,UPDATE,19619
TC-00039951,adulto_mayor,Zona 17,true,,UPDATE,21170
TC-00039953,trabajador,Zona 9,true,,UPDATE,10139
TC-00039954,general,Santa Catarina Pinula,true,,INSERT,22212
TC-00039957,general,Santa Catarina Pinula,true,,INSERT,26408
TC-00039958,trabajador,Villa Nueva,true,,INSERT,23695
TC-00039963,general,Zona 8,true,,INSERT,14679
TC-00039964,trabajador,Zona 9,true,,INSERT,11937
TC-00039981,trabajador,Zona 4,true,,UPDATE,6630
TC-00039982,estudiante,Zona 10,true,,UPDATE,23992
TC-00039983,trabajador,Zona 13,true,,INSERT,2284
TC-00039986,adulto_mayor,Zona 7,true,,UPDATE,24622
TC-00039987,adulto_mayor,Zona 8,true,,INSERT,721
TC-00039988,general,Zona 6,true,,UPDATE,23255
TC-00039994,trabajador,Zona 9,true,,INSERT,9880
TC-00039997,estudiante,Santa Catarina Pinula,true,,INSERT,19458
TC-00040000,general,San Miguel Petapa,true,,UPDATE,29351
TC-00040001,estudiante,Mixco,true,,UPDATE,25161
TC-00040007,general,Zona 18,true,,UPDATE,955
TC-00040011,estudiante,Zona 9,true,,INSERT,2224
TC-00040012,,,false,2026-06-05 10:32:00,DELETE,3419
TC-00040014,general,Santa Catarina Pinula,true,,UPDATE,16343
TC-00040019,estudiante,Zona 1,true,,UPDATE,17027
TC-00040025,trabajador,Zona 12,true,,INSERT,18704
TC-00040031,trabajador,Villa Nueva,true,,INSERT,17415
TC-00040032,general,Zona 9,true,,UPDATE,2445
TC-00040033,estudiante,Zona 9,true,,UPDATE,15063
TC-00040035,,,false,2026-07-13 06:33:00,DELETE,29646
TC-00040038,trabajador,Mixco,true,,UPDATE,19053
TC-00040043,estudiante,Zona 8,true,,UPDATE,22374
TC-00040046,,,false,2026-06-27 01:09:00,DELETE,18569
TC-00040047,general,Zona 18,true,,UPDATE,1899
TC-00040049,trabajador,Zona 18,true,,UPDATE,11992
TC-00040053,trabajador,Zona 13,true,,UPDATE,17633
TC-00040054,general,San Miguel Petapa,true,,UPDATE,11447
TC-00040062,general,Zona 4,true,,UPDATE,25266
TC-00040072,general,Zona 11,true,,UPDATE,26124
TC-00040073,general,Zona 8,true,,UPDATE,19661
TC-00040074,,,false,2026-06-01 04:20:00,DELETE,645
TC-00040075,general,Zona 10,true,,UPDATE,10708
TC-00040078,adulto_mayor,Zona 10,true,,UPDATE,30152
TC-00040080,trabajador,Zona 7,true,,INSERT,16691
TC-00040083,adulto_mayor,Zona 6,true,,UPDATE,26819
TC-00040088,trabajador,Zona 12,true,,UPDATE,20572
TC-00040090,estudiante,Zona 18,true,,UPDATE,481
TC-00040094,general,Santa Catarina Pinula,true,,INSERT,7010
TC-00040095,,,false,2026-06-18 00:03:00,DELETE,12360
TC-00040097,estudiante,Zona 10,true,,UPDATE,11561
TC-00040101,adulto_mayor,Villa Nueva,true,,UPDATE,3771
TC-00040102,trabajador,Zona 10,true,,INSERT,2134
TC-00040104,general,Zona 10,true,,UPDATE,19724
TC-00040105,trabajador,Villa Nueva,true,,UPDATE,2581
TC-00040108,general,Santa Catarina Pinula,true,,UPDATE,10048
TC-00040111,adulto_mayor,Zona 7,true,,UPDATE,18455
TC-00040112,estudiante,San Miguel Petapa,true,,INSERT,15215
TC-00040113,estudiante,Zona 7,true,,UPDATE,27478
TC-00040115,trabajador,Zona 17,true,,UPDATE,30250
TC-00040116,general,Zona 18,true,,UPDATE,9272
TC-00040118,general,Zona 4,true,,UPDATE,12240
TC-00040123,trabajador,Zona 10,true,,UPDATE,6495
TC-00040125,general,Zona 18,false,2026-07-08 19:07:00,DELETE,26179
TC-00040126,trabajador,Zona 9,true,,UPDATE,29442
TC-00040128,trabajador,Zona 4,false,2026-07-04 17:37:00,DELETE,23374
TC-00040131,,,false,2026-07-14 09:24:00,DELETE,30351
TC-00040138,adulto_mayor,Zona 11,true,,UPDATE,1688
TC-00040140,trabajador,Zona 18,true,,UPDATE,19642
TC-00040148,trabajador,Zona 13,true,,INSERT,15398
TC-00040154,trabajador,Santa Catarina Pinula,false,2026-07-04 18:33:00,DELETE,23405
TC-00040155,general,Zona 7,true,,UPDATE,16244
TC-00040156,estudiante,Zona 8,true,,UPDATE,25244
TC-00040157,adulto_mayor,Zona 4,true,,UPDATE,23225
TC-00040158,adulto_mayor,Zona 17,true,,UPDATE,10873
TC-00040160,,,false,2026-06-27 06:38:00,DELETE,18562
TC-00040169,trabajador,Zona 18,true,,INSERT,29173
TC-00040170,estudiante,Zona 7,true,,INSERT,18796
TC-00040171,trabajador,Mixco,true,,UPDATE,5312
TC-00040172,general,Zona 10,true,,UPDATE,23354
TC-00040179,trabajador,Zona 8,true,,INSERT,22303
TC-00040187,general,Villa Nueva,true,,UPDATE,5875
TC-00040195,trabajador,Zona 12,true,,INSERT,1494
TC-00040202,trabajador,Zona 4,true,,INSERT,7653
TC-00040205,adulto_mayor,Zona 7,true,,UPDATE,17491
TC-00040206,general,Zona 8,true,,UPDATE,25335
TC-00040220,trabajador,Zona 18,true,,INSERT,21499
TC-00040224,trabajador,Zona 7,true,,UPDATE,25371
TC-00040225,trabajador,Zona 10,true,,INSERT,7769
TC-00040232,estudiante,Zona 17,true,,UPDATE,19683
TC-00040237,general,Zona 17,true,,INSERT,7719
TC-00040242,general,Zona 12,true,,UPDATE,15029
TC-00040244,trabajador,Zona 4,true,,UPDATE,23259
TC-00040246,trabajador,Zona 12,true,,INSERT,1506
TC-00040248,adulto_mayor,Zona 7,true,,UPDATE,20438
TC-00040260,trabajador,Zona 18,true,,INSERT,26947
TC-00040262,adulto_mayor,Zona 13,true,,UPDATE,18211
TC-00040263,general,Zona 9,true,,INSERT,26414
TC-00040264,estudiante,Zona 18,true,,INSERT,7112
TC-00040266,adulto_mayor,Zona 12,true,,UPDATE,21810
TC-00040268,trabajador,Zona 7,true,,INSERT,20189
TC-00040269,estudiante,San Miguel Petapa,true,,UPDATE,4450
TC-00040273,trabajador,Zona 11,true,,INSERT,13985
TC-00040279,,,false,2026-07-10 00:34:00,DELETE,27566
TC-00040282,estudiante,Zona 13,true,,INSERT,4926
TC-00040283,general,Zona 7,true,,INSERT,6322
TC-00040284,,,false,2026-06-12 05:09:00,DELETE,8255
TC-00040291,,,false,2026-07-05 17:12:00,DELETE,24111
TC-00040292,estudiante,Zona 1,true,,UPDATE,23096
TC-00040295,trabajador,Zona 13,true,,UPDATE,5290
TC-00040300,,,false,2026-06-14 15:19:00,DELETE,9597
TC-00040305,,,false,2026-06-01 21:07:00,DELETE,604
TC-00040306,general,Zona 8,true,,UPDATE,20424
TC-00040310,general,San Miguel Petapa,true,,UPDATE,3971
TC-00040312,adulto_mayor,Mixco,true,,UPDATE,29532
TC-00040315,adulto_mayor,Mixco,true,,UPDATE,30960
TC-00040317,trabajador,Zona 6,true,,INSERT,217
TC-00040320,general,San Miguel Petapa,true,,UPDATE,25843
TC-00040324,estudiante,Zona 8,true,,INSERT,6332
TC-00040329,general,Zona 9,true,,INSERT,27833
TC-00040336,,,false,2026-06-16 03:31:00,DELETE,10985
TC-00040342,general,Zona 8,true,,UPDATE,27320
TC-00040344,trabajador,Zona 12,true,,INSERT,13844
TC-00040346,trabajador,Zona 6,true,,INSERT,3673
TC-00040359,general,San Miguel Petapa,true,,INSERT,24986
TC-00040361,trabajador,Zona 17,true,,UPDATE,24576
TC-00040363,adulto_mayor,San Miguel Petapa,true,,UPDATE,1920
TC-00040365,trabajador,Zona 13,true,,INSERT,24847
TC-00040366,trabajador,Zona 18,true,,INSERT,26228
TC-00040369,trabajador,Zona 7,true,,INSERT,29215
TC-00040370,general,Villa Nueva,true,,UPDATE,2543
TC-00040379,trabajador,Zona 9,true,,INSERT,3472
TC-00040383,general,Mixco,true,,UPDATE,14969
TC-00040384,trabajador,Zona 13,true,,INSERT,9715
TC-00040385,,,false,2026-06-03 08:38:00,DELETE,2070
TC-00040390,general,Zona 13,false,2026-07-12 19:29:00,DELETE,28948
TC-00040398,general,Zona 13,true,,UPDATE,3761
TC-00040400,general,Zona 18,true,,UPDATE,24635
TC-00040403,trabajador,Zona 10,false,2026-07-09 13:05:00,DELETE,26878
TC-00040405,adulto_mayor,Zona 17,true,,UPDATE,4627
TC-00040409,adulto_mayor,Zona 9,true,,INSERT,11130
TC-00040412,adulto_mayor,Villa Nueva,false,2026-06-09 09:46:00,DELETE,6173
TC-00040413,,,false,2026-06-19 16:38:00,DELETE,13032
TC-00040416,estudiante,Zona 11,false,2026-07-14 05:26:00,DELETE,30272
TC-00040418,general,Zona 9,true,,UPDATE,22475
TC-00040420,trabajador,Mixco,true,,INSERT,5616
TC-00040421,general,Zona 1,true,,UPDATE,24489
TC-00040422,estudiante,Mixco,true,,UPDATE,30220
TC-00040423,trabajador,Zona 12,true,,INSERT,22870
TC-00040427,,,false,2026-06-16 21:46:00,DELETE,11038
TC-00040428,trabajador,Zona 1,true,,INSERT,7027
TC-00040431,,,false,2026-06-04 13:28:00,DELETE,2727
TC-00040437,trabajador,Zona 4,true,,INSERT,27130
TC-00040450,trabajador,Zona 6,true,,UPDATE,14139
TC-00040451,estudiante,Zona 8,true,,INSERT,9847
TC-00040452,estudiante,Mixco,true,,INSERT,20102
TC-00040453,estudiante,San Miguel Petapa,true,,UPDATE,20380
TC-00040455,trabajador,Santa Catarina Pinula,true,,INSERT,21438
TC-00040467,adulto_mayor,Mixco,true,,INSERT,22265
TC-00040470,general,Mixco,true,,UPDATE,26700
TC-00040471,,,false,2026-07-10 21:31:00,DELETE,27599
TC-00040472,adulto_mayor,Zona 17,true,,INSERT,24904
TC-00040474,general,Zona 17,true,,UPDATE,19752
TC-00040478,trabajador,San Miguel Petapa,true,,UPDATE,30246
TC-00040484,trabajador,Zona 1,true,,INSERT,21470
TC-00040485,trabajador,Zona 9,true,,INSERT,20134
TC-00040486,,,false,2026-07-15 21:11:00,DELETE,31003
TC-00040489,trabajador,Zona 12,true,,INSERT,9744
TC-00040490,,,false,2026-07-02 15:09:00,DELETE,22016
TC-00040495,general,Zona 13,true,,UPDATE,8157
TC-00040497,trabajador,Zona 18,true,,UPDATE,3833
TC-00040501,adulto_mayor,San Miguel Petapa,true,,UPDATE,29404
TC-00040503,adulto_mayor,Zona 12,true,,INSERT,232
TC-00040506,trabajador,Zona 4,true,,INSERT,13252
TC-00040511,general,Zona 11,true,,INSERT,28497
TC-00040512,trabajador,Zona 12,true,,INSERT,19551
TC-00040514,estudiante,Zona 7,true,,UPDATE,10913
TC-00040515,general,Zona 1,true,,INSERT,23512
TC-00040517,,,false,2026-07-15 05:58:00,DELETE,31029
TC-00040521,estudiante,Zona 1,true,,UPDATE,25292
TC-00040522,adulto_mayor,Zona 11,true,,UPDATE,25866
TC-00040523,adulto_mayor,Zona 13,true,,UPDATE,17607
TC-00040524,general,Zona 12,true,,INSERT,29764
TC-00040532,estudiante,Zona 12,true,,UPDATE,8073
TC-00040533,trabajador,San Miguel Petapa,true,,INSERT,29069
TC-00040537,trabajador,Zona 9,true,,UPDATE,26073
TC-00040539,trabajador,Zona 8,true,,UPDATE,28556
TC-00040544,trabajador,Villa Nueva,true,,UPDATE,26101
TC-00040548,trabajador,Santa Catarina Pinula,true,,INSERT,13900
TC-00040554,trabajador,Zona 9,true,,INSERT,14702
TC-00040555,estudiante,Zona 18,true,,UPDATE,23227
TC-00040556,,,false,2026-06-17 04:59:00,DELETE,11720
TC-00040557,trabajador,Santa Catarina Pinula,true,,INSERT,12628
TC-00040558,estudiante,Zona 17,true,,INSERT,18123
TC-00040563,adulto_mayor,Zona 9,true,,UPDATE,27484
TC-00040565,general,Zona 9,true,,UPDATE,28081
TC-00040568,trabajador,San Miguel Petapa,true,,UPDATE,10191
TC-00040570,trabajador,Zona 10,true,,INSERT,2772
TC-00040574,trabajador,Zona 11,true,,INSERT,14599
TC-00040577,estudiante,Zona 6,true,,INSERT,13848
TC-00040579,,,false,2026-07-03 08:47:00,DELETE,22766
TC-00040580,,,false,2026-06-28 15:32:00,DELETE,19254
TC-00040586,,,false,2026-06-05 22:26:00,DELETE,3423
TC-00040589,general,Zona 6,true,,UPDATE,25854
TC-00040597,estudiante,Zona 1,true,,INSERT,13820
TC-00040603,trabajador,Zona 12,false,2026-07-05 09:07:00,DELETE,24065
TC-00040607,trabajador,Villa Nueva,true,,UPDATE,29561
TC-00040608,,,false,2026-06-01 17:37:00,DELETE,671
TC-00040611,trabajador,Zona 18,true,,INSERT,5707
TC-00040612,adulto_mayor,Zona 1,true,,UPDATE,20433
TC-00040613,general,Zona 18,true,,UPDATE,6520
TC-00040614,trabajador,Zona 9,true,,INSERT,222
TC-00040617,trabajador,Zona 6,true,,INSERT,1488
TC-00040618,,,false,2026-06-22 03:15:00,DELETE,15132
TC-00040621,,,false,2026-06-20 07:55:00,DELETE,13771
TC-00040627,,,false,2026-06-20 12:44:00,DELETE,13776
TC-00040628,estudiante,Zona 18,true,,UPDATE,21136
TC-00040629,trabajador,Zona 11,true,,UPDATE,11497
TC-00040630,adulto_mayor,Zona 10,true,,UPDATE,16917
TC-00040631,estudiante,Zona 17,true,,INSERT,28410
TC-00040637,general,Zona 8,true,,INSERT,12441
TC-00040639,general,Zona 10,true,,UPDATE,2646
TC-00040646,,,false,2026-06-10 00:28:00,DELETE,6895
TC-00040647,trabajador,Zona 8,true,,INSERT,30430
TC-00040648,general,Villa Nueva,true,,UPDATE,24410
TC-00040649,adulto_mayor,Zona 18,true,,UPDATE,1683
TC-00040656,general,Mixco,true,,UPDATE,14321
TC-00040657,estudiante,Zona 12,true,,UPDATE,14305
TC-00040659,trabajador,San Miguel Petapa,true,,UPDATE,23762
TC-00040672,estudiante,Zona 1,true,,UPDATE,7470
TC-00040677,trabajador,Zona 13,true,,INSERT,17473
TC-00040680,trabajador,Zona 13,true,,INSERT,14025
TC-00040681,estudiante,Villa Nueva,true,,UPDATE,25803
TC-00040685,adulto_mayor,Zona 10,true,,INSERT,6212
TC-00040688,estudiante,San Miguel Petapa,true,,INSERT,10371
TC-00040690,general,Villa Nueva,true,,INSERT,24272
TC-00040694,estudiante,Zona 8,true,,UPDATE,28787
TC-00040696,general,Zona 4,true,,UPDATE,14805
TC-00040701,,,false,2026-06-24 16:52:00,DELETE,16484
TC-00040704,trabajador,Zona 18,true,,UPDATE,7209
TC-00040707,trabajador,Zona 18,true,,INSERT,26358
TC-00040714,general,San Miguel Petapa,true,,INSERT,16049
TC-00040716,estudiante,Zona 4,true,,INSERT,13927
TC-00040717,,,false,2026-06-05 06:32:00,DELETE,3371
TC-00040718,trabajador,Zona 13,true,,INSERT,5558
TC-00040719,adulto_mayor,Mixco,true,,UPDATE,29412
TC-00040722,trabajador,Zona 9,true,,INSERT,9198
TC-00040726,estudiante,Santa Catarina Pinula,true,,INSERT,29063
TC-00040727,trabajador,Zona 4,true,,INSERT,9002
TC-00040728,trabajador,Zona 1,true,,INSERT,20883
TC-00040730,trabajador,Zona 6,true,,UPDATE,27384
TC-00040736,adulto_mayor,Zona 18,true,,INSERT,16048
TC-00040737,adulto_mayor,Zona 4,true,,INSERT,16720
TC-00040740,general,Zona 13,true,,INSERT,18726
TC-00040747,trabajador,Zona 6,true,,INSERT,22972
TC-00040751,estudiante,Zona 7,true,,UPDATE,16891
TC-00040755,trabajador,Zona 1,true,,INSERT,2112
TC-00040757,estudiante,Zona 11,true,,UPDATE,30071
TC-00040762,trabajador,Zona 4,true,,INSERT,24383
TC-00040763,estudiante,Zona 7,true,,UPDATE,21731
TC-00040764,trabajador,Villa Nueva,true,,UPDATE,28166
TC-00040765,estudiante,Zona 7,true,,UPDATE,20999
TC-00040767,trabajador,Santa Catarina Pinula,true,,UPDATE,6033
TC-00040768,trabajador,Zona 11,true,,INSERT,14526
TC-00040769,,,false,2026-06-01 14:05:00,DELETE,650
TC-00040772,general,San Miguel Petapa,true,,INSERT,9167
TC-00040776,trabajador,Santa Catarina Pinula,true,,INSERT,4218
TC-00040778,adulto_mayor,Zona 17,true,,INSERT,15999
TC-00040781,trabajador,San Miguel Petapa,true,,UPDATE,11573
TC-00040785,trabajador,Villa Nueva,true,,INSERT,4147
TC-00040787,estudiante,Villa Nueva,true,,UPDATE,3842
TC-00040790,general,Zona 9,true,,INSERT,4322
TC-00040802,trabajador,Zona 18,true,,INSERT,12485
TC-00040803,estudiante,Zona 1,true,,UPDATE,11479
TC-00040804,estudiante,Zona 11,true,,UPDATE,27437
TC-00040809,trabajador,Zona 7,true,,INSERT,8452
TC-00040814,trabajador,Mixco,true,,INSERT,9168
TC-00040816,estudiante,Zona 17,true,,UPDATE,15079
TC-00040821,trabajador,San Miguel Petapa,true,,INSERT,3538
TC-00040822,trabajador,Santa Catarina Pinula,false,2026-06-14 20:38:00,DELETE,9653
TC-00040824,general,San Miguel Petapa,true,,INSERT,11071
TC-00040826,trabajador,Zona 18,true,,UPDATE,7901
TC-00040827,trabajador,Zona 17,true,,INSERT,20863
TC-00040828,trabajador,Mixco,true,,UPDATE,18283
TC-00040831,adulto_mayor,Zona 1,true,,UPDATE,11315
TC-00040840,estudiante,Zona 1,true,,INSERT,29184
TC-00040848,general,Villa Nueva,true,,UPDATE,3080
TC-00040849,trabajador,Zona 13,true,,INSERT,26438
TC-00040850,adulto_mayor,Zona 1,true,,UPDATE,29391
TC-00040857,trabajador,Zona 8,true,,INSERT,27683
TC-00040858,trabajador,Zona 12,true,,UPDATE,25176
TC-00040860,adulto_mayor,Zona 10,true,,UPDATE,10607
TC-00040865,estudiante,Zona 18,true,,UPDATE,28652
TC-00040866,trabajador,Zona 17,true,,INSERT,20202
TC-00040874,trabajador,Zona 1,true,,UPDATE,30955
TC-00040875,adulto_mayor,Zona 1,true,,UPDATE,28656
TC-00040877,trabajador,Zona 13,true,,UPDATE,21864
TC-00040884,,,false,2026-06-07 11:19:00,DELETE,4762
TC-00040886,trabajador,Villa Nueva,true,,INSERT,3460
TC-00040887,general,Zona 11,true,,INSERT,27074
TC-00040889,trabajador,Zona 6,true,,INSERT,10515
TC-00040890,estudiante,Villa Nueva,true,,UPDATE,20299
TC-00040895,estudiante,Zona 1,true,,UPDATE,3184
TC-00040896,estudiante,Zona 10,true,,INSERT,11226
TC-00040901,trabajador,Zona 13,true,,UPDATE,27386
TC-00040906,general,Santa Catarina Pinula,true,,UPDATE,18943
TC-00040908,estudiante,Santa Catarina Pinula,true,,UPDATE,30707
TC-00040911,general,Zona 12,true,,UPDATE,25426
TC-00040914,estudiante,Mixco,true,,INSERT,11822
TC-00040916,adulto_mayor,Zona 6,true,,INSERT,11199
TC-00040917,adulto_mayor,Zona 4,true,,INSERT,1411
TC-00040923,estudiante,Zona 17,true,,UPDATE,10810
TC-00040925,adulto_mayor,Zona 11,true,,UPDATE,30194
TC-00040935,adulto_mayor,Zona 12,true,,UPDATE,19905
TC-00040941,trabajador,Zona 6,true,,UPDATE,4408
TC-00040944,trabajador,Santa Catarina Pinula,true,,INSERT,23585
TC-00040947,trabajador,Zona 17,true,,INSERT,15935
TC-00040948,,,false,2026-06-20 15:54:00,DELETE,13747
TC-00040949,,,false,2026-06-15 02:00:00,DELETE,10320
TC-00040951,general,Zona 12,true,,UPDATE,24547
TC-00040953,trabajador,Zona 17,true,,UPDATE,27987
TC-00040955,trabajador,Zona 13,true,,INSERT,918
TC-00040956,estudiante,Zona 7,true,,INSERT,4931
TC-00040957,,,false,2026-06-25 03:55:00,DELETE,17226
TC-00040961,estudiante,Zona 7,true,,UPDATE,22562
TC-00040974,,,false,2026-06-01 14:57:00,DELETE,654
TC-00040975,general,Mixco,true,,INSERT,1561
TC-00040978,,,false,2026-06-16 14:15:00,DELETE,11004
TC-00040979,,,false,2026-07-06 10:57:00,DELETE,24761
TC-00040980,general,Zona 18,true,,UPDATE,9325
TC-00040984,,,false,2026-06-18 10:02:00,DELETE,12412
TC-00040988,general,Zona 4,true,,UPDATE,6628
TC-00040990,adulto_mayor,San Miguel Petapa,true,,INSERT,26395
TC-00040998,adulto_mayor,Zona 12,true,,UPDATE,13440
TC-00041000,,,false,2026-06-30 15:23:00,DELETE,20619
TC-00041005,trabajador,Zona 17,true,,INSERT,24228
TC-00041008,trabajador,Zona 10,true,,UPDATE,29546
TC-00041012,general,Mixco,true,,UPDATE,3885
TC-00041013,trabajador,Zona 8,true,,INSERT,27041
TC-00041018,adulto_mayor,Zona 13,true,,UPDATE,5355
TC-00041022,estudiante,Zona 12,true,,UPDATE,14850
TC-00041023,general,Zona 13,true,,UPDATE,26806
TC-00041026,,,false,2026-06-08 15:29:00,DELETE,5458
TC-00041027,general,Zona 4,true,,UPDATE,12903
TC-00041031,general,Zona 12,true,,UPDATE,9917
TC-00041032,trabajador,Zona 9,true,,INSERT,13861
TC-00041034,trabajador,Zona 9,true,,INSERT,6239
TC-00041035,general,Zona 7,true,,INSERT,4938
TC-00041038,,,false,2026-06-21 13:22:00,DELETE,14472
TC-00041039,trabajador,Zona 9,true,,INSERT,13909
TC-00041056,trabajador,Zona 10,true,,INSERT,6316
TC-00041057,trabajador,Zona 1,true,,INSERT,7761
TC-00041058,estudiante,Zona 4,true,,INSERT,7122
TC-00041060,estudiante,Zona 1,false,2026-06-07 22:04:00,DELETE,4784
TC-00041072,estudiante,Zona 10,true,,UPDATE,2470
TC-00041081,trabajador,Zona 10,true,,UPDATE,24691
TC-00041085,general,Zona 11,true,,UPDATE,25857
TC-00041095,adulto_mayor,Zona 13,true,,INSERT,23683
TC-00041096,general,Zona 11,true,,INSERT,5043
TC-00041098,trabajador,Zona 9,true,,UPDATE,22632
TC-00041104,estudiante,Zona 1,true,,INSERT,25597
TC-00041105,estudiante,San Miguel Petapa,true,,UPDATE,19080
TC-00041107,adulto_mayor,Zona 6,true,,INSERT,15337
TC-00041109,adulto_mayor,Zona 12,true,,INSERT,29124
TC-00041113,,,false,2026-06-05 12:31:00,DELETE,3439
TC-00041126,,,false,2026-06-18 07:44:00,DELETE,12404
TC-00041130,estudiante,Zona 7,true,,INSERT,20021
TC-00041139,,,false,2026-07-03 10:20:00,DELETE,22716
TC-00041140,,,false,2026-07-12 19:13:00,DELETE,28931
TC-00041142,,,false,2026-06-28 07:34:00,DELETE,19304
TC-00041143,estudiante,Zona 7,true,,UPDATE,8027
TC-00041146,trabajador,Zona 1,true,,INSERT,23487
TC-00041149,adulto_mayor,Zona 13,true,,UPDATE,18483
TC-00041152,trabajador,Zona 1,true,,INSERT,18849
TC-00041153,general,Zona 1,true,,INSERT,28529
TC-00041155,trabajador,Zona 7,true,,INSERT,22174
TC-00041156,adulto_mayor,Zona 13,true,,UPDATE,29937
TC-00041160,general,Zona 7,true,,INSERT,3451
TC-00041171,adulto_mayor,Villa Nueva,true,,UPDATE,26734
TC-00041175,,,false,2026-06-30 19:56:00,DELETE,20623
TC-00041181,estudiante,Zona 12,true,,UPDATE,20357
TC-00041182,estudiante,Zona 12,true,,INSERT,23691
TC-00041186,general,Zona 10,true,,UPDATE,27393
TC-00041189,general,Zona 18,true,,INSERT,24369
TC-00041191,,,false,2026-07-12 05:33:00,DELETE,28933
TC-00041194,general,Zona 13,true,,INSERT,2823
TC-00041197,general,Zona 11,true,,INSERT,4
TC-00041201,trabajador,Mixco,true,,UPDATE,20252
TC-00041203,estudiante,San Miguel Petapa,true,,UPDATE,30075
TC-00041204,trabajador,Zona 1,true,,UPDATE,5980
TC-00041207,estudiante,Zona 18,true,,UPDATE,12035
TC-00041216,trabajador,Villa Nueva,true,,INSERT,7631
TC-00041217,general,Zona 17,true,,UPDATE,18464
TC-00041220,estudiante,Zona 9,true,,UPDATE,18481
TC-00041221,trabajador,Zona 17,true,,UPDATE,1837
TC-00041223,adulto_mayor,Zona 9,true,,UPDATE,26710
TC-00041225,adulto_mayor,Zona 7,true,,UPDATE,12809
TC-00041227,adulto_mayor,San Miguel Petapa,true,,UPDATE,22384
TC-00041231,trabajador,Zona 9,true,,INSERT,24347
TC-00041232,general,Zona 18,false,2026-07-08 18:35:00,DELETE,26138
TC-00041239,estudiante,Villa Nueva,true,,UPDATE,17599
TC-00041241,adulto_mayor,Zona 12,true,,UPDATE,22622
TC-00041244,adulto_mayor,Zona 18,true,,UPDATE,1776
TC-00041249,adulto_mayor,Mixco,false,2026-06-19 00:38:00,DELETE,13080
TC-00041250,trabajador,Zona 4,true,,INSERT,24293
TC-00041251,adulto_mayor,Zona 6,true,,INSERT,9684
TC-00041256,trabajador,Zona 11,true,,INSERT,21568
TC-00041262,estudiante,Zona 10,true,,UPDATE,3708
TC-00041263,general,Zona 9,true,,UPDATE,7421
TC-00041274,general,Zona 9,true,,INSERT,27764
TC-00041276,trabajador,Zona 6,true,,INSERT,10409
TC-00041283,estudiante,Zona 6,true,,UPDATE,13014
TC-00041287,trabajador,Zona 17,true,,INSERT,22256
TC-00041290,trabajador,San Miguel Petapa,true,,INSERT,29808
TC-00041292,trabajador,Zona 1,false,2026-07-04 15:34:00,DELETE,23458
TC-00041295,adulto_mayor,Zona 11,true,,UPDATE,15001
TC-00041296,trabajador,Zona 6,true,,INSERT,25678
TC-00041297,trabajador,Zona 7,true,,INSERT,26300
TC-00041300,adulto_mayor,Zona 8,true,,UPDATE,5200
TC-00041301,,,false,2026-07-01 21:16:00,DELETE,21384
TC-00041308,,,false,2026-06-25 23:47:00,DELETE,17245
TC-00041312,adulto_mayor,Santa Catarina Pinula,true,,UPDATE,17004
TC-00041314,trabajador,Zona 10,true,,UPDATE,11391
TC-00041322,trabajador,Zona 12,true,,INSERT,6232
TC-00041325,estudiante,Zona 13,true,,INSERT,24180
TC-00041330,estudiante,Mixco,true,,INSERT,7786
TC-00041333,estudiante,Zona 4,true,,INSERT,4293
TC-00041341,estudiante,Zona 18,true,,UPDATE,27371
TC-00041342,estudiante,Zona 13,true,,UPDATE,28794
TC-00041353,,,false,2026-07-12 03:19:00,DELETE,28908
TC-00041355,general,Zona 10,true,,UPDATE,18379
TC-00041359,trabajador,Zona 13,true,,INSERT,22997
TC-00041362,adulto_mayor,Zona 6,true,,UPDATE,23015
TC-00041364,adulto_mayor,Zona 7,true,,UPDATE,12307
TC-00041365,trabajador,Santa Catarina Pinula,true,,UPDATE,7442
TC-00041367,estudiante,Zona 10,true,,INSERT,24172
TC-00041375,,,false,2026-06-17 14:46:00,DELETE,11658
TC-00041376,trabajador,Villa Nueva,true,,INSERT,27001
TC-00041379,adulto_mayor,Zona 1,true,,INSERT,9115
TC-00041385,trabajador,Mixco,true,,INSERT,20020
TC-00041391,trabajador,Zona 10,true,,INSERT,15278
TC-00041392,estudiante,Zona 11,true,,UPDATE,14131
TC-00041394,general,Zona 8,true,,UPDATE,21969
TC-00041396,general,Zona 11,true,,UPDATE,15612
TC-00041397,trabajador,Mixco,true,,INSERT,30433
TC-00041403,,,false,2026-07-06 09:53:00,DELETE,24783
TC-00041405,general,Zona 9,true,,UPDATE,11471
TC-00041407,trabajador,Zona 11,true,,INSERT,25753
TC-00041408,general,Zona 13,true,,UPDATE,27178
TC-00041411,adulto_mayor,Villa Nueva,true,,UPDATE,3812
TC-00041412,trabajador,San Miguel Petapa,true,,INSERT,18691
TC-00041413,estudiante,Zona 4,true,,UPDATE,6681
TC-00041417,estudiante,Zona 13,true,,INSERT,6975
TC-00041421,estudiante,Zona 17,true,,UPDATE,6737
TC-00041422,trabajador,Mixco,true,,INSERT,29729
TC-00041424,,,false,2026-06-22 02:43:00,DELETE,15153
TC-00041426,trabajador,Zona 10,true,,INSERT,11244
TC-00041427,estudiante,Zona 8,true,,UPDATE,1902
TC-00041431,general,Zona 12,true,,UPDATE,11363
TC-00041435,general,Zona 18,true,,UPDATE,30208
TC-00041437,,,false,2026-06-12 15:59:00,DELETE,8269
TC-00041440,trabajador,Zona 6,true,,UPDATE,26789
TC-00041444,trabajador,Zona 18,true,,UPDATE,30008
TC-00041445,,,false,2026-06-30 04:55:00,DELETE,20663
TC-00041448,estudiante,San Miguel Petapa,true,,UPDATE,14299
TC-00041449,general,Zona 1,true,,INSERT,7784
TC-00041452,adulto_mayor,Santa Catarina Pinula,true,,UPDATE,21012
TC-00041461,trabajador,Zona 17,true,,UPDATE,23062
TC-00041463,estudiante,San Miguel Petapa,true,,INSERT,23537
TC-00041464,trabajador,San Miguel Petapa,true,,UPDATE,12841
TC-00041470,adulto_mayor,Villa Nueva,true,,INSERT,13967
TC-00041478,,,false,2026-06-06 23:07:00,DELETE,4082
TC-00041482,estudiante,San Miguel Petapa,true,,UPDATE,3849
TC-00041489,trabajador,Zona 9,true,,INSERT,25044
TC-00041496,trabajador,Zona 12,true,,INSERT,2797
TC-00041498,trabajador,Zona 11,true,,INSERT,25665
TC-00041499,trabajador,Zona 11,false,2026-06-27 21:08:00,DELETE,18550
TC-00041500,,,false,2026-06-22 05:18:00,DELETE,15104
TC-00041502,general,Zona 13,true,,UPDATE,22441
TC-00041504,general,Mixco,true,,UPDATE,3743
TC-00041505,,,false,2026-06-05 02:11:00,DELETE,3435
TC-00041513,estudiante,Villa Nueva,true,,UPDATE,2446
TC-00041524,estudiante,Santa Catarina Pinula,true,,INSERT,22945
TC-00041525,trabajador,Zona 6,true,,INSERT,2850
TC-00041526,trabajador,Zona 1,true,,UPDATE,30925
TC-00041527,trabajador,Zona 8,true,,UPDATE,14929
TC-00041531,estudiante,Zona 7,true,,INSERT,22158
TC-00041537,estudiante,Zona 10,true,,UPDATE,18892
TC-00041538,,,false,2026-06-15 14:30:00,DELETE,10345
TC-00041539,estudiante,Zona 8,true,,UPDATE,18368
TC-00041544,estudiante,Santa Catarina Pinula,true,,UPDATE,6806
TC-00041545,trabajador,Zona 8,true,,UPDATE,20289
TC-00041556,,,false,2026-06-07 18:19:00,DELETE,4788
TC-00041559,trabajador,Zona 12,true,,INSERT,25080
TC-00041560,trabajador,Zona 10,true,,UPDATE,26623
TC-00041564,estudiante,Mixco,true,,UPDATE,12248
TC-00041569,general,San Miguel Petapa,true,,INSERT,17963
TC-00041572,trabajador,Zona 12,true,,INSERT,18060
TC-00041574,trabajador,Santa Catarina Pinula,true,,INSERT,22893
TC-00041579,trabajador,Zona 7,true,,UPDATE,13634
TC-00041582,trabajador,Zona 17,true,,INSERT,2810
TC-00041584,adulto_mayor,Zona 4,true,,UPDATE,26011
TC-00041586,estudiante,Zona 10,true,,UPDATE,11559
TC-00041590,general,Villa Nueva,true,,UPDATE,16902
TC-00041592,general,Zona 9,true,,UPDATE,19785
TC-00041594,general,Zona 7,true,,UPDATE,1264
TC-00041599,adulto_mayor,Zona 12,true,,UPDATE,21779
TC-00041601,trabajador,Zona 17,true,,INSERT,25536
TC-00041605,general,Zona 9,true,,INSERT,13240
TC-00041610,adulto_mayor,Zona 9,true,,INSERT,27811
TC-00041615,trabajador,Zona 17,true,,UPDATE,30219
TC-00041620,adulto_mayor,Zona 7,true,,UPDATE,23068
TC-00041626,adulto_mayor,Zona 11,true,,INSERT,7790
TC-00041628,,,false,2026-07-08 09:45:00,DELETE,26202
TC-00041630,trabajador,Zona 7,true,,INSERT,10415
TC-00041633,general,San Miguel Petapa,true,,INSERT,29889
TC-00041637,estudiante,Zona 12,true,,UPDATE,7352
TC-00041638,general,Zona 1,true,,INSERT,15940
TC-00041648,,,false,2026-06-25 06:02:00,DELETE,17196
TC-00041652,trabajador,Zona 6,true,,INSERT,4910
TC-00041654,trabajador,Zona 8,true,,UPDATE,28814
TC-00041656,trabajador,Santa Catarina Pinula,true,,INSERT,7802
TC-00041657,trabajador,Zona 13,true,,INSERT,119
TC-00041660,general,Zona 18,true,,UPDATE,29543
TC-00041661,general,Zona 10,true,,UPDATE,17563
TC-00041664,trabajador,Santa Catarina Pinula,true,,UPDATE,17123
TC-00041666,general,Zona 9,true,,INSERT,20068
TC-00041669,trabajador,Villa Nueva,true,,INSERT,1391
TC-00041681,estudiante,Zona 6,true,,UPDATE,7973
TC-00041687,,,false,2026-06-23 20:12:00,DELETE,15840
TC-00041689,adulto_mayor,Zona 12,true,,UPDATE,27264
TC-00041692,estudiante,Zona 9,true,,UPDATE,12008
TC-00041693,adulto_mayor,Zona 9,true,,UPDATE,16170
TC-00041696,adulto_mayor,Santa Catarina Pinula,true,,UPDATE,23175
TC-00041699,estudiante,Zona 17,true,,INSERT,19381
TC-00041700,adulto_mayor,Zona 1,true,,UPDATE,1144
TC-00041702,trabajador,Zona 17,true,,UPDATE,26624
TC-00041712,,,false,2026-06-20 00:02:00,DELETE,13786
TC-00041715,trabajador,Zona 4,true,,INSERT,15239
TC-00041724,trabajador,Zona 8,true,,INSERT,4326
TC-00041728,,,false,2026-06-12 03:21:00,DELETE,8210
TC-00041731,adulto_mayor,Zona 17,true,,UPDATE,6469
TC-00041732,,,false,2026-06-26 21:31:00,DELETE,17864
TC-00041735,trabajador,Zona 9,false,2026-06-19 21:38:00,DELETE,13092
TC-00041736,trabajador,Zona 4,true,,UPDATE,25343
TC-00041739,estudiante,Zona 7,true,,INSERT,29802
TC-00041740,trabajador,Zona 12,true,,INSERT,12443
TC-00041741,trabajador,Zona 17,true,,INSERT,9084
TC-00041748,estudiante,San Miguel Petapa,true,,UPDATE,10238
TC-00041749,estudiante,Zona 7,true,,INSERT,11096
TC-00041752,adulto_mayor,Santa Catarina Pinula,true,,UPDATE,23048
TC-00041761,trabajador,Zona 13,true,,UPDATE,18490
TC-00041762,,,false,2026-07-11 13:56:00,DELETE,28217
TC-00041765,trabajador,Zona 4,true,,UPDATE,2367
TC-00041772,trabajador,Santa Catarina Pinula,true,,INSERT,24310
TC-00041773,trabajador,Zona 13,true,,UPDATE,29984
TC-00041774,trabajador,Zona 4,true,,UPDATE,1904
TC-00041776,estudiante,Zona 6,true,,INSERT,7045
TC-00041777,trabajador,Zona 13,true,,UPDATE,22368
TC-00041778,estudiante,Villa Nueva,true,,INSERT,16575
TC-00041783,trabajador,Zona 10,true,,INSERT,19537
TC-00041785,trabajador,Zona 12,true,,UPDATE,23177
TC-00041790,,,false,2026-06-28 04:36:00,DELETE,19285
TC-00041791,adulto_mayor,Zona 9,true,,UPDATE,29508
TC-00041797,trabajador,Zona 18,true,,INSERT,28498
TC-00041799,trabajador,San Miguel Petapa,true,,INSERT,26421
TC-00041806,trabajador,San Miguel Petapa,true,,INSERT,16760
TC-00041809,,,false,2026-06-26 23:35:00,DELETE,17896
TC-00041814,,,false,2026-06-14 01:55:00,DELETE,9627
TC-00041817,estudiante,Zona 17,true,,UPDATE,27500
TC-00041818,general,Zona 11,true,,INSERT,2927
TC-00041819,,,false,2026-06-06 14:27:00,DELETE,4137
TC-00041823,general,Zona 10,true,,UPDATE,18875
TC-00041824,estudiante,Zona 10,true,,UPDATE,23184
TC-00041826,general,Zona 7,true,,INSERT,7776
TC-00041827,,,false,2026-07-13 04:20:00,DELETE,29608
TC-00041830,trabajador,Zona 8,true,,INSERT,28478
TC-00041831,adulto_mayor,Mixco,true,,UPDATE,23195
TC-00041833,adulto_mayor,Zona 4,true,,UPDATE,1655
TC-00041835,adulto_mayor,Zona 8,true,,UPDATE,17688
TC-00041837,general,Zona 12,true,,UPDATE,14830
TC-00041840,estudiante,Zona 13,true,,UPDATE,21072
TC-00041844,general,Zona 12,true,,UPDATE,16308
TC-00041846,estudiante,Zona 9,true,,INSERT,9081
TC-00041848,,,false,2026-06-23 14:38:00,DELETE,15832
TC-00041857,general,Zona 12,true,,INSERT,2892
TC-00041859,adulto_mayor,Zona 7,true,,INSERT,15324
TC-00041863,trabajador,Santa Catarina Pinula,true,,INSERT,3584
TC-00041866,general,Zona 12,true,,INSERT,20923
TC-00041869,trabajador,Zona 4,false,2026-07-03 04:03:00,DELETE,22705
TC-00041872,general,Zona 10,true,,UPDATE,3283
TC-00041873,general,Zona 17,true,,UPDATE,30269
TC-00041877,trabajador,Zona 13,true,,INSERT,7783
TC-00041894,estudiante,Zona 10,true,,INSERT,24362
TC-00041898,general,Zona 11,true,,UPDATE,29376
TC-00041900,general,Zona 18,true,,UPDATE,3836
TC-00041902,,,false,2026-07-13 17:55:00,DELETE,29596
TC-00041904,estudiante,Mixco,true,,INSERT,28458
TC-00041906,,,false,2026-07-06 23:43:00,DELETE,24763
TC-00041914,estudiante,Zona 7,true,,UPDATE,27296
TC-00041916,estudiante,Zona 13,true,,UPDATE,8859
TC-00041922,trabajador,Villa Nueva,true,,UPDATE,30937
TC-00041925,trabajador,Zona 4,true,,INSERT,22203
TC-00041931,,,false,2026-06-01 18:04:00,DELETE,672
TC-00041932,trabajador,Zona 12,true,,INSERT,2238
TC-00041934,general,San Miguel Petapa,true,,UPDATE,27990
TC-00041935,general,Villa Nueva,true,,UPDATE,8785
TC-00041946,general,Zona 9,true,,INSERT,9091
TC-00041950,trabajador,Zona 9,true,,INSERT,16717
TC-00041955,general,Zona 8,true,,UPDATE,23082
TC-00041957,general,Zona 4,true,,UPDATE,23766
TC-00041959,adulto_mayor,Zona 9,true,,UPDATE,26796
TC-00041960,trabajador,Santa Catarina Pinula,true,,INSERT,14513
TC-00041961,trabajador,Zona 1,true,,INSERT,17417
TC-00041966,adulto_mayor,Zona 4,true,,UPDATE,28773
TC-00041968,trabajador,Zona 6,true,,UPDATE,11971
TC-00041971,trabajador,Zona 11,true,,UPDATE,14808
TC-00041972,,,false,2026-07-11 13:02:00,DELETE,28270
TC-00041976,general,Zona 8,true,,UPDATE,21720
TC-00041977,estudiante,Zona 11,true,,UPDATE,6477
TC-00041979,trabajador,Zona 10,true,,UPDATE,17522
TC-00041981,trabajador,Zona 7,true,,INSERT,29143
TC-00041987,adulto_mayor,Zona 8,true,,INSERT,28373
TC-00041989,adulto_mayor,Zona 18,true,,UPDATE,24713
TC-00041990,estudiante,Zona 1,true,,INSERT,11065
TC-00041991,estudiante,Zona 18,true,,INSERT,11213
TC-00042010,trabajador,Zona 7,true,,UPDATE,30735
TC-00042014,general,Zona 4,true,,UPDATE,26765
TC-00042015,,,false,2026-06-24 06:13:00,DELETE,16536
TC-00042018,trabajador,Zona 17,true,,UPDATE,14987
TC-00042020,trabajador,Zona 18,true,,INSERT,27780
TC-00042021,estudiante,Zona 11,true,,UPDATE,30957
TC-00042024,general,Zona 11,true,,UPDATE,14098
TC-00042025,estudiante,Zona 1,true,,INSERT,22161
TC-00042027,general,San Miguel Petapa,true,,INSERT,2992
TC-00042029,trabajador,Zona 8,true,,INSERT,8407
TC-00042034,estudiante,Zona 10,true,,UPDATE,18495
TC-00042036,estudiante,Villa Nueva,true,,INSERT,19498
TC-00042038,,,false,2026-07-10 18:00:00,DELETE,27537
TC-00042042,general,Zona 1,true,,UPDATE,19184
TC-00042046,trabajador,Zona 8,true,,UPDATE,30619
TC-00042049,trabajador,Zona 6,true,,UPDATE,29270
TC-00042054,estudiante,Zona 10,true,,INSERT,18170
TC-00042063,adulto_mayor,Mixco,true,,INSERT,7687
TC-00042064,general,Santa Catarina Pinula,true,,INSERT,16728
TC-00042066,trabajador,Mixco,true,,INSERT,19425
TC-00042067,,,false,2026-06-03 17:28:00,DELETE,2064
TC-00042071,trabajador,Zona 9,true,,UPDATE,20511
TC-00042072,estudiante,Zona 13,true,,INSERT,2303
TC-00042075,trabajador,Mixco,true,,INSERT,17339
TC-00042076,trabajador,Zona 10,true,,INSERT,2783
TC-00042079,estudiante,Zona 17,true,,UPDATE,24508
TC-00042083,general,Mixco,true,,UPDATE,26667
TC-00042096,estudiante,Zona 11,true,,UPDATE,15545
TC-00042098,trabajador,Zona 11,true,,UPDATE,12998
TC-00042100,,,false,2026-06-16 21:57:00,DELETE,11007
TC-00042102,,,false,2026-06-28 02:17:00,DELETE,19275
TC-00042112,general,Mixco,true,,UPDATE,13424
TC-00042113,general,Zona 13,true,,UPDATE,16831
TC-00042115,trabajador,Zona 1,true,,UPDATE,6715
TC-00042118,trabajador,Zona 12,true,,INSERT,17347
TC-00042121,,,false,2026-07-07 04:50:00,DELETE,25476
TC-00042122,estudiante,Zona 4,true,,UPDATE,25824
TC-00042129,general,Zona 18,true,,UPDATE,11331
TC-00042134,trabajador,Mixco,true,,UPDATE,5173
TC-00042139,general,Villa Nueva,true,,UPDATE,18303
TC-00042159,,,false,2026-06-02 07:50:00,DELETE,1295
TC-00042161,estudiante,Zona 10,true,,UPDATE,21125
TC-00042162,general,Zona 12,true,,UPDATE,22496
TC-00042163,estudiante,Zona 8,true,,INSERT,18008
TC-00042165,,,false,2026-06-19 02:24:00,DELETE,13038
TC-00042166,trabajador,Zona 9,true,,INSERT,10469
TC-00042167,,,false,2026-06-15 09:50:00,DELETE,10297
TC-00042170,adulto_mayor,Zona 11,true,,UPDATE,4434
TC-00042171,adulto_mayor,Zona 12,true,,UPDATE,960
TC-00042174,estudiante,San Miguel Petapa,true,,INSERT,4918
TC-00042177,estudiante,Santa Catarina Pinula,true,,UPDATE,4665
TC-00042178,general,Zona 8,true,,INSERT,2914
TC-00042181,adulto_mayor,Zona 6,true,,UPDATE,14052
TC-00042185,general,Zona 7,false,2026-07-12 16:03:00,DELETE,28893
TC-00042188,,,false,2026-06-24 05:08:00,DELETE,16474
TC-00042189,,,false,2026-06-12 05:18:00,DELETE,8263
TC-00042190,general,Zona 4,true,,UPDATE,3268
TC-00042192,trabajador,Zona 4,true,,INSERT,23532
TC-00042193,general,Zona 12,true,,UPDATE,10894
TC-00042204,estudiante,Zona 17,true,,UPDATE,12844
TC-00042206,general,Villa Nueva,true,,UPDATE,14133
TC-00042212,estudiante,Zona 12,true,,UPDATE,7467
TC-00042213,estudiante,Zona 1,true,,INSERT,6334
TC-00042214,trabajador,Santa Catarina Pinula,false,2026-06-20 09:35:00,DELETE,13791
TC-00042215,general,Zona 10,true,,INSERT,14584
TC-00042223,adulto_mayor,Zona 9,true,,UPDATE,3835
TC-00042227,estudiante,Villa Nueva,true,,UPDATE,995
TC-00042228,,,false,2026-06-12 16:32:00,DELETE,8242
TC-00042230,estudiante,Zona 4,true,,INSERT,30441
TC-00042232,,,false,2026-06-10 14:02:00,DELETE,6865
TC-00042239,general,Zona 17,true,,UPDATE,23857
TC-00042241,trabajador,Zona 17,true,,UPDATE,3841
TC-00042248,adulto_mayor,Zona 12,false,2026-06-10 19:51:00,DELETE,6845
TC-00042249,estudiante,San Miguel Petapa,true,,UPDATE,17515
TC-00042256,estudiante,Zona 13,true,,UPDATE,19915
TC-00042260,adulto_mayor,Villa Nueva,true,,UPDATE,349
TC-00042262,general,Zona 12,true,,INSERT,9838
TC-00042271,trabajador,Mixco,true,,UPDATE,23970
TC-00042272,trabajador,Zona 4,true,,UPDATE,5088
TC-00042290,general,Zona 18,true,,INSERT,30469
TC-00042293,general,Zona 18,true,,UPDATE,10196
TC-00042299,adulto_mayor,Mixco,true,,UPDATE,3209
TC-00042305,,,false,2026-07-07 02:16:00,DELETE,25442
TC-00042308,general,Zona 9,true,,INSERT,8514
TC-00042309,general,Zona 12,true,,INSERT,28326
TC-00042313,,,false,2026-06-11 19:54:00,DELETE,7545
TC-00042317,estudiante,Zona 1,true,,UPDATE,12700
TC-00042321,trabajador,Zona 6,false,2026-06-13 13:32:00,DELETE,8906
TC-00042322,adulto_mayor,Mixco,true,,UPDATE,21699
TC-00042329,trabajador,Zona 7,true,,INSERT,19428
TC-00042336,trabajador,Zona 6,true,,UPDATE,246
TC-00042337,trabajador,Zona 17,true,,UPDATE,21959
TC-00042345,,,false,2026-06-24 06:49:00,DELETE,16472
TC-00042347,adulto_mayor,Villa Nueva,true,,INSERT,25028
TC-00042352,trabajador,Zona 18,true,,INSERT,10432
TC-00042353,adulto_mayor,Zona 13,false,2026-07-11 23:47:00,DELETE,28218
TC-00042358,estudiante,San Miguel Petapa,true,,UPDATE,10662
TC-00042360,adulto_mayor,Zona 1,true,,UPDATE,26013
TC-00042365,general,Zona 18,true,,UPDATE,14154
TC-00042367,adulto_mayor,Santa Catarina Pinula,true,,UPDATE,14750
TC-00042368,adulto_mayor,Zona 10,true,,UPDATE,16116
TC-00042370,,,false,2026-07-05 18:08:00,DELETE,24124
TC-00042372,general,Zona 12,true,,INSERT,808
TC-00042374,trabajador,Zona 1,true,,UPDATE,30135
TC-00042377,trabajador,Zona 13,true,,INSERT,11838
TC-00042380,trabajador,Santa Catarina Pinula,true,,UPDATE,30024
TC-00042381,general,Zona 17,true,,INSERT,27141
TC-00042382,trabajador,Mixco,true,,INSERT,17329
TC-00042388,trabajador,San Miguel Petapa,true,,INSERT,29174
TC-00042389,trabajador,Villa Nueva,true,,INSERT,29106
TC-00042394,adulto_mayor,Zona 4,true,,INSERT,25698
TC-00042396,general,San Miguel Petapa,false,2026-07-13 14:06:00,DELETE,29594
TC-00042399,trabajador,Mixco,true,,UPDATE,11308
TC-00042403,adulto_mayor,Zona 6,true,,UPDATE,6557
TC-00042404,trabajador,Zona 9,true,,INSERT,16041
TC-00042406,estudiante,Villa Nueva,false,2026-07-07 14:33:00,DELETE,25517
TC-00042407,,,false,2026-06-11 08:58:00,DELETE,7581
TC-00042416,trabajador,Zona 4,true,,UPDATE,18506
TC-00042423,general,Zona 1,true,,UPDATE,12282
TC-00042426,estudiante,Zona 13,true,,UPDATE,27326
TC-00042427,trabajador,Zona 4,true,,INSERT,17456
TC-00042431,estudiante,Zona 10,true,,UPDATE,3120
TC-00042434,estudiante,Zona 1,true,,INSERT,13301
TC-00042437,estudiante,Zona 18,true,,INSERT,23464
TC-00042439,trabajador,Villa Nueva,true,,INSERT,12564
TC-00042442,general,Zona 17,true,,UPDATE,27301
TC-00042448,,,false,2026-06-28 10:42:00,DELETE,19296
TC-00042450,general,Mixco,true,,UPDATE,26669
TC-00042464,adulto_mayor,Mixco,true,,UPDATE,21029
TC-00042465,estudiante,Zona 4,true,,UPDATE,5295
TC-00042466,general,Santa Catarina Pinula,true,,UPDATE,23962
TC-00042469,,,false,2026-06-30 09:52:00,DELETE,20675
TC-00042477,,,false,2026-06-16 23:20:00,DELETE,11010
TC-00042486,trabajador,Zona 11,true,,UPDATE,19607
TC-00042487,general,Mixco,true,,INSERT,95
TC-00042489,estudiante,Villa Nueva,true,,UPDATE,30156
TC-00042492,trabajador,Zona 9,true,,UPDATE,19054
TC-00042494,estudiante,Villa Nueva,true,,UPDATE,8860
TC-00042501,estudiante,Zona 17,true,,UPDATE,21069
TC-00042504,adulto_mayor,Villa Nueva,true,,UPDATE,28165
TC-00042507,estudiante,Zona 9,true,,INSERT,30481
TC-00042509,adulto_mayor,Zona 4,true,,UPDATE,25318
TC-00042510,,,false,2026-07-06 04:20:00,DELETE,24781
TC-00042511,estudiante,Zona 4,true,,UPDATE,30858
TC-00042512,trabajador,Zona 10,true,,INSERT,3614
TC-00042513,estudiante,Zona 7,true,,INSERT,27790
TC-00042516,trabajador,Santa Catarina Pinula,true,,INSERT,142
TC-00042517,general,Zona 6,true,,INSERT,27711
TC-00042521,adulto_mayor,Zona 12,true,,UPDATE,25821
TC-00042525,adulto_mayor,Zona 1,true,,UPDATE,25394
TC-00042526,adulto_mayor,Zona 18,false,2026-07-10 13:41:00,DELETE,27525
TC-00042529,,,false,2026-06-11 16:22:00,DELETE,7574
TC-00042537,adulto_mayor,Zona 8,true,,UPDATE,28674
TC-00042541,trabajador,Zona 9,true,,UPDATE,5920
TC-00042546,general,Zona 9,true,,INSERT,28453
TC-00042550,adulto_mayor,Zona 13,true,,UPDATE,8853
TC-00042556,estudiante,Zona 9,true,,UPDATE,25315
TC-00042561,trabajador,Zona 9,true,,INSERT,13342
TC-00042567,adulto_mayor,Zona 12,false,2026-07-06 16:33:00,DELETE,24793
TC-00042570,trabajador,Zona 12,true,,INSERT,30486
TC-00042579,trabajador,Zona 4,true,,INSERT,15256
TC-00042580,adulto_mayor,Zona 12,true,,UPDATE,7993
TC-00042583,trabajador,Zona 7,true,,UPDATE,12274
TC-00042586,,,false,2026-06-10 16:35:00,DELETE,6891
TC-00042587,adulto_mayor,Zona 1,true,,UPDATE,320
TC-00042588,,,false,2026-06-13 14:46:00,DELETE,8909
TC-00042591,estudiante,Zona 7,true,,INSERT,6329
TC-00042592,general,Villa Nueva,true,,INSERT,3668
TC-00042593,trabajador,San Miguel Petapa,true,,INSERT,20850
TC-00042595,trabajador,Zona 18,true,,INSERT,22962
TC-00042597,adulto_mayor,Zona 17,true,,UPDATE,26716
TC-00042599,,,false,2026-06-26 02:27:00,DELETE,17928
TC-00042603,trabajador,Zona 4,true,,UPDATE,29574
TC-00042604,estudiante,Mixco,true,,UPDATE,30039
TC-00042608,general,Zona 4,true,,UPDATE,25350
TC-00042610,adulto_mayor,Zona 17,true,,INSERT,30406
TC-00042617,estudiante,Zona 4,true,,UPDATE,9524
TC-00042618,trabajador,Zona 17,true,,UPDATE,22618
TC-00042628,trabajador,Zona 8,true,,INSERT,7065
TC-00042629,general,Zona 1,true,,INSERT,22918
TC-00042634,trabajador,Zona 1,true,,INSERT,29838
TC-00042635,general,Zona 6,true,,INSERT,20743
TC-00042641,,,false,2026-07-03 16:46:00,DELETE,22761
TC-00042645,adulto_mayor,Zona 9,true,,UPDATE,4448
TC-00042652,trabajador,Zona 8,true,,INSERT,29855
TC-00042655,trabajador,Zona 6,true,,INSERT,7794
TC-00042657,estudiante,Zona 6,true,,UPDATE,17038
TC-00042658,trabajador,Zona 13,true,,INSERT,28371
TC-00042660,adulto_mayor,San Miguel Petapa,true,,UPDATE,25364
TC-00042671,estudiante,Zona 6,true,,UPDATE,12057
TC-00042672,,,false,2026-06-07 06:26:00,DELETE,4789
TC-00042674,estudiante,Zona 8,false,2026-07-13 11:20:00,DELETE,29633
TC-00042675,adulto_mayor,San Miguel Petapa,true,,INSERT,27792
TC-00042676,general,Zona 12,true,,UPDATE,23189
TC-00042677,adulto_mayor,Zona 6,true,,UPDATE,21760
TC-00042679,adulto_mayor,Villa Nueva,true,,INSERT,13156
TC-00042692,general,Zona 17,true,,INSERT,25759
TC-00042695,general,Zona 17,true,,UPDATE,13559
TC-00042698,,,false,2026-06-05 07:44:00,DELETE,3369
TC-00042699,estudiante,Santa Catarina Pinula,true,,UPDATE,26644
TC-00042701,general,Zona 18,true,,INSERT,27018
TC-00042702,estudiante,Zona 17,true,,UPDATE,23021
TC-00042704,general,Santa Catarina Pinula,true,,UPDATE,1676
TC-00042707,general,Zona 8,true,,INSERT,25710
TC-00042716,estudiante,Zona 7,true,,UPDATE,1927
TC-00042718,adulto_mayor,Zona 12,true,,UPDATE,20481
TC-00042720,general,Zona 11,true,,UPDATE,13375
TC-00042721,estudiante,Zona 9,true,,UPDATE,16882
TC-00042722,general,Zona 4,true,,UPDATE,25837
TC-00042726,,,false,2026-07-02 11:00:00,DELETE,22002
TC-00042728,trabajador,Zona 17,true,,UPDATE,30124
TC-00042729,trabajador,Zona 17,false,2026-06-10 19:06:00,DELETE,6869
TC-00042743,general,Santa Catarina Pinula,true,,UPDATE,22520
TC-00042745,general,Zona 17,true,,UPDATE,28711
TC-00042748,adulto_mayor,Santa Catarina Pinula,false,2026-07-12 21:06:00,DELETE,28919
TC-00042755,trabajador,Zona 1,true,,INSERT,17328
TC-00042758,general,San Miguel Petapa,true,,INSERT,11228
TC-00042759,trabajador,Zona 12,true,,INSERT,25703
TC-00042770,estudiante,Zona 8,true,,UPDATE,1922
TC-00042776,estudiante,Zona 10,true,,UPDATE,23196
TC-00042782,,,false,2026-06-24 19:40:00,DELETE,16515
TC-00042784,trabajador,Zona 17,true,,UPDATE,24637
TC-00042792,trabajador,Zona 18,true,,INSERT,28505
TC-00042793,,,false,2026-06-13 07:55:00,DELETE,8932
TC-00042797,general,Zona 1,true,,UPDATE,21156
TC-00042801,general,Zona 10,true,,UPDATE,14179
TC-00042804,adulto_mayor,Zona 9,true,,UPDATE,3749
TC-00042807,trabajador,Villa Nueva,true,,UPDATE,7956
TC-00042808,trabajador,Zona 6,true,,INSERT,30385
TC-00042811,,,false,2026-06-27 12:59:00,DELETE,18619
TC-00042814,trabajador,San Miguel Petapa,true,,INSERT,22145
TC-00042815,adulto_mayor,Mixco,true,,UPDATE,12257
TC-00042823,general,Zona 9,true,,UPDATE,30000
TC-00042826,estudiante,Zona 6,true,,UPDATE,3249
TC-00042827,trabajador,San Miguel Petapa,true,,INSERT,24859
TC-00042828,adulto_mayor,Zona 18,true,,INSERT,5608
TC-00042842,trabajador,Zona 10,true,,INSERT,7134
TC-00042848,trabajador,Zona 13,true,,UPDATE,18295
TC-00042859,trabajador,Santa Catarina Pinula,true,,INSERT,30448
TC-00042860,estudiante,Zona 7,true,,UPDATE,28783
TC-00042862,general,Zona 13,true,,INSERT,29789
TC-00042863,,,false,2026-06-14 08:43:00,DELETE,9585
TC-00042869,estudiante,Zona 17,true,,INSERT,210
TC-00042870,,,false,2026-06-14 00:16:00,DELETE,9644
TC-00042872,estudiante,Zona 17,true,,UPDATE,23730
TC-00042881,adulto_mayor,Zona 1,true,,INSERT,3662
TC-00042884,trabajador,Zona 7,true,,UPDATE,21954
TC-00042885,estudiante,Zona 9,true,,UPDATE,20293
TC-00042890,trabajador,Mixco,true,,INSERT,18092
TC-00042894,trabajador,Zona 4,true,,UPDATE,30104
TC-00042896,general,Mixco,true,,INSERT,26332
TC-00042906,estudiante,Zona 6,true,,UPDATE,7969
TC-00042910,adulto_mayor,Zona 1,true,,INSERT,7698
TC-00042913,estudiante,Santa Catarina Pinula,true,,UPDATE,11978
TC-00042918,general,Zona 1,true,,INSERT,9100
TC-00042919,estudiante,Mixco,true,,INSERT,13326
TC-00042922,trabajador,Zona 13,true,,UPDATE,3824
TC-00042923,trabajador,Mixco,true,,INSERT,28422
TC-00042930,trabajador,Zona 9,true,,INSERT,25069
TC-00042932,estudiante,Zona 10,true,,INSERT,12421
TC-00042937,adulto_mayor,Zona 18,true,,UPDATE,21796
TC-00042940,general,Santa Catarina Pinula,true,,UPDATE,3229
TC-00042941,estudiante,Zona 8,true,,UPDATE,12880
TC-00042943,trabajador,Zona 12,true,,UPDATE,6530
TC-00042948,general,Santa Catarina Pinula,true,,UPDATE,18465
TC-00042967,general,Santa Catarina Pinula,true,,UPDATE,1829
TC-00042969,adulto_mayor,Zona 7,true,,UPDATE,27388
TC-00042970,general,Zona 7,true,,INSERT,133
TC-00042973,,,false,2026-06-07 03:55:00,DELETE,4797
TC-00042976,trabajador,Zona 1,true,,INSERT,11079
TC-00042977,trabajador,Zona 17,true,,INSERT,12583
TC-00042986,trabajador,Zona 13,true,,INSERT,29868
TC-00042989,adulto_mayor,Zona 6,true,,UPDATE,9985
TC-00043003,general,Zona 8,true,,UPDATE,11542
TC-00043008,,,false,2026-06-10 04:31:00,DELETE,6827
TC-00043009,estudiante,Zona 17,true,,UPDATE,13551
TC-00043010,estudiante,Mixco,false,2026-06-28 23:36:00,DELETE,19294
TC-00043017,,,false,2026-07-11 14:01:00,DELETE,28258
TC-00043018,general,Zona 10,true,,INSERT,24894
TC-00043020,general,Zona 9,true,,UPDATE,11350
TC-00043021,general,Mixco,true,,UPDATE,11316
TC-00043022,estudiante,Zona 18,true,,INSERT,11816
TC-00043023,trabajador,Zona 11,true,,INSERT,12500
TC-00043024,adulto_mayor,Zona 10,true,,UPDATE,27431
TC-00043025,trabajador,Villa Nueva,true,,UPDATE,20372
TC-00043027,trabajador,Zona 7,false,2026-07-04 20:15:00,DELETE,23403
TC-00043028,estudiante,Mixco,true,,INSERT,14610
TC-00043030,adulto_mayor,Zona 7,true,,INSERT,22286
TC-00043031,general,Zona 7,true,,UPDATE,22330
TC-00043032,adulto_mayor,San Miguel Petapa,true,,UPDATE,20988
TC-00043033,adulto_mayor,Zona 9,true,,INSERT,6219
TC-00043038,estudiante,Zona 1,true,,INSERT,1409
TC-00043039,trabajador,Mixco,true,,UPDATE,24603
TC-00043049,adulto_mayor,Zona 17,true,,INSERT,25550
TC-00043059,adulto_mayor,Villa Nueva,true,,UPDATE,5425
TC-00043060,general,Zona 17,true,,INSERT,25743
TC-00043073,estudiante,Zona 8,true,,UPDATE,16196
TC-00043076,estudiante,Zona 13,true,,UPDATE,29329
TC-00043081,adulto_mayor,Zona 1,true,,UPDATE,21261
TC-00043083,general,Zona 4,true,,UPDATE,25310
TC-00043085,general,Santa Catarina Pinula,true,,UPDATE,25410
TC-00043094,trabajador,Zona 10,true,,INSERT,15907
TC-00043095,trabajador,Zona 18,true,,UPDATE,22413
TC-00043097,adulto_mayor,Zona 4,true,,UPDATE,27450
TC-00043098,estudiante,Zona 18,true,,UPDATE,10868
TC-00043101,estudiante,Mixco,true,,INSERT,23684
TC-00043111,,,false,2026-07-11 03:20:00,DELETE,28226
TC-00043112,,,false,2026-07-15 01:23:00,DELETE,30977
TC-00043116,,,false,2026-06-14 03:46:00,DELETE,9624
TC-00043117,,,false,2026-07-02 01:09:00,DELETE,22078
TC-00043127,estudiante,Santa Catarina Pinula,true,,UPDATE,21206
TC-00043131,general,Zona 7,true,,INSERT,29671
TC-00043134,,,false,2026-06-03 22:36:00,DELETE,1983
TC-00043137,adulto_mayor,Zona 1,true,,UPDATE,7233
TC-00043138,trabajador,Zona 17,true,,UPDATE,27929
TC-00043145,general,Zona 12,true,,INSERT,19324
TC-00043146,trabajador,Santa Catarina Pinula,false,2026-07-11 18:26:00,DELETE,28230
TC-00043151,estudiante,Zona 17,true,,INSERT,17991
TC-00043153,general,Zona 18,true,,INSERT,16568
TC-00043156,adulto_mayor,Zona 17,true,,UPDATE,16313
TC-00043158,general,San Miguel Petapa,true,,INSERT,3000
TC-00043163,trabajador,Zona 7,true,,INSERT,12505
TC-00043168,trabajador,San Miguel Petapa,true,,UPDATE,17553
TC-00043171,trabajador,Zona 18,true,,INSERT,14032
TC-00043173,general,Zona 1,true,,INSERT,19557
TC-00043174,adulto_mayor,Zona 11,true,,UPDATE,18263
TC-00043176,estudiante,Zona 9,true,,UPDATE,17579
TC-00043179,general,Zona 1,true,,UPDATE,5208
TC-00043181,adulto_mayor,Zona 7,true,,UPDATE,14346
TC-00043182,trabajador,Zona 17,true,,UPDATE,28831
TC-00043183,general,Zona 17,true,,UPDATE,25949
TC-00043185,trabajador,Zona 4,true,,INSERT,5649
TC-00043189,trabajador,Zona 18,true,,INSERT,2891
TC-00043193,estudiante,Zona 6,true,,UPDATE,12183
TC-00043197,trabajador,Zona 6,true,,INSERT,28408
TC-00043198,trabajador,Zona 8,true,,UPDATE,29473
TC-00043199,,,false,2026-06-24 10:39:00,DELETE,16511
TC-00043201,general,Zona 6,true,,UPDATE,7382
TC-00043212,trabajador,Santa Catarina Pinula,true,,INSERT,18759
TC-00043213,estudiante,Zona 7,true,,INSERT,3671
TC-00043215,trabajador,Villa Nueva,true,,UPDATE,27339
TC-00043218,trabajador,Zona 4,true,,INSERT,21441
TC-00043225,general,Zona 10,true,,UPDATE,23913
TC-00043226,trabajador,Zona 1,true,,INSERT,23657
TC-00043227,adulto_mayor,San Miguel Petapa,true,,UPDATE,16402
TC-00043228,general,Zona 17,true,,UPDATE,17561
TC-00043235,general,Santa Catarina Pinula,true,,UPDATE,21107
TC-00043236,general,Zona 18,true,,INSERT,4339
TC-00043246,trabajador,Zona 9,true,,UPDATE,1179
TC-00043247,general,Zona 1,true,,INSERT,29876
TC-00043248,,,false,2026-07-02 06:46:00,DELETE,22072
TC-00043250,estudiante,Zona 11,true,,INSERT,25067
TC-00043252,,,false,2026-06-11 21:49:00,DELETE,7524
TC-00043256,trabajador,Zona 6,true,,INSERT,7093
TC-00043259,trabajador,Zona 9,true,,UPDATE,27884
TC-00043263,general,Zona 11,true,,INSERT,19546
TC-00043267,adulto_mayor,Zona 7,true,,UPDATE,6589
TC-00043278,estudiante,Zona 7,true,,UPDATE,9556
TC-00043279,adulto_mayor,Zona 8,true,,UPDATE,12150
TC-00043280,estudiante,San Miguel Petapa,true,,UPDATE,5151
TC-00043285,adulto_mayor,Zona 7,true,,UPDATE,6544
TC-00043288,general,Zona 9,true,,UPDATE,23721
TC-00043290,adulto_mayor,Villa Nueva,true,,UPDATE,4507
TC-00043292,general,Villa Nueva,true,,UPDATE,29431
TC-00043296,estudiante,Zona 12,true,,UPDATE,21039
TC-00043297,trabajador,Zona 8,true,,INSERT,22975
TC-00043298,trabajador,Mixco,true,,INSERT,12464
TC-00043300,general,Zona 13,false,2026-06-29 09:27:00,DELETE,19996
TC-00043302,estudiante,San Miguel Petapa,true,,UPDATE,8720
TC-00043310,,,false,2026-07-05 03:38:00,DELETE,24071
TC-00043312,trabajador,Zona 17,true,,INSERT,30383
TC-00043313,general,Villa Nueva,true,,INSERT,23656
TC-00043314,trabajador,Zona 10,true,,UPDATE,16126
TC-00043326,trabajador,Zona 8,true,,INSERT,10364
TC-00043330,,,false,2026-06-07 13:56:00,DELETE,4741
TC-00043332,trabajador,San Miguel Petapa,true,,UPDATE,459
TC-00043333,adulto_mayor,Zona 6,true,,INSERT,11876
TC-00043335,adulto_mayor,Zona 6,true,,UPDATE,15501
TC-00043352,trabajador,Zona 17,true,,UPDATE,3191
TC-00043354,estudiante,Zona 6,true,,INSERT,3690
TC-00043360,adulto_mayor,Zona 11,true,,INSERT,29158
TC-00043365,,,false,2026-06-01 01:00:00,DELETE,643
TC-00043367,general,Mixco,true,,UPDATE,30100
TC-00043369,estudiante,Santa Catarina Pinula,true,,INSERT,15976
TC-00043374,trabajador,Zona 9,true,,INSERT,13154
TC-00043377,adulto_mayor,Zona 1,true,,UPDATE,20526
TC-00043379,adulto_mayor,Zona 6,true,,INSERT,13139
TC-00043385,trabajador,Zona 1,true,,INSERT,26298
TC-00043388,trabajador,Zona 13,true,,INSERT,11128
TC-00043402,estudiante,Villa Nueva,true,,UPDATE,12857
TC-00043403,adulto_mayor,Zona 10,true,,INSERT,23479
TC-00043408,adulto_mayor,Zona 8,true,,INSERT,26312
TC-00043413,adulto_mayor,Zona 7,true,,INSERT,26917
TC-00043415,trabajador,Zona 4,true,,INSERT,29737
TC-00043416,adulto_mayor,Zona 12,true,,UPDATE,17704
TC-00043426,,,false,2026-06-08 16:34:00,DELETE,5465
TC-00043429,general,Zona 7,true,,UPDATE,30106
TC-00043434,adulto_mayor,Zona 17,true,,UPDATE,19748
TC-00043440,trabajador,Zona 18,true,,INSERT,20871
TC-00043441,general,San Miguel Petapa,true,,UPDATE,25368
TC-00043445,trabajador,Zona 12,true,,UPDATE,22679
TC-00043446,general,Zona 8,true,,UPDATE,23170
TC-00043447,general,Zona 10,true,,UPDATE,18509
TC-00043451,trabajador,Zona 11,true,,INSERT,884
TC-00043469,trabajador,Zona 13,true,,UPDATE,8634
TC-00043470,general,Zona 13,true,,UPDATE,13707
TC-00043474,adulto_mayor,Zona 1,true,,UPDATE,3332
TC-00043477,,,false,2026-06-28 19:07:00,DELETE,19266
TC-00043480,,,false,2026-07-06 21:04:00,DELETE,24785
TC-00043486,general,Zona 8,true,,INSERT,7787
TC-00043488,,,false,2026-06-11 07:32:00,DELETE,7555
TC-00043495,general,Zona 4,true,,INSERT,20779
TC-00043498,trabajador,Zona 6,true,,UPDATE,8546
TC-00043499,estudiante,Zona 1,true,,UPDATE,14335
TC-00043502,trabajador,Zona 6,true,,INSERT,16774
TC-00043503,adulto_mayor,Zona 12,false,2026-06-23 02:56:00,DELETE,15831
TC-00043506,adulto_mayor,Zona 13,true,,INSERT,64
TC-00043509,general,Zona 10,true,,UPDATE,30079
TC-00043510,trabajador,Santa Catarina Pinula,true,,INSERT,5654
TC-00043517,trabajador,Zona 10,true,,UPDATE,23845
TC-00043518,general,Zona 4,true,,UPDATE,22426
TC-00043521,general,Zona 1,true,,UPDATE,8712
TC-00043523,trabajador,Zona 17,true,,UPDATE,13365
TC-00043527,trabajador,Zona 10,true,,INSERT,29768
TC-00043528,estudiante,Zona 1,true,,UPDATE,15498
TC-00043530,adulto_mayor,Santa Catarina Pinula,true,,UPDATE,25401
TC-00043539,estudiante,Zona 13,true,,UPDATE,28818
TC-00043542,adulto_mayor,Zona 10,true,,UPDATE,3774
TC-00043543,trabajador,Mixco,true,,INSERT,8496
TC-00043544,estudiante,Zona 1,true,,INSERT,6417
TC-00043554,general,Zona 11,true,,UPDATE,18204
TC-00043557,general,Santa Catarina Pinula,true,,INSERT,7706
TC-00043560,adulto_mayor,Zona 4,true,,UPDATE,11996
TC-00043561,general,Santa Catarina Pinula,true,,UPDATE,24636
TC-00043562,estudiante,Santa Catarina Pinula,true,,INSERT,12452
TC-00043569,general,Zona 9,true,,INSERT,25702
TC-00043570,adulto_mayor,Zona 17,true,,INSERT,3647
TC-00043572,,,false,2026-06-17 00:18:00,DELETE,11683
TC-00043582,general,Zona 10,true,,UPDATE,15511
TC-00043587,adulto_mayor,Zona 12,true,,UPDATE,28564
TC-00043591,general,Zona 12,true,,UPDATE,5098
TC-00043592,adulto_mayor,Zona 12,true,,UPDATE,15581
TC-00043593,adulto_mayor,Zona 10,true,,UPDATE,13691
TC-00043595,estudiante,Santa Catarina Pinula,true,,INSERT,26934
TC-00043597,adulto_mayor,Zona 18,true,,INSERT,894
TC-00043604,,,false,2026-07-09 04:33:00,DELETE,26868
TC-00043605,estudiante,Zona 13,true,,UPDATE,27925
TC-00043611,estudiante,Zona 11,true,,UPDATE,23018
TC-00043613,trabajador,Zona 13,true,,UPDATE,30775
TC-00043614,general,Zona 6,true,,INSERT,20765
TC-00043618,adulto_mayor,Zona 1,true,,UPDATE,30736
TC-00043623,adulto_mayor,Zona 13,true,,UPDATE,17076
TC-00043624,trabajador,Zona 18,true,,INSERT,21627
TC-00043631,trabajador,Zona 18,true,,INSERT,16591
TC-00043632,trabajador,Zona 9,true,,INSERT,11109
TC-00043639,trabajador,Mixco,true,,INSERT,146
TC-00043646,adulto_mayor,Zona 7,true,,UPDATE,14914
TC-00043648,trabajador,Mixco,true,,INSERT,17286
TC-00043651,trabajador,Mixco,true,,INSERT,18675
TC-00043653,,,false,2026-06-08 23:18:00,DELETE,5463
TC-00043654,general,San Miguel Petapa,true,,INSERT,124
TC-00043657,general,Zona 13,true,,UPDATE,27309
TC-00043661,trabajador,Zona 13,true,,UPDATE,21635
TC-00043664,estudiante,Zona 4,true,,INSERT,24974
TC-00043665,estudiante,Zona 10,true,,UPDATE,3344
TC-00043667,estudiante,Zona 10,true,,UPDATE,29347
TC-00043669,,,false,2026-06-28 16:40:00,DELETE,19262
TC-00043673,,,false,2026-06-16 08:18:00,DELETE,10966
TC-00043678,estudiante,Mixco,false,2026-06-16 13:35:00,DELETE,10956
TC-00043679,estudiante,Zona 1,true,,UPDATE,8614
TC-00043680,adulto_mayor,Zona 12,true,,UPDATE,10166
TC-00043681,adulto_mayor,Zona 9,true,,UPDATE,25859
TC-00043685,estudiante,Zona 12,true,,INSERT,10579
TC-00043686,trabajador,Mixco,true,,INSERT,24363
TC-00043688,,,false,2026-07-02 21:02:00,DELETE,22010
TC-00043691,adulto_mayor,Zona 6,true,,UPDATE,11477
TC-00043692,adulto_mayor,Zona 12,true,,UPDATE,19745
TC-00043694,adulto_mayor,Zona 12,true,,INSERT,11767
TC-00043696,adulto_mayor,Zona 13,true,,INSERT,15871
TC-00043697,trabajador,Zona 17,true,,INSERT,28429
TC-00043703,adulto_mayor,Mixco,true,,UPDATE,17514
TC-00043708,trabajador,Zona 13,true,,INSERT,6266
TC-00043716,trabajador,Zona 11,true,,INSERT,11805
TC-00043721,trabajador,Zona 18,true,,INSERT,24872
TC-00043725,adulto_mayor,Mixco,true,,UPDATE,7910
TC-00043729,adulto_mayor,Mixco,true,,UPDATE,18246
TC-00043732,general,San Miguel Petapa,true,,UPDATE,282
TC-00043738,estudiante,Zona 13,true,,UPDATE,14093
TC-00043742,,,false,2026-07-06 23:13:00,DELETE,24780
TC-00043743,estudiante,Zona 13,true,,UPDATE,11282
TC-00043744,general,Zona 17,true,,UPDATE,22613
TC-00043749,,,false,2026-07-13 05:30:00,DELETE,29624
TC-00043755,trabajador,Zona 17,true,,INSERT,5730
TC-00043756,general,Zona 1,true,,UPDATE,20532
TC-00043762,adulto_mayor,Zona 13,true,,UPDATE,1016
TC-00043763,adulto_mayor,Zona 17,true,,UPDATE,23163
TC-00043765,adulto_mayor,Zona 18,true,,UPDATE,11319
TC-00043771,estudiante,Zona 9,true,,UPDATE,6106
TC-00043772,general,Zona 13,true,,UPDATE,15539
TC-00043774,general,Zona 9,true,,UPDATE,24642
TC-00043776,general,Zona 18,true,,INSERT,2805
TC-00043778,trabajador,Zona 17,true,,INSERT,15297
TC-00043781,,,false,2026-06-10 23:25:00,DELETE,6864
TC-00043794,trabajador,Zona 13,true,,INSERT,20817
TC-00043796,general,Zona 9,true,,UPDATE,28044
TC-00043797,general,Zona 9,true,,UPDATE,9469
TC-00043798,,,false,2026-07-09 05:37:00,DELETE,26888
TC-00043802,adulto_mayor,Zona 4,true,,UPDATE,6076
TC-00043810,,,false,2026-07-06 02:44:00,DELETE,24824
TC-00043812,general,Zona 8,true,,UPDATE,16802
TC-00043816,trabajador,Mixco,true,,INSERT,21454
TC-00043822,,,false,2026-06-14 00:21:00,DELETE,9660
TC-00043824,estudiante,Zona 13,true,,INSERT,4987
TC-00043826,general,Zona 1,true,,UPDATE,20352
TC-00043828,trabajador,Zona 1,true,,UPDATE,17053
TC-00043829,general,Mixco,true,,UPDATE,22431
TC-00043831,trabajador,Zona 10,true,,INSERT,19539
TC-00043833,general,Zona 17,true,,UPDATE,19113
TC-00043835,adulto_mayor,Mixco,true,,UPDATE,9989
TC-00043839,general,San Miguel Petapa,true,,INSERT,18063
TC-00043842,estudiante,Zona 4,true,,UPDATE,9274
TC-00043843,trabajador,Villa Nueva,false,2026-06-25 11:07:00,DELETE,17212
TC-00043844,estudiante,Zona 11,true,,UPDATE,25981
TC-00043848,general,Zona 1,true,,UPDATE,25339
TC-00043850,trabajador,Zona 13,true,,UPDATE,18451
TC-00043853,adulto_mayor,Zona 6,true,,UPDATE,26599
TC-00043856,adulto_mayor,Zona 9,true,,UPDATE,13379
TC-00043859,general,Zona 11,true,,INSERT,25065
TC-00043861,trabajador,Zona 7,true,,INSERT,13929
TC-00043864,general,Villa Nueva,true,,UPDATE,15669
TC-00043866,adulto_mayor,Zona 13,true,,INSERT,7724
TC-00043869,trabajador,Zona 10,true,,INSERT,19477
TC-00043874,trabajador,Zona 10,true,,UPDATE,13463
TC-00043875,adulto_mayor,Zona 11,true,,UPDATE,18920
TC-00043884,adulto_mayor,Zona 6,true,,INSERT,27102
TC-00043886,trabajador,Zona 6,true,,INSERT,17982
TC-00043888,general,Villa Nueva,true,,UPDATE,14247
TC-00043890,general,Zona 6,true,,UPDATE,21065
TC-00043894,trabajador,Zona 18,true,,UPDATE,3273
TC-00043898,trabajador,Zona 7,true,,UPDATE,17632
TC-00043900,estudiante,Zona 6,true,,INSERT,7680
TC-00043904,trabajador,Zona 12,true,,UPDATE,21134
TC-00043910,trabajador,Zona 8,true,,UPDATE,18275
TC-00043911,estudiante,Mixco,true,,UPDATE,24514
TC-00043912,adulto_mayor,San Miguel Petapa,true,,INSERT,15295
TC-00043917,trabajador,Zona 17,true,,UPDATE,12680
TC-00043920,trabajador,Zona 18,true,,UPDATE,11506
TC-00043927,estudiante,Zona 6,true,,INSERT,9787
TC-00043928,adulto_mayor,Zona 17,true,,UPDATE,30819
TC-00043937,estudiante,Zona 4,true,,UPDATE,8049
TC-00043945,trabajador,Zona 12,true,,INSERT,10457
TC-00043952,adulto_mayor,Zona 17,true,,UPDATE,25942
TC-00043953,estudiante,Zona 1,true,,UPDATE,21829
TC-00043960,trabajador,Zona 10,true,,UPDATE,19201
TC-00043962,general,Zona 11,true,,UPDATE,7399
TC-00043969,general,Zona 12,true,,INSERT,19323
TC-00043970,estudiante,Santa Catarina Pinula,true,,UPDATE,25273
TC-00043982,trabajador,Zona 6,true,,UPDATE,20359
TC-00043986,trabajador,Mixco,true,,INSERT,11267
TC-00044001,general,Villa Nueva,true,,UPDATE,7364
TC-00044002,adulto_mayor,Zona 8,true,,UPDATE,13708
TC-00044003,estudiante,Zona 17,true,,UPDATE,10152
TC-00044005,estudiante,Zona 17,false,2026-07-02 20:25:00,DELETE,22008
TC-00044007,general,Zona 4,true,,INSERT,25694
TC-00044016,adulto_mayor,Zona 18,true,,UPDATE,10208
TC-00044021,trabajador,Mixco,true,,UPDATE,26748
TC-00044025,general,Zona 18,true,,UPDATE,11405
TC-00044029,trabajador,Zona 10,true,,UPDATE,20951
TC-00044030,,,false,2026-07-04 15:37:00,DELETE,23456
TC-00044035,trabajador,Zona 9,true,,INSERT,28426
TC-00044036,adulto_mayor,Santa Catarina Pinula,true,,UPDATE,26462
TC-00044039,adulto_mayor,Zona 10,true,,UPDATE,13011
TC-00044040,adulto_mayor,Santa Catarina Pinula,true,,UPDATE,4557
TC-00044043,trabajador,Zona 13,true,,INSERT,19435
TC-00044044,trabajador,Zona 1,true,,INSERT,7655
TC-00044045,adulto_mayor,Zona 9,true,,UPDATE,17499
TC-00044046,trabajador,Zona 9,true,,INSERT,18787
TC-00044061,estudiante,Zona 17,true,,UPDATE,27236
TC-00044064,estudiante,Zona 10,true,,UPDATE,25278
TC-00044065,estudiante,Villa Nueva,true,,UPDATE,28131
TC-00044066,general,San Miguel Petapa,true,,INSERT,1556
TC-00044070,trabajador,Zona 7,true,,UPDATE,1905
TC-00044072,trabajador,Santa Catarina Pinula,true,,UPDATE,29464
TC-00044075,trabajador,Zona 12,true,,UPDATE,30254
TC-00044078,trabajador,Villa Nueva,true,,INSERT,22092
TC-00044079,trabajador,Zona 4,true,,INSERT,13891
TC-00044080,adulto_mayor,Zona 18,true,,INSERT,758
TC-00044084,trabajador,Zona 12,true,,INSERT,24352
TC-00044091,,,false,2026-06-24 07:37:00,DELETE,16481
TC-00044092,estudiante,Zona 17,true,,INSERT,9179
TC-00044096,adulto_mayor,Zona 1,true,,UPDATE,14132
TC-00044097,estudiante,Zona 6,true,,UPDATE,12805
TC-00044099,trabajador,Zona 11,true,,INSERT,24863
TC-00044103,trabajador,Zona 7,true,,INSERT,27037
TC-00044109,estudiante,Zona 10,true,,UPDATE,29933
TC-00044111,estudiante,Zona 1,true,,UPDATE,16358
TC-00044113,general,Zona 18,true,,UPDATE,25929
TC-00044114,estudiante,Zona 8,true,,UPDATE,2561
TC-00044121,trabajador,Zona 7,true,,UPDATE,17744
TC-00044144,estudiante,Zona 9,true,,INSERT,18684
TC-00044146,trabajador,Zona 8,true,,UPDATE,977
TC-00044147,trabajador,Zona 1,true,,UPDATE,18390
TC-00044149,adulto_mayor,Zona 18,true,,UPDATE,24471
TC-00044153,,,false,2026-06-10 14:24:00,DELETE,6894
TC-00044154,trabajador,Zona 18,true,,UPDATE,10065
TC-00044156,general,Zona 1,true,,UPDATE,1034
TC-00044157,trabajador,Zona 13,true,,INSERT,14506
TC-00044160,estudiante,Zona 4,true,,UPDATE,12166
TC-00044161,estudiante,Mixco,true,,UPDATE,3729
TC-00044162,adulto_mayor,Zona 6,true,,UPDATE,12972
TC-00044165,adulto_mayor,Zona 11,true,,UPDATE,19620
TC-00044167,adulto_mayor,Villa Nueva,true,,UPDATE,23283
TC-00044176,estudiante,Zona 9,true,,UPDATE,5297
TC-00044185,estudiante,Zona 10,true,,UPDATE,16464
TC-00044189,general,Zona 12,true,,UPDATE,25911
TC-00044190,trabajador,Zona 18,true,,INSERT,27631
TC-00044192,general,Zona 4,true,,INSERT,22836
TC-00044193,general,Zona 1,true,,UPDATE,24054
TC-00044198,trabajador,Zona 8,true,,UPDATE,321
TC-00044199,trabajador,San Miguel Petapa,true,,UPDATE,10592
TC-00044200,general,San Miguel Petapa,true,,UPDATE,30185
TC-00044206,adulto_mayor,Zona 12,true,,INSERT,27779
TC-00044208,trabajador,Zona 8,true,,UPDATE,9383
TC-00044210,adulto_mayor,Zona 10,true,,UPDATE,28586
TC-00044215,general,Zona 4,true,,UPDATE,1638
TC-00044224,general,Zona 13,true,,UPDATE,7460
TC-00044227,,,false,2026-07-04 17:10:00,DELETE,23452
TC-00044236,trabajador,Zona 18,true,,UPDATE,25082
TC-00044238,,,false,2026-06-11 12:19:00,DELETE,7561
TC-00044242,,,false,2026-06-05 00:08:00,DELETE,3410
TC-00044244,,,false,2026-07-09 05:32:00,DELETE,26873
TC-00044246,adulto_mayor,Zona 18,true,,UPDATE,12981
TC-00044249,adulto_mayor,Zona 11,true,,UPDATE,15054
TC-00044255,general,Villa Nueva,true,,UPDATE,18326
TC-00044256,adulto_mayor,Santa Catarina Pinula,true,,UPDATE,6038
TC-00044257,trabajador,Zona 13,true,,INSERT,13824
TC-00044258,trabajador,Santa Catarina Pinula,true,,INSERT,20228
TC-00044261,general,Santa Catarina Pinula,true,,UPDATE,5415
TC-00044263,adulto_mayor,Zona 10,true,,UPDATE,7476
TC-00044264,,,false,2026-07-07 22:33:00,DELETE,25457
TC-00044274,trabajador,Zona 11,true,,INSERT,2998
TC-00044276,trabajador,Zona 12,true,,INSERT,27061
TC-00044278,general,Zona 17,true,,UPDATE,15662
TC-00044279,estudiante,San Miguel Petapa,true,,UPDATE,8818
TC-00044280,trabajador,Zona 1,true,,UPDATE,21293
TC-00044281,,,false,2026-06-09 22:50:00,DELETE,6161
TC-00044288,estudiante,Mixco,true,,INSERT,17458
TC-00044300,trabajador,Zona 10,true,,INSERT,12484
TC-00044301,estudiante,Mixco,true,,UPDATE,28001
TC-00044305,trabajador,Zona 4,true,,INSERT,9869
TC-00044308,trabajador,Mixco,true,,UPDATE,7252
TC-00044309,,,false,2026-06-09 06:30:00,DELETE,6156
TC-00044317,general,Zona 7,true,,INSERT,27090
TC-00044322,estudiante,Santa Catarina Pinula,true,,INSERT,24846
TC-00044323,adulto_mayor,Villa Nueva,true,,UPDATE,3280
TC-00044327,estudiante,Zona 10,true,,UPDATE,29451
TC-00044329,estudiante,Zona 8,true,,INSERT,4245
TC-00044332,adulto_mayor,Zona 18,true,,UPDATE,18476
TC-00044333,general,Zona 11,true,,UPDATE,19706
TC-00044340,trabajador,Zona 12,true,,INSERT,22298
TC-00044346,adulto_mayor,San Miguel Petapa,true,,UPDATE,29250
TC-00044351,general,Zona 12,true,,UPDATE,30800
TC-00044353,trabajador,Zona 13,true,,INSERT,26295
TC-00044355,estudiante,Zona 18,true,,UPDATE,19192
TC-00044356,trabajador,San Miguel Petapa,true,,INSERT,30587
TC-00044359,trabajador,Zona 13,true,,UPDATE,17767
TC-00044361,general,Zona 9,true,,INSERT,22261
TC-00044364,estudiante,Zona 18,true,,UPDATE,27173
TC-00044366,general,Mixco,false,2026-06-28 23:17:00,DELETE,19244
TC-00044368,trabajador,San Miguel Petapa,true,,UPDATE,30171
TC-00044369,general,Mixco,true,,INSERT,19335
TC-00044370,adulto_mayor,Zona 11,true,,UPDATE,15061
TC-00044373,general,Zona 18,true,,UPDATE,15505
TC-00044374,general,Zona 10,false,2026-06-26 07:11:00,DELETE,17871
TC-00044378,,,false,2026-06-08 06:45:00,DELETE,5515
TC-00044393,,,false,2026-06-09 17:13:00,DELETE,6195
TC-00044394,estudiante,Zona 8,true,,UPDATE,8061
TC-00044400,general,Zona 17,true,,UPDATE,23765
TC-00044402,trabajador,Zona 7,true,,UPDATE,387
TC-00044404,estudiante,Santa Catarina Pinula,true,,UPDATE,19610
TC-00044406,trabajador,Zona 11,true,,INSERT,29899
TC-00044409,trabajador,Zona 13,true,,INSERT,20198
TC-00044410,,,false,2026-06-28 18:00:00,DELETE,19251
TC-00044416,general,Zona 4,false,2026-07-13 19:38:00,DELETE,29660
TC-00044421,estudiante,Zona 13,true,,UPDATE,11619
TC-00044430,estudiante,Zona 6,true,,INSERT,2896
TC-00044435,trabajador,Villa Nueva,true,,UPDATE,13539
TC-00044436,general,Zona 10,true,,UPDATE,368
TC-00044438,trabajador,Zona 17,true,,UPDATE,23046
TC-00044439,adulto_mayor,Zona 6,true,,INSERT,30489
TC-00044440,adulto_mayor,Zona 6,true,,UPDATE,14923
TC-00044443,,,false,2026-06-30 01:18:00,DELETE,20688
TC-00044446,general,Zona 9,true,,UPDATE,2398
TC-00044451,trabajador,Mixco,true,,UPDATE,8835
TC-00044460,trabajador,Zona 18,true,,INSERT,29894
TC-00044467,trabajador,San Miguel Petapa,true,,INSERT,7789
TC-00044468,,,false,2026-06-29 04:19:00,DELETE,19926
TC-00044471,trabajador,Zona 18,true,,UPDATE,17026
TC-00044472,general,Zona 6,true,,UPDATE,10002
TC-00044480,general,Zona 11,true,,INSERT,18700
TC-00044490,general,Zona 13,true,,UPDATE,10850
TC-00044494,trabajador,Zona 12,true,,INSERT,29846
TC-00044495,estudiante,Zona 1,true,,UPDATE,10073
TC-00044498,adulto_mayor,Villa Nueva,true,,INSERT,16022
TC-00044500,trabajador,Zona 8,true,,INSERT,23615
TC-00044501,trabajador,Zona 18,true,,INSERT,24373
TC-00044504,adulto_mayor,Villa Nueva,true,,UPDATE,19056
TC-00044508,trabajador,Mixco,true,,UPDATE,10918
TC-00044511,,,false,2026-06-18 12:09:00,DELETE,12358
TC-00044513,adulto_mayor,Zona 8,true,,UPDATE,5797
TC-00044515,trabajador,Zona 11,true,,UPDATE,25964
TC-00044517,trabajador,Mixco,true,,UPDATE,1166
TC-00044521,adulto_mayor,Zona 11,true,,UPDATE,20483
TC-00044524,adulto_mayor,Zona 7,true,,UPDATE,8167
TC-00044525,trabajador,Zona 13,true,,UPDATE,17592
TC-00044527,general,San Miguel Petapa,true,,INSERT,2830
TC-00044532,general,Zona 7,true,,UPDATE,30939
TC-00044533,adulto_mayor,Santa Catarina Pinula,true,,UPDATE,5902
TC-00044535,adulto_mayor,San Miguel Petapa,true,,INSERT,24166
TC-00044538,adulto_mayor,Mixco,true,,UPDATE,5763
TC-00044540,trabajador,Villa Nueva,true,,INSERT,26328
TC-00044541,estudiante,Santa Catarina Pinula,true,,UPDATE,10806
TC-00044542,estudiante,Zona 11,true,,UPDATE,12946
TC-00044550,trabajador,Zona 18,true,,UPDATE,25201
TC-00044553,,,false,2026-06-08 16:58:00,DELETE,5483
TC-00044556,trabajador,Santa Catarina Pinula,true,,INSERT,7619
TC-00044562,,,false,2026-06-21 00:23:00,DELETE,14413
TC-00044567,trabajador,Zona 12,true,,UPDATE,30791
TC-00044569,general,Zona 11,true,,UPDATE,7968
TC-00044572,trabajador,Zona 13,true,,INSERT,24290
TC-00044577,trabajador,Villa Nueva,true,,INSERT,27699
TC-00044578,trabajador,Mixco,true,,INSERT,21459
TC-00044590,trabajador,Zona 4,true,,INSERT,2858
TC-00044592,,,false,2026-07-06 03:56:00,DELETE,24777
TC-00044599,general,Mixco,true,,UPDATE,21963
TC-00044604,trabajador,Zona 10,true,,INSERT,7695
TC-00044609,trabajador,Zona 7,true,,INSERT,28325
TC-00044612,trabajador,San Miguel Petapa,true,,INSERT,13801
TC-00044623,trabajador,Zona 10,true,,INSERT,20078
TC-00044625,adulto_mayor,Zona 6,true,,INSERT,11861
TC-00044629,trabajador,Zona 9,true,,INSERT,29874
TC-00044632,general,Zona 18,true,,UPDATE,11566
TC-00044637,estudiante,Zona 18,true,,UPDATE,27310
TC-00044646,trabajador,Santa Catarina Pinula,true,,UPDATE,16960
TC-00044650,adulto_mayor,Zona 6,true,,INSERT,22294
TC-00044654,trabajador,Zona 12,true,,UPDATE,8650
TC-00044661,adulto_mayor,Zona 17,true,,UPDATE,9384
TC-00044670,trabajador,Zona 10,true,,UPDATE,14794
TC-00044677,general,Zona 12,true,,UPDATE,28623
TC-00044681,trabajador,Zona 4,true,,INSERT,12562
TC-00044685,trabajador,Santa Catarina Pinula,true,,INSERT,5688
TC-00044688,general,Santa Catarina Pinula,true,,INSERT,13961
TC-00044689,,,false,2026-06-05 08:38:00,DELETE,3442
TC-00044694,general,San Miguel Petapa,true,,INSERT,4234
TC-00044699,general,Zona 17,true,,UPDATE,16436
TC-00044700,trabajador,Zona 8,true,,INSERT,11890
TC-00044701,trabajador,Zona 6,true,,UPDATE,25365
TC-00044704,general,Zona 7,true,,UPDATE,17551
TC-00044715,,,false,2026-06-15 00:28:00,DELETE,10314
TC-00044719,general,Zona 6,true,,UPDATE,14836
TC-00044720,trabajador,Villa Nueva,true,,INSERT,21479
TC-00044729,general,Zona 18,true,,INSERT,24858
TC-00044733,trabajador,Zona 18,true,,INSERT,11843
TC-00044735,trabajador,Zona 7,true,,UPDATE,22648
TC-00044738,trabajador,Zona 17,true,,UPDATE,24440
TC-00044744,trabajador,Zona 7,true,,UPDATE,8636
TC-00044745,,,false,2026-07-03 17:24:00,DELETE,22693
TC-00044747,general,Zona 10,true,,UPDATE,9906
TC-00044748,,,false,2026-07-13 14:32:00,DELETE,29645
TC-00044750,adulto_mayor,Mixco,true,,UPDATE,16816
TC-00044751,trabajador,Zona 1,false,2026-07-11 13:00:00,DELETE,28243
TC-00044752,trabajador,San Miguel Petapa,true,,UPDATE,21294
TC-00044754,,,false,2026-06-26 08:29:00,DELETE,17920
TC-00044755,general,Zona 13,true,,INSERT,16586
TC-00044758,adulto_mayor,Zona 1,true,,UPDATE,1855
TC-00044761,trabajador,Zona 6,true,,INSERT,693
TC-00044762,trabajador,Zona 1,true,,INSERT,6999
TC-00044766,estudiante,Villa Nueva,true,,UPDATE,4396
TC-00044771,estudiante,Santa Catarina Pinula,true,,UPDATE,25094
TC-00044773,adulto_mayor,Zona 4,false,2026-06-22 03:56:00,DELETE,15140
TC-00044775,estudiante,Zona 6,true,,UPDATE,15644
TC-00044778,estudiante,Zona 12,true,,UPDATE,21703
TC-00044779,adulto_mayor,Zona 1,true,,UPDATE,22428
TC-00044782,general,Zona 11,true,,UPDATE,15440
TC-00044784,general,Zona 7,true,,UPDATE,22527
TC-00044793,,,false,2026-06-10 01:31:00,DELETE,6899
TC-00044795,trabajador,Villa Nueva,true,,INSERT,20730
TC-00044796,trabajador,Zona 1,true,,UPDATE,7190
TC-00044799,trabajador,Mixco,true,,UPDATE,1753
TC-00044805,adulto_mayor,Zona 11,true,,UPDATE,25889
TC-00044806,,,false,2026-07-05 19:10:00,DELETE,24130
TC-00044811,,,false,2026-06-10 10:33:00,DELETE,6851
TC-00044812,estudiante,Zona 13,true,,UPDATE,14117
TC-00044818,,,false,2026-06-22 09:12:00,DELETE,15164
TC-00044829,adulto_mayor,Zona 6,true,,INSERT,21394
TC-00044833,trabajador,Zona 13,true,,UPDATE,12079
TC-00044835,estudiante,Zona 17,true,,UPDATE,2316
TC-00044849,general,Zona 17,true,,UPDATE,24727
TC-00044860,trabajador,Zona 7,true,,UPDATE,23356
TC-00044866,estudiante,Zona 10,true,,UPDATE,28089
TC-00044871,general,Zona 11,true,,UPDATE,25178
TC-00044878,estudiante,Villa Nueva,true,,UPDATE,28800
TC-00044881,trabajador,Zona 18,true,,INSERT,18130
TC-00044884,trabajador,Santa Catarina Pinula,true,,UPDATE,29385
TC-00044891,trabajador,San Miguel Petapa,true,,UPDATE,15764
TC-00044892,trabajador,Zona 1,true,,UPDATE,4606
TC-00044895,general,Zona 6,true,,UPDATE,13355
TC-00044902,trabajador,Zona 13,true,,INSERT,3665
TC-00044906,general,Mixco,true,,UPDATE,1961
TC-00044912,trabajador,Villa Nueva,true,,INSERT,16654
TC-00044914,trabajador,Zona 8,true,,UPDATE,2414
TC-00044921,adulto_mayor,Zona 18,true,,UPDATE,29438
TC-00044925,estudiante,Zona 7,true,,INSERT,27816
TC-00044927,adulto_mayor,Zona 4,true,,UPDATE,16145
TC-00044928,trabajador,Zona 4,true,,UPDATE,21905
TC-00044936,estudiante,Villa Nueva,true,,INSERT,2879
TC-00044938,,,false,2026-06-05 15:31:00,DELETE,3411
TC-00044940,adulto_mayor,Zona 10,true,,UPDATE,14889
TC-00044942,estudiante,Villa Nueva,true,,UPDATE,5811
TC-00044944,estudiante,Santa Catarina Pinula,true,,INSERT,14024
TC-00044948,trabajador,Zona 17,true,,UPDATE,3042
TC-00044949,,,false,2026-06-10 00:50:00,DELETE,6818
TC-00044952,adulto_mayor,Villa Nueva,true,,UPDATE,30840
TC-00044954,trabajador,Zona 4,true,,INSERT,21398
TC-00044955,adulto_mayor,Zona 6,true,,INSERT,26943
TC-00044956,estudiante,Zona 9,true,,UPDATE,26519
TC-00044961,estudiante,Zona 1,true,,INSERT,15236
TC-00044962,trabajador,Zona 4,true,,INSERT,2116
TC-00044965,trabajador,Zona 17,true,,INSERT,804
TC-00044971,trabajador,Zona 18,true,,INSERT,900
TC-00044972,trabajador,Zona 9,true,,INSERT,21421
TC-00044974,trabajador,Zona 17,true,,INSERT,20733
TC-00044977,adulto_mayor,Zona 9,true,,UPDATE,13472
TC-00044980,estudiante,Zona 8,true,,UPDATE,16255
TC-00044985,trabajador,Zona 4,true,,INSERT,874
TC-00044986,trabajador,Zona 10,true,,UPDATE,5896
TC-00044987,estudiante,Zona 18,true,,INSERT,7710
TC-00044989,,,false,2026-07-14 07:09:00,DELETE,30297
TC-00044997,estudiante,Zona 8,true,,UPDATE,30636
TC-00044999,trabajador,Villa Nueva,true,,INSERT,9156
TC-00045000,trabajador,Mixco,true,,INSERT,2917
TC-00045003,estudiante,Villa Nueva,true,,UPDATE,13593
TC-00045009,estudiante,Zona 9,true,,UPDATE,24562
TC-00045012,trabajador,Zona 7,true,,UPDATE,18528
TC-00045013,trabajador,Zona 10,true,,UPDATE,4674
TC-00045014,general,Zona 7,true,,UPDATE,4608
TC-00045015,trabajador,Zona 4,true,,UPDATE,23729
TC-00045019,general,Zona 7,true,,UPDATE,23244
TC-00045022,trabajador,Zona 1,true,,UPDATE,7359
TC-00045023,estudiante,Zona 10,true,,UPDATE,16172
TC-00045025,,,false,2026-06-17 18:30:00,DELETE,11684
TC-00045031,general,Zona 6,true,,UPDATE,17031
TC-00045037,estudiante,Mixco,true,,UPDATE,23284
TC-00045038,,,false,2026-06-01 21:07:00,DELETE,669
TC-00045039,estudiante,Zona 4,true,,INSERT,30524
TC-00045041,trabajador,Zona 8,true,,INSERT,9721
TC-00045045,trabajador,Zona 12,true,,UPDATE,7917
TC-00045046,general,Zona 4,true,,UPDATE,11983
TC-00045048,estudiante,Villa Nueva,true,,INSERT,30509
TC-00045050,general,Zona 7,true,,UPDATE,4723
TC-00045051,trabajador,Zona 13,true,,INSERT,28356
TC-00045054,trabajador,Villa Nueva,true,,INSERT,110
TC-00045056,,,false,2026-06-25 08:07:00,DELETE,17164
TC-00045059,trabajador,Zona 10,true,,INSERT,9127
TC-00045075,trabajador,Zona 11,true,,UPDATE,22494
TC-00045076,trabajador,Zona 4,true,,INSERT,20935
TC-00045079,adulto_mayor,Mixco,true,,UPDATE,9346
TC-00045080,trabajador,Zona 12,true,,INSERT,29685
TC-00045083,,,false,2026-07-05 19:38:00,DELETE,24094
TC-00045087,general,San Miguel Petapa,true,,UPDATE,13672
TC-00045089,,,false,2026-06-23 22:56:00,DELETE,15851
TC-00045093,adulto_mayor,Zona 12,true,,UPDATE,13461
TC-00045095,general,Santa Catarina Pinula,true,,UPDATE,25771
TC-00045097,trabajador,Zona 4,true,,INSERT,25592
TC-00045101,trabajador,Zona 4,true,,UPDATE,11347
TC-00045116,trabajador,Zona 18,true,,INSERT,14040
TC-00045117,estudiante,Santa Catarina Pinula,false,2026-07-14 13:22:00,DELETE,30345
TC-00045123,estudiante,Zona 4,true,,UPDATE,16333
TC-00045126,general,Zona 11,true,,UPDATE,510
TC-00045137,estudiante,Santa Catarina Pinula,true,,INSERT,2162
TC-00045143,general,Zona 6,true,,INSERT,112
TC-00045149,general,Zona 12,true,,INSERT,21
TC-00045153,,,false,2026-06-01 21:41:00,DELETE,605
TC-00045155,adulto_mayor,Zona 12,true,,UPDATE,9959
TC-00045156,estudiante,Zona 7,true,,UPDATE,14307
TC-00045169,general,Zona 12,true,,INSERT,25020
TC-00045173,trabajador,Zona 7,true,,UPDATE,28548
TC-00045178,trabajador,Zona 4,true,,INSERT,9797
TC-00045179,trabajador,Zona 17,true,,INSERT,2271
TC-00045183,adulto_mayor,Zona 11,true,,UPDATE,5919
TC-00045188,general,Zona 8,true,,UPDATE,28770
TC-00045193,,,false,2026-06-02 14:56:00,DELETE,1343
TC-00045200,adulto_mayor,Zona 8,true,,UPDATE,2515
TC-00045204,trabajador,Zona 12,false,2026-07-02 00:08:00,DELETE,22068
TC-00045205,,,false,2026-06-09 14:45:00,DELETE,6201
TC-00045212,trabajador,Zona 13,true,,INSERT,16644
TC-00045216,general,Zona 10,true,,UPDATE,8078
TC-00045218,adulto_mayor,Zona 18,true,,UPDATE,18281
TC-00045219,estudiante,Zona 17,true,,UPDATE,28050
TC-00045221,adulto_mayor,Zona 11,true,,UPDATE,12235
TC-00045225,,,false,2026-07-14 11:03:00,DELETE,30355
TC-00045226,trabajador,Zona 1,true,,INSERT,7014
TC-00045229,adulto_mayor,Zona 11,true,,UPDATE,8871
TC-00045230,adulto_mayor,Santa Catarina Pinula,true,,UPDATE,7180
TC-00045235,trabajador,Zona 12,true,,UPDATE,23185
TC-00045240,estudiante,Mixco,true,,UPDATE,11604
TC-00045244,trabajador,San Miguel Petapa,true,,INSERT,3675
TC-00045247,trabajador,Zona 12,true,,INSERT,25688
TC-00045253,,,false,2026-06-21 19:15:00,DELETE,14403
TC-00045254,trabajador,Zona 13,true,,INSERT,29678
TC-00045255,,,false,2026-06-05 04:34:00,DELETE,3392
TC-00045270,adulto_mayor,Zona 7,true,,UPDATE,29458
TC-00045272,trabajador,Villa Nueva,true,,INSERT,18172
TC-00045274,estudiante,Zona 7,false,2026-07-02 13:00:00,DELETE,22007
TC-00045277,general,Zona 6,true,,INSERT,29019
TC-00045280,general,Zona 12,true,,UPDATE,19562
TC-00045281,trabajador,San Miguel Petapa,true,,UPDATE,29293
TC-00045291,adulto_mayor,Santa Catarina Pinula,true,,UPDATE,7241
TC-00045294,adulto_mayor,Zona 11,true,,UPDATE,28877
TC-00045295,trabajador,Zona 11,true,,INSERT,26980
TC-00045306,estudiante,Zona 6,true,,UPDATE,15500
TC-00045308,trabajador,Zona 6,true,,INSERT,11929
TC-00045312,trabajador,Zona 1,true,,INSERT,21412
TC-00045315,general,Zona 13,true,,UPDATE,17727
TC-00045318,trabajador,Zona 6,true,,UPDATE,29534
TC-00045321,trabajador,Zona 7,true,,INSERT,4281
TC-00045324,general,Zona 11,true,,UPDATE,11338
TC-00045332,general,Zona 7,true,,INSERT,28489
TC-00045335,estudiante,Santa Catarina Pinula,true,,INSERT,26235
TC-00045350,estudiante,Villa Nueva,true,,UPDATE,4456
TC-00045359,general,Zona 7,true,,UPDATE,29956
TC-00045363,adulto_mayor,Villa Nueva,true,,UPDATE,28636
TC-00045364,general,Zona 9,true,,INSERT,30497
TC-00045372,general,Villa Nueva,true,,INSERT,21408
TC-00045375,trabajador,Zona 17,true,,UPDATE,24584
TC-00045377,trabajador,Zona 13,true,,INSERT,22144
TC-00045388,adulto_mayor,Zona 13,true,,UPDATE,23245
TC-00045393,estudiante,Zona 6,true,,INSERT,27112
TC-00045395,estudiante,Santa Catarina Pinula,true,,UPDATE,2323
TC-00045396,adulto_mayor,Zona 7,false,2026-07-09 23:33:00,DELETE,26880
TC-00045404,adulto_mayor,Zona 7,true,,UPDATE,16121
TC-00045410,general,San Miguel Petapa,true,,UPDATE,26769
TC-00045412,trabajador,Zona 11,true,,INSERT,1422
TC-00045414,estudiante,Zona 13,true,,UPDATE,30807
TC-00045415,general,Mixco,true,,UPDATE,10786
TC-00045416,trabajador,Zona 7,true,,UPDATE,20569
TC-00045417,estudiante,Zona 12,true,,UPDATE,17731
TC-00045420,trabajador,Zona 9,true,,INSERT,13170
TC-00045424,trabajador,Zona 6,true,,UPDATE,29577
TC-00045433,trabajador,Zona 12,true,,UPDATE,9468
TC-00045435,general,Mixco,true,,INSERT,21610
TC-00045440,trabajador,Villa Nueva,true,,INSERT,11849
TC-00045446,general,Zona 11,true,,INSERT,10403
TC-00045452,,,false,2026-06-23 23:15:00,DELETE,15804
TC-00045458,trabajador,Zona 18,true,,UPDATE,7443
TC-00045459,adulto_mayor,Villa Nueva,true,,UPDATE,2626
TC-00045461,estudiante,Zona 7,false,2026-06-19 06:38:00,DELETE,13093
TC-00045464,estudiante,Santa Catarina Pinula,true,,UPDATE,12230
TC-00045465,general,Zona 7,true,,INSERT,25532
TC-00045470,general,Zona 9,true,,UPDATE,15028
TC-00045473,estudiante,San Miguel Petapa,true,,UPDATE,8755
TC-00045474,,,false,2026-06-08 04:21:00,DELETE,5507
TC-00045479,general,Zona 9,true,,INSERT,1502
TC-00045485,general,Zona 7,true,,INSERT,21428
TC-00045487,general,Zona 12,true,,UPDATE,25261
TC-00045494,trabajador,Zona 7,true,,UPDATE,21219
TC-00045496,trabajador,Zona 18,true,,UPDATE,28008
TC-00045498,,,false,2026-06-28 12:08:00,DELETE,19311
TC-00045501,adulto_mayor,Zona 10,true,,UPDATE,16979
TC-00045518,,,false,2026-06-05 10:39:00,DELETE,3384
TC-00045540,general,San Miguel Petapa,true,,INSERT,30541
TC-00045541,estudiante,Zona 17,true,,INSERT,9072
TC-00045547,trabajador,Zona 12,true,,INSERT,187
TC-00045548,estudiante,Zona 7,true,,UPDATE,335
TC-00045549,adulto_mayor,Zona 7,true,,UPDATE,23032
TC-00045551,trabajador,Zona 8,true,,INSERT,20209
TC-00045553,general,Zona 12,true,,INSERT,4282
TC-00045568,general,Zona 17,true,,INSERT,3562
TC-00045570,trabajador,Zona 8,true,,UPDATE,19863
TC-00045571,general,Zona 7,true,,UPDATE,29380
TC-00045575,trabajador,Zona 6,true,,UPDATE,7217
TC-00045576,estudiante,Zona 11,true,,UPDATE,12910
TC-00045581,,,false,2026-07-13 01:15:00,DELETE,29657
TC-00045582,trabajador,Mixco,true,,INSERT,27828
TC-00045584,adulto_mayor,Zona 11,true,,UPDATE,378
TC-00045589,trabajador,Zona 6,true,,UPDATE,7929
TC-00045590,trabajador,Zona 7,true,,UPDATE,18995
TC-00045591,general,Zona 12,true,,INSERT,28338
TC-00045594,,,false,2026-06-20 02:28:00,DELETE,13788
TC-00045601,trabajador,Zona 6,true,,UPDATE,17622
TC-00045610,adulto_mayor,Zona 8,true,,UPDATE,14193
TC-00045618,trabajador,Zona 8,true,,UPDATE,24546
TC-00045619,trabajador,Mixco,true,,UPDATE,12796
TC-00045622,adulto_mayor,Zona 12,true,,UPDATE,30712
TC-00045623,,,false,2026-07-07 02:18:00,DELETE,25461
TC-00045624,estudiante,San Miguel Petapa,true,,UPDATE,21024
TC-00045630,trabajador,Zona 9,true,,INSERT,19459
TC-00045638,general,Zona 7,true,,INSERT,9097
TC-00045643,adulto_mayor,Mixco,true,,UPDATE,10688
TC-00045645,,,false,2026-07-11 06:52:00,DELETE,28205
TC-00045651,general,Villa Nueva,true,,UPDATE,26597
TC-00045652,adulto_mayor,Zona 13,true,,UPDATE,19014
TC-00045662,trabajador,Mixco,true,,UPDATE,29939
TC-00045663,estudiante,Zona 8,true,,UPDATE,357
TC-00045668,general,Zona 9,true,,INSERT,21621
TC-00045669,general,San Miguel Petapa,true,,UPDATE,26792
TC-00045676,adulto_mayor,Zona 11,true,,INSERT,5636
TC-00045677,adulto_mayor,Zona 6,true,,UPDATE,18332
TC-00045678,estudiante,Santa Catarina Pinula,true,,UPDATE,1178
TC-00045679,adulto_mayor,Zona 13,true,,UPDATE,17747
TC-00045681,general,Zona 6,true,,INSERT,24281
TC-00045682,,,false,2026-06-23 07:25:00,DELETE,15816
TC-00045683,estudiante,Zona 8,true,,INSERT,14540
TC-00045692,general,Zona 10,true,,UPDATE,29313
TC-00045700,trabajador,Zona 4,true,,INSERT,731
TC-00045703,adulto_mayor,Zona 4,true,,UPDATE,10129
TC-00045705,general,Zona 13,true,,UPDATE,18952
TC-00045708,general,San Miguel Petapa,true,,UPDATE,29334
TC-00045709,general,Zona 6,true,,UPDATE,21811
TC-00045715,,,false,2026-07-10 20:08:00,DELETE,27582
TC-00045716,estudiante,Zona 8,true,,INSERT,27813
TC-00045719,trabajador,Zona 11,true,,INSERT,11786
TC-00045721,trabajador,Zona 12,true,,UPDATE,16963
TC-00045729,adulto_mayor,Zona 10,true,,UPDATE,30177
TC-00045731,estudiante,Santa Catarina Pinula,true,,UPDATE,14237
TC-00045733,,,false,2026-07-15 03:01:00,DELETE,31027
TC-00045735,general,Zona 10,true,,INSERT,1445
TC-00045741,general,Zona 17,true,,UPDATE,25083
TC-00045742,estudiante,Zona 4,true,,INSERT,8384
TC-00045749,trabajador,Zona 10,true,,UPDATE,7373
TC-00045750,general,Zona 17,true,,UPDATE,18386
TC-00045758,general,Zona 10,true,,INSERT,9209
TC-00045759,trabajador,Villa Nueva,true,,INSERT,14500
TC-00045761,trabajador,Zona 9,true,,INSERT,14543
TC-00045764,general,Zona 4,true,,UPDATE,13703
TC-00045765,general,Zona 11,true,,UPDATE,24649
TC-00045768,,,false,2026-06-28 22:55:00,DELETE,19271
TC-00045770,trabajador,Zona 11,true,,INSERT,28343
TC-00045772,adulto_mayor,Zona 18,true,,INSERT,25568
TC-00045781,estudiante,Zona 10,true,,UPDATE,15648
TC-00045784,trabajador,Zona 18,true,,INSERT,25756
TC-00045790,estudiante,Zona 7,true,,UPDATE,6115
TC-00045800,general,Zona 12,false,2026-06-26 03:01:00,DELETE,17922
TC-00045803,general,Zona 13,true,,UPDATE,21058
TC-00045804,adulto_mayor,Zona 12,true,,UPDATE,19603
TC-00045816,,,false,2026-07-04 07:27:00,DELETE,23437
TC-00045818,,,false,2026-06-04 06:57:00,DELETE,2688
TC-00045820,estudiante,Mixco,true,,UPDATE,28053
TC-00045827,trabajador,Zona 7,true,,UPDATE,21669
TC-00045830,estudiante,Zona 4,true,,UPDATE,14256
TC-00045831,estudiante,Zona 6,true,,UPDATE,27385
TC-00045833,estudiante,Zona 12,true,,INSERT,26949
TC-00045837,,,false,2026-07-14 23:31:00,DELETE,30281
TC-00045845,,,false,2026-06-09 00:16:00,DELETE,6135
TC-00045862,trabajador,Zona 12,true,,UPDATE,20376
TC-00045863,estudiante,Zona 7,true,,INSERT,27802
TC-00045871,,,false,2026-06-18 08:45:00,DELETE,12381
TC-00045873,adulto_mayor,Villa Nueva,true,,INSERT,8482
TC-00045879,trabajador,Zona 6,true,,INSERT,28986
TC-00045882,estudiante,Villa Nueva,true,,UPDATE,30638
TC-00045888,estudiante,San Miguel Petapa,true,,UPDATE,23172
TC-00045895,estudiante,Villa Nueva,true,,INSERT,5565
TC-00045897,estudiante,Zona 8,true,,INSERT,12535
TC-00045901,estudiante,Zona 7,true,,UPDATE,8541
TC-00045906,trabajador,San Miguel Petapa,true,,UPDATE,21665
TC-00045913,,,false,2026-06-26 06:44:00,DELETE,17899
TC-00045915,estudiante,San Miguel Petapa,true,,UPDATE,7492
TC-00045916,trabajador,San Miguel Petapa,true,,UPDATE,21859
TC-00045917,estudiante,Zona 17,true,,INSERT,11143
TC-00045925,trabajador,Zona 9,true,,INSERT,3655
TC-00045930,estudiante,Villa Nueva,true,,UPDATE,25437
TC-00045931,general,San Miguel Petapa,true,,INSERT,25716
TC-00045936,trabajador,Zona 6,true,,UPDATE,22331
TC-00045939,estudiante,Zona 10,true,,INSERT,13276
TC-00045942,,,false,2026-07-07 09:07:00,DELETE,25444
TC-00045944,trabajador,Zona 6,true,,UPDATE,12066
TC-00045946,trabajador,Zona 6,true,,INSERT,4275
TC-00045947,,,false,2026-06-29 08:14:00,DELETE,19949
TC-00045948,,,false,2026-06-06 22:57:00,DELETE,4132
TC-00045949,trabajador,Zona 11,true,,INSERT,18706
TC-00045951,,,false,2026-06-12 13:25:00,DELETE,8236
TC-00045955,adulto_mayor,Zona 1,true,,UPDATE,23994
TC-00045958,,,false,2026-06-03 23:44:00,DELETE,2013
TC-00045961,trabajador,Zona 7,true,,UPDATE,26699
TC-00045964,estudiante,Zona 7,true,,UPDATE,24044
TC-00045966,estudiante,Zona 10,true,,UPDATE,24688
TC-00045970,estudiante,Zona 4,true,,UPDATE,13515
TC-00045971,general,Zona 12,true,,INSERT,13181
TC-00045975,trabajador,Zona 1,true,,INSERT,5673
TC-00045980,general,Zona 13,true,,UPDATE,14094
TC-00045982,trabajador,Zona 13,true,,UPDATE,12185
TC-00045984,trabajador,Zona 17,true,,INSERT,28443
TC-00045986,estudiante,Zona 11,false,2026-06-29 16:26:00,DELETE,19928
TC-00045987,adulto_mayor,Zona 18,true,,UPDATE,29361
TC-00045988,adulto_mayor,Zona 17,true,,UPDATE,4588
TC-00045989,adulto_mayor,Zona 18,true,,UPDATE,3978
TC-00045990,estudiante,Zona 13,true,,UPDATE,8126
TC-00045996,,,false,2026-06-16 01:28:00,DELETE,10994
TC-00045999,trabajador,Zona 9,true,,UPDATE,5979
TC-00046002,trabajador,Zona 9,true,,INSERT,9814
TC-00046007,general,Zona 12,true,,INSERT,9791
TC-00046016,general,Zona 8,true,,UPDATE,22410
TC-00046020,adulto_mayor,Santa Catarina Pinula,true,,UPDATE,28142
TC-00046021,general,Zona 17,true,,UPDATE,3776
TC-00046028,adulto_mayor,Mixco,true,,UPDATE,12297
TC-00046029,general,Zona 9,false,2026-07-13 03:17:00,DELETE,29632
TC-00046031,trabajador,Zona 18,true,,INSERT,22792
TC-00046032,general,Zona 6,true,,UPDATE,10740
TC-00046035,general,Zona 8,true,,UPDATE,16246
TC-00046038,trabajador,Zona 17,true,,UPDATE,14203
TC-00046039,,,false,2026-06-13 16:57:00,DELETE,8913
TC-00046040,adulto_mayor,Zona 18,true,,UPDATE,16155
TC-00046041,estudiante,Villa Nueva,true,,INSERT,14592
TC-00046045,,,false,2026-07-12 18:32:00,DELETE,28946
TC-00046048,estudiante,Zona 17,true,,UPDATE,10891
TC-00046049,general,Zona 12,true,,UPDATE,20367
TC-00046053,estudiante,Zona 11,true,,INSERT,11177
TC-00046055,general,Zona 12,true,,INSERT,30380
TC-00046061,estudiante,Zona 18,true,,UPDATE,6476
TC-00046062,,,false,2026-06-12 11:04:00,DELETE,8214
TC-00046064,adulto_mayor,Zona 13,true,,UPDATE,23215
TC-00046065,trabajador,Zona 17,true,,UPDATE,19580
TC-00046067,adulto_mayor,Zona 8,true,,UPDATE,25166
TC-00046069,,,false,2026-06-22 07:45:00,DELETE,15091
TC-00046072,trabajador,Zona 11,true,,INSERT,30431
TC-00046073,general,Zona 11,true,,INSERT,15881
TC-00046074,adulto_mayor,Zona 8,true,,UPDATE,26630
TC-00046077,trabajador,Zona 13,true,,INSERT,14568
TC-00046081,general,Zona 18,true,,UPDATE,24577
TC-00046084,trabajador,Zona 4,true,,INSERT,9845
TC-00046086,estudiante,Zona 7,true,,UPDATE,12768
TC-00046087,trabajador,Zona 13,true,,INSERT,18155
TC-00046091,adulto_mayor,San Miguel Petapa,true,,INSERT,26965
TC-00046094,trabajador,Zona 8,true,,INSERT,22178
TC-00046100,general,Zona 12,true,,INSERT,24207
TC-00046101,general,Santa Catarina Pinula,true,,UPDATE,28200
TC-00046114,general,Zona 9,true,,UPDATE,30651
TC-00046118,adulto_mayor,Mixco,true,,UPDATE,8721
TC-00046121,adulto_mayor,Zona 18,true,,UPDATE,19895
TC-00046124,trabajador,Zona 1,true,,INSERT,16784
TC-00046128,trabajador,Mixco,true,,INSERT,11269
TC-00046130,general,Zona 9,true,,UPDATE,16302
TC-00046131,trabajador,Zona 7,true,,UPDATE,19862
TC-00046134,trabajador,Zona 17,true,,UPDATE,14315
TC-00046142,adulto_mayor,Mixco,true,,UPDATE,22387
TC-00046145,estudiante,Zona 12,true,,UPDATE,17715
TC-00046147,adulto_mayor,Zona 9,true,,UPDATE,19219
TC-00046150,trabajador,Zona 1,true,,INSERT,11732
TC-00046162,,,false,2026-06-27 19:58:00,DELETE,18603
TC-00046163,trabajador,Zona 7,true,,UPDATE,4008
TC-00046168,adulto_mayor,Mixco,true,,INSERT,27719
TC-00046172,estudiante,Villa Nueva,true,,UPDATE,28088
TC-00046174,trabajador,Zona 13,true,,UPDATE,14209
TC-00046180,,,false,2026-07-15 01:03:00,DELETE,30965
TC-00046181,general,Zona 17,true,,UPDATE,24582
TC-00046184,adulto_mayor,Zona 12,true,,UPDATE,27973
TC-00046186,trabajador,Zona 13,true,,INSERT,7136
TC-00046187,trabajador,Zona 17,true,,INSERT,24929
TC-00046192,estudiante,Zona 17,true,,UPDATE,8630
TC-00046198,estudiante,Zona 13,true,,UPDATE,13534
TC-00046210,,,false,2026-06-05 08:33:00,DELETE,3379
TC-00046213,general,Zona 7,true,,UPDATE,7454
TC-00046216,estudiante,Zona 11,true,,UPDATE,24545
TC-00046218,,,false,2026-06-30 09:27:00,DELETE,20642
TC-00046221,estudiante,Zona 4,true,,UPDATE,16371
TC-00046224,trabajador,Zona 12,true,,INSERT,9029
TC-00046229,adulto_mayor,Zona 8,true,,INSERT,17476
TC-00046234,estudiante,Zona 10,true,,INSERT,724
TC-00046235,adulto_mayor,San Miguel Petapa,true,,UPDATE,22365
TC-00046236,adulto_mayor,Zona 10,true,,UPDATE,16380
TC-00046238,estudiante,Zona 6,true,,INSERT,4998
TC-00046241,trabajador,Zona 4,true,,UPDATE,6542
TC-00046246,general,Zona 8,true,,UPDATE,8673
TC-00046250,general,Mixco,true,,INSERT,27049
TC-00046251,trabajador,Santa Catarina Pinula,true,,INSERT,29863
TC-00046255,trabajador,Zona 12,true,,UPDATE,16952
TC-00046263,estudiante,Zona 1,true,,INSERT,29122
TC-00046264,estudiante,Zona 9,true,,UPDATE,3155
TC-00046267,general,San Miguel Petapa,true,,INSERT,910
TC-00046275,adulto_mayor,Zona 8,true,,UPDATE,8007
TC-00046278,general,Zona 6,true,,UPDATE,20271
TC-00046282,adulto_mayor,Zona 1,true,,UPDATE,17818
TC-00046286,adulto_mayor,Zona 11,true,,UPDATE,26628
TC-00046287,trabajador,San Miguel Petapa,true,,INSERT,8447
TC-00046289,general,Zona 13,true,,UPDATE,2447
TC-00046291,,,false,2026-06-05 08:56:00,DELETE,3394
TC-00046295,adulto_mayor,Villa Nueva,true,,UPDATE,16893
TC-00046298,,,false,2026-06-13 05:24:00,DELETE,8891
TC-00046306,estudiante,Zona 12,true,,UPDATE,21062
TC-00046314,adulto_mayor,Zona 18,true,,UPDATE,3017
TC-00046318,,,false,2026-06-11 08:38:00,DELETE,7501
TC-00046322,general,Zona 13,true,,INSERT,21624
TC-00046326,general,Zona 8,true,,UPDATE,8567
TC-00046329,general,Zona 11,true,,INSERT,3502
TC-00046335,general,Santa Catarina Pinula,true,,UPDATE,22481
TC-00046337,adulto_mayor,Zona 8,true,,UPDATE,8011
TC-00046338,general,Zona 11,true,,INSERT,18731
TC-00046352,adulto_mayor,Zona 6,true,,INSERT,12508
TC-00046355,trabajador,San Miguel Petapa,true,,UPDATE,30867
TC-00046358,trabajador,San Miguel Petapa,true,,INSERT,16669
TC-00046361,adulto_mayor,Zona 17,true,,INSERT,25554
TC-00046363,trabajador,Zona 8,true,,UPDATE,24631
TC-00046364,trabajador,Zona 8,true,,INSERT,13245
TC-00046370,,,false,2026-06-10 11:01:00,DELETE,6819
TC-00046371,trabajador,Zona 18,true,,INSERT,29028
TC-00046373,adulto_mayor,Zona 13,true,,UPDATE,7881
TC-00046384,general,Zona 8,true,,INSERT,897
TC-00046389,adulto_mayor,Zona 9,true,,UPDATE,10682
TC-00046390,general,San Miguel Petapa,true,,INSERT,18022
TC-00046391,adulto_mayor,Zona 12,true,,INSERT,29699
TC-00046394,estudiante,San Miguel Petapa,true,,INSERT,29782
TC-00046400,general,Zona 11,true,,INSERT,723
TC-00046401,trabajador,Zona 7,true,,UPDATE,10776
TC-00046408,,,false,2026-06-09 10:07:00,DELETE,6209
TC-00046410,trabajador,Zona 13,true,,INSERT,15889
TC-00046414,general,Zona 6,true,,UPDATE,15559
TC-00046416,estudiante,Zona 9,true,,UPDATE,17648
TC-00046417,adulto_mayor,Zona 11,true,,UPDATE,17127
TC-00046419,trabajador,Santa Catarina Pinula,true,,UPDATE,6662
TC-00046421,adulto_mayor,Zona 12,true,,UPDATE,23702
TC-00046422,trabajador,Villa Nueva,true,,INSERT,20820
TC-00046436,trabajador,Santa Catarina Pinula,true,,UPDATE,28882
TC-00046437,estudiante,Zona 11,true,,INSERT,12463
TC-00046439,estudiante,Mixco,true,,UPDATE,26481
TC-00046443,trabajador,Mixco,true,,INSERT,2165
TC-00046449,,,false,2026-06-19 05:50:00,DELETE,13059
TC-00046453,trabajador,Villa Nueva,true,,UPDATE,27416
TC-00046458,estudiante,Zona 17,true,,UPDATE,30722
TC-00046460,adulto_mayor,Zona 8,true,,UPDATE,12733
TC-00046461,,,false,2026-06-27 19:47:00,DELETE,18548
TC-00046463,general,Zona 12,true,,INSERT,6443
TC-00046465,estudiante,Zona 18,true,,INSERT,13148
TC-00046476,general,San Miguel Petapa,true,,UPDATE,26576
TC-00046477,estudiante,Zona 11,true,,UPDATE,26739
TC-00046479,,,false,2026-07-09 14:33:00,DELETE,26885
TC-00046482,estudiante,Zona 6,true,,UPDATE,30142
TC-00046487,,,false,2026-07-15 15:06:00,DELETE,31034
TC-00046488,general,Zona 8,true,,INSERT,20229
TC-00046489,trabajador,Zona 18,true,,UPDATE,3832
TC-00046491,trabajador,Mixco,true,,INSERT,9676
TC-00046492,general,Zona 13,true,,UPDATE,29319
TC-00046493,trabajador,Zona 4,true,,INSERT,27734
TC-00046498,trabajador,Santa Catarina Pinula,true,,INSERT,4294
TC-00046502,,,false,2026-07-15 16:46:00,DELETE,30997
TC-00046503,trabajador,Zona 7,true,,UPDATE,13484
TC-00046505,,,false,2026-07-12 19:21:00,DELETE,28958
TC-00046506,general,Zona 7,true,,UPDATE,19780
TC-00046508,general,Villa Nueva,true,,UPDATE,10207
TC-00046518,estudiante,Zona 4,true,,INSERT,26999
TC-00046522,trabajador,Zona 8,true,,INSERT,20704
TC-00046523,,,false,2026-06-10 21:40:00,DELETE,6867
TC-00046524,trabajador,Zona 11,true,,INSERT,20840
TC-00046531,adulto_mayor,Zona 11,true,,UPDATE,17001
TC-00046539,estudiante,Santa Catarina Pinula,true,,UPDATE,28851
TC-00046545,adulto_mayor,Zona 10,true,,UPDATE,4421
TC-00046555,trabajador,Zona 13,true,,UPDATE,19798
TC-00046561,,,false,2026-07-15 22:08:00,DELETE,30973
TC-00046565,trabajador,Zona 10,false,2026-06-10 17:17:00,DELETE,6846
TC-00046571,,,false,2026-06-14 22:50:00,DELETE,9582
TC-00046572,trabajador,Zona 9,true,,INSERT,15281
TC-00046575,adulto_mayor,San Miguel Petapa,true,,INSERT,30542
TC-00046576,adulto_mayor,Zona 7,true,,UPDATE,28653
TC-00046577,estudiante,Zona 12,true,,INSERT,7004
TC-00046586,estudiante,Zona 11,false,2026-06-13 13:28:00,DELETE,8962
TC-00046587,trabajador,Villa Nueva,true,,INSERT,18071
TC-00046589,adulto_mayor,Zona 1,true,,UPDATE,18232
TC-00046591,trabajador,Zona 7,true,,UPDATE,23134
TC-00046598,,,false,2026-07-05 22:37:00,DELETE,24127
TC-00046599,trabajador,Zona 6,true,,UPDATE,14946
TC-00046600,general,Zona 8,true,,INSERT,29034
TC-00046603,estudiante,Zona 18,true,,INSERT,14011
TC-00046604,trabajador,Mixco,true,,INSERT,29788
TC-00046606,general,Mixco,true,,INSERT,4174
TC-00046608,general,Zona 17,true,,UPDATE,12156
TC-00046609,general,Villa Nueva,true,,INSERT,23692
TC-00046615,adulto_mayor,Santa Catarina Pinula,true,,UPDATE,26024
TC-00046616,adulto_mayor,Zona 10,true,,INSERT,16001
TC-00046619,estudiante,Zona 13,true,,UPDATE,28631
TC-00046622,trabajador,Santa Catarina Pinula,true,,INSERT,14572
TC-00046627,trabajador,Zona 8,true,,UPDATE,10778
TC-00046629,trabajador,Zona 8,true,,UPDATE,19179
TC-00046631,estudiante,Santa Catarina Pinula,true,,UPDATE,22462
TC-00046633,adulto_mayor,Zona 4,true,,UPDATE,20466
TC-00046635,adulto_mayor,Zona 17,true,,UPDATE,30181
TC-00046638,general,Zona 18,true,,UPDATE,23290
TC-00046641,trabajador,San Miguel Petapa,true,,INSERT,11059
TC-00046642,,,false,2026-06-20 13:37:00,DELETE,13722
TC-00046646,trabajador,Zona 17,true,,INSERT,22830
TC-00046649,adulto_mayor,Zona 11,true,,UPDATE,14343
TC-00046661,general,Zona 6,true,,INSERT,19356
TC-00046662,adulto_mayor,Zona 1,true,,UPDATE,23327
TC-00046669,,,false,2026-06-13 20:34:00,DELETE,8940
TC-00046670,adulto_mayor,Zona 11,true,,UPDATE,1795
TC-00046673,estudiante,Zona 11,true,,UPDATE,24036
TC-00046674,trabajador,Mixco,true,,UPDATE,23942
TC-00046679,trabajador,Zona 9,true,,UPDATE,9564
TC-00046681,general,Villa Nueva,true,,INSERT,18144
TC-00046685,,,false,2026-06-10 02:09:00,DELETE,6870
TC-00046687,estudiante,Zona 9,true,,INSERT,7670
TC-00046689,trabajador,San Miguel Petapa,true,,UPDATE,26008
TC-00046693,adulto_mayor,Zona 12,true,,UPDATE,25933
TC-00046694,estudiante,Mixco,true,,UPDATE,30090
TC-00046703,general,San Miguel Petapa,true,,UPDATE,25268
TC-00046705,trabajador,Zona 1,true,,UPDATE,29580
TC-00046710,adulto_mayor,Mixco,true,,UPDATE,8812
TC-00046715,trabajador,Zona 9,true,,UPDATE,5240
TC-00046717,estudiante,Zona 11,true,,INSERT,25708
TC-00046720,trabajador,Zona 1,true,,INSERT,27095
TC-00046721,,,false,2026-07-10 12:22:00,DELETE,27575
TC-00046722,trabajador,Villa Nueva,false,2026-06-19 18:35:00,DELETE,13062
TC-00046726,trabajador,Zona 11,true,,INSERT,6252
TC-00046732,estudiante,Zona 4,true,,INSERT,26229
TC-00046742,estudiante,Zona 1,false,2026-07-12 16:39:00,DELETE,28916
TC-00046743,trabajador,Zona 12,true,,INSERT,1427
TC-00046745,trabajador,Zona 8,true,,UPDATE,25935
TC-00046748,estudiante,Zona 13,true,,UPDATE,20509
TC-00046753,estudiante,Zona 18,true,,UPDATE,12967
TC-00046754,trabajador,Zona 6,true,,UPDATE,7430
TC-00046767,trabajador,Zona 17,true,,UPDATE,27239
TC-00046768,estudiante,Zona 17,true,,UPDATE,12110
TC-00046769,estudiante,Zona 12,true,,UPDATE,10144
TC-00046774,estudiante,Zona 11,false,2026-07-08 00:59:00,DELETE,26191
TC-00046780,adulto_mayor,Zona 6,true,,UPDATE,18383
TC-00046785,adulto_mayor,Zona 6,true,,INSERT,75
TC-00046786,general,Zona 10,true,,INSERT,26281
TC-00046791,estudiante,Zona 10,true,,UPDATE,18974
TC-00046792,estudiante,San Miguel Petapa,true,,UPDATE,12326
TC-00046795,adulto_mayor,Zona 12,true,,UPDATE,18910
TC-00046798,adulto_mayor,Zona 7,false,2026-07-08 11:43:00,DELETE,26178
TC-00046799,adulto_mayor,Zona 7,true,,UPDATE,8136
TC-00046802,,,false,2026-06-04 17:01:00,DELETE,2755
TC-00046813,general,Zona 4,true,,UPDATE,24453
TC-00046814,general,Zona 6,true,,UPDATE,9226
TC-00046815,general,Zona 13,true,,UPDATE,26675
TC-00046816,trabajador,Zona 9,true,,UPDATE,12273
TC-00046817,,,false,2026-06-21 19:14:00,DELETE,14420
TC-00046824,adulto_mayor,Zona 12,true,,UPDATE,10864
TC-00046825,adulto_mayor,Zona 13,true,,INSERT,5535
TC-00046827,adulto_mayor,Zona 18,true,,UPDATE,1243
TC-00046832,trabajador,Santa Catarina Pinula,true,,UPDATE,18245
TC-00046836,estudiante,Santa Catarina Pinula,true,,UPDATE,26109
TC-00046841,trabajador,Zona 11,true,,INSERT,30526
TC-00046845,adulto_mayor,Mixco,true,,INSERT,25731
TC-00046849,general,San Miguel Petapa,true,,UPDATE,13599
TC-00046852,adulto_mayor,Zona 1,true,,UPDATE,24040
TC-00046862,adulto_mayor,Zona 9,true,,INSERT,14594
TC-00046863,general,Zona 8,true,,UPDATE,18396
TC-00046865,estudiante,Santa Catarina Pinula,true,,UPDATE,15712
TC-00046866,estudiante,Zona 1,true,,UPDATE,15060
TC-00046872,estudiante,Zona 9,true,,UPDATE,10887
TC-00046878,,,false,2026-06-09 09:05:00,DELETE,6157
TC-00046880,estudiante,Zona 7,true,,INSERT,9733
TC-00046885,trabajador,Zona 13,true,,INSERT,15906
TC-00046888,trabajador,Mixco,true,,UPDATE,15658
TC-00046891,trabajador,Zona 18,true,,INSERT,11085
TC-00046898,trabajador,Villa Nueva,true,,UPDATE,30914
TC-00046900,general,Zona 18,true,,INSERT,13931
TC-00046902,trabajador,Zona 12,true,,UPDATE,29452
TC-00046903,adulto_mayor,Mixco,true,,UPDATE,20285
TC-00046905,general,San Miguel Petapa,true,,UPDATE,8841
TC-00046906,trabajador,San Miguel Petapa,true,,UPDATE,2652
TC-00046907,general,Zona 8,true,,UPDATE,3816
TC-00046916,trabajador,Zona 4,true,,UPDATE,10172
TC-00046929,general,Villa Nueva,true,,UPDATE,6073
TC-00046931,general,Mixco,true,,UPDATE,16161
TC-00046937,,,false,2026-07-09 07:54:00,DELETE,26848
TC-00046939,general,Santa Catarina Pinula,true,,INSERT,11923
TC-00046940,general,Villa Nueva,true,,UPDATE,13667
TC-00046941,adulto_mayor,Zona 1,true,,INSERT,27052
TC-00046943,trabajador,Zona 1,true,,INSERT,27671
TC-00046948,trabajador,Santa Catarina Pinula,true,,UPDATE,21027
TC-00046949,,,false,2026-06-13 10:47:00,DELETE,8897
TC-00046950,general,Zona 9,true,,UPDATE,14890
TC-00046959,general,Zona 10,true,,INSERT,154
TC-00046961,adulto_mayor,Zona 10,true,,UPDATE,12239
TC-00046963,trabajador,Zona 9,true,,INSERT,20920
TC-00046971,estudiante,Zona 12,true,,UPDATE,11439
TC-00046978,general,Zona 13,true,,UPDATE,15051
TC-00046983,general,Zona 7,true,,UPDATE,9530
TC-00046984,adulto_mayor,Mixco,true,,UPDATE,23099
TC-00046986,estudiante,Zona 4,true,,UPDATE,16209
TC-00046991,adulto_mayor,Villa Nueva,true,,UPDATE,12012
TC-00046996,,,false,2026-07-05 11:21:00,DELETE,24145
TC-00047000,trabajador,Zona 13,true,,INSERT,13863
TC-00047002,estudiante,Zona 6,true,,UPDATE,17801
TC-00047003,general,Santa Catarina Pinula,true,,INSERT,30543
TC-00047004,general,Zona 1,true,,UPDATE,29540
TC-00047010,,,false,2026-06-13 12:12:00,DELETE,8895
TC-00047018,estudiante,Zona 7,true,,UPDATE,18395
TC-00047024,estudiante,Mixco,true,,UPDATE,18234
TC-00047026,trabajador,Zona 6,true,,INSERT,20890
TC-00047028,estudiante,Zona 4,true,,INSERT,830
TC-00047036,general,Zona 9,true,,UPDATE,13013
TC-00047043,general,Zona 7,true,,UPDATE,20966
TC-00047044,,,false,2026-06-30 02:13:00,DELETE,20674
TC-00047048,trabajador,Zona 8,true,,INSERT,29724
TC-00047053,estudiante,Zona 1,true,,UPDATE,11997
TC-00047054,trabajador,Zona 17,true,,UPDATE,7316
TC-00047062,adulto_mayor,Santa Catarina Pinula,true,,UPDATE,21650
TC-00047063,adulto_mayor,Zona 11,true,,UPDATE,16964
TC-00047065,adulto_mayor,Zona 12,true,,INSERT,6928
TC-00047070,general,Santa Catarina Pinula,true,,INSERT,25590
TC-00047073,general,Zona 12,true,,UPDATE,14263
TC-00047076,general,Zona 12,true,,UPDATE,10919
TC-00047077,,,false,2026-06-25 17:42:00,DELETE,17190
TC-00047081,trabajador,Zona 7,true,,UPDATE,19186
TC-00047082,estudiante,Zona 9,true,,UPDATE,3230
TC-00047087,adulto_mayor,Villa Nueva,true,,INSERT,26340
TC-00047089,estudiante,Zona 7,true,,INSERT,10543
TC-00047092,general,Zona 17,false,2026-07-05 15:27:00,DELETE,24109
TC-00047094,adulto_mayor,Zona 1,true,,UPDATE,19870
TC-00047098,trabajador,Santa Catarina Pinula,true,,UPDATE,4645
TC-00047099,adulto_mayor,San Miguel Petapa,true,,INSERT,20855
TC-00047102,trabajador,Zona 18,true,,UPDATE,12225
TC-00047104,,,false,2026-07-02 05:15:00,DELETE,22054
TC-00047109,general,Zona 8,true,,UPDATE,1644
TC-00047111,trabajador,Zona 12,true,,UPDATE,22536
TC-00047118,estudiante,Zona 1,true,,UPDATE,13426
TC-00047120,estudiante,Zona 18,true,,UPDATE,23798
TC-00047122,trabajador,Mixco,true,,INSERT,86
TC-00047123,,,false,2026-06-15 12:54:00,DELETE,10337
TC-00047130,trabajador,Zona 12,true,,UPDATE,291
TC-00047131,trabajador,Zona 8,true,,INSERT,21608
TC-00047134,general,Villa Nueva,true,,UPDATE,30262
TC-00047136,estudiante,Zona 6,true,,UPDATE,23069
TC-00047139,,,false,2026-06-23 03:54:00,DELETE,15798
TC-00047142,estudiante,Zona 7,true,,INSERT,13950
TC-00047144,trabajador,Mixco,true,,INSERT,90
TC-00047146,trabajador,Zona 18,true,,INSERT,30416
TC-00047147,trabajador,Zona 8,true,,UPDATE,19016
TC-00047152,general,Zona 11,true,,UPDATE,21102
TC-00047155,trabajador,Mixco,true,,UPDATE,18525
TC-00047156,,,false,2026-06-14 09:01:00,DELETE,9594
TC-00047157,adulto_mayor,San Miguel Petapa,true,,UPDATE,25159
TC-00047158,,,false,2026-06-14 14:08:00,DELETE,9630
TC-00047173,estudiante,Zona 1,true,,UPDATE,29326
TC-00047180,estudiante,Zona 12,true,,UPDATE,21966
TC-00047181,estudiante,Zona 10,true,,UPDATE,14158
TC-00047182,trabajador,Zona 4,true,,INSERT,15992
TC-00047184,estudiante,Zona 6,true,,UPDATE,7411
TC-00047186,estudiante,Zona 6,true,,INSERT,1607
TC-00047187,estudiante,Zona 9,true,,UPDATE,3026
TC-00047196,general,Zona 12,false,2026-06-24 10:10:00,DELETE,16524
TC-00047199,adulto_mayor,Zona 18,true,,UPDATE,24667
TC-00047202,general,Zona 9,true,,UPDATE,23862
TC-00047214,,,false,2026-06-24 01:32:00,DELETE,16504
TC-00047216,general,San Miguel Petapa,true,,UPDATE,30755
TC-00047220,trabajador,Mixco,true,,INSERT,26431
TC-00047226,adulto_mayor,Zona 6,true,,UPDATE,20590
TC-00047227,,,false,2026-06-21 10:37:00,DELETE,14411
TC-00047234,adulto_mayor,Santa Catarina Pinula,true,,UPDATE,28703
TC-00047236,trabajador,Zona 9,true,,INSERT,23605
TC-00047237,estudiante,Zona 6,true,,UPDATE,15592
TC-00047238,,,false,2026-07-07 13:30:00,DELETE,25441
TC-00047242,,,false,2026-06-30 22:12:00,DELETE,20648
TC-00047243,trabajador,Zona 8,true,,INSERT,17342
TC-00047245,estudiante,Zona 1,true,,UPDATE,27221
TC-00047246,,,false,2026-06-29 08:57:00,DELETE,19942
TC-00047247,general,Zona 18,true,,UPDATE,3125
TC-00047253,adulto_mayor,Zona 9,true,,UPDATE,3116
TC-00047255,estudiante,Zona 18,true,,UPDATE,6752
TC-00047265,trabajador,Zona 1,true,,UPDATE,30678
TC-00047266,adulto_mayor,Villa Nueva,true,,UPDATE,26551
TC-00047267,adulto_mayor,Zona 6,true,,UPDATE,12739
TC-00047268,trabajador,Zona 11,true,,INSERT,19376
TC-00047273,adulto_mayor,Zona 10,true,,INSERT,24856
TC-00047274,estudiante,Zona 11,true,,UPDATE,15713
TC-00047275,general,Mixco,true,,INSERT,8499
TC-00047278,estudiante,Zona 6,true,,INSERT,26386
TC-00047282,trabajador,San Miguel Petapa,true,,UPDATE,18437
TC-00047285,adulto_mayor,San Miguel Petapa,true,,UPDATE,13545
TC-00047288,general,Zona 18,true,,UPDATE,21053
TC-00047291,general,Zona 6,true,,UPDATE,17649
TC-00047301,general,San Miguel Petapa,true,,UPDATE,1625
TC-00047302,adulto_mayor,Villa Nueva,true,,UPDATE,18516
TC-00047304,adulto_mayor,Zona 12,true,,INSERT,6364
TC-00047306,,,false,2026-06-18 19:07:00,DELETE,12385
TC-00047307,trabajador,San Miguel Petapa,true,,INSERT,2846
TC-00047318,trabajador,Zona 12,true,,INSERT,20148
TC-00047320,estudiante,Zona 11,true,,UPDATE,3927
TC-00047321,general,San Miguel Petapa,true,,UPDATE,26727
TC-00047322,trabajador,Zona 1,true,,INSERT,4164
TC-00047323,general,San Miguel Petapa,true,,UPDATE,27176
TC-00047326,adulto_mayor,Mixco,true,,UPDATE,7859
TC-00047330,adulto_mayor,Zona 10,true,,UPDATE,15705
TC-00047332,trabajador,Zona 11,true,,UPDATE,9467
TC-00047336,general,Zona 6,true,,INSERT,13198
TC-00047338,adulto_mayor,Zona 8,true,,UPDATE,3159
TC-00047339,trabajador,Zona 1,true,,UPDATE,19598
TC-00047344,general,Zona 17,true,,UPDATE,19868
TC-00047348,estudiante,Mixco,true,,UPDATE,422
TC-00047350,,,false,2026-06-17 09:30:00,DELETE,11682
TC-00047352,trabajador,Zona 10,true,,INSERT,16726
TC-00047353,trabajador,Zona 11,true,,INSERT,21614
TC-00047357,estudiante,Villa Nueva,true,,INSERT,13829
TC-00047359,trabajador,Zona 13,true,,INSERT,17441
TC-00047361,estudiante,Zona 8,true,,UPDATE,16874
TC-00047362,trabajador,Villa Nueva,true,,UPDATE,15491
TC-00047365,trabajador,Villa Nueva,true,,INSERT,20090
TC-00047368,general,Zona 10,true,,UPDATE,28063
TC-00047371,adulto_mayor,Zona 7,true,,INSERT,17345
TC-00047376,general,Zona 12,true,,UPDATE,514
TC-00047379,general,Villa Nueva,true,,UPDATE,28024
TC-00047382,estudiante,Zona 7,true,,UPDATE,11973
TC-00047384,general,Zona 11,true,,UPDATE,1021
TC-00047392,estudiante,Zona 7,true,,INSERT,23630
TC-00047394,,,false,2026-06-02 23:17:00,DELETE,1360
TC-00047398,estudiante,Zona 9,true,,INSERT,19379
TC-00047400,adulto_mayor,Zona 4,true,,UPDATE,23320
TC-00047401,general,Zona 1,true,,UPDATE,2340
TC-00047407,adulto_mayor,San Miguel Petapa,true,,INSERT,28993
TC-00047412,estudiante,Zona 4,true,,UPDATE,8535
TC-00047416,estudiante,Zona 10,true,,UPDATE,3022
TC-00047419,trabajador,Santa Catarina Pinula,true,,UPDATE,28615
TC-00047423,,,false,2026-06-19 14:36:00,DELETE,13085
TC-00047426,adulto_mayor,Zona 12,true,,UPDATE,2618
TC-00047427,adulto_mayor,Zona 8,true,,INSERT,6917
TC-00047429,estudiante,Mixco,false,2026-07-10 19:25:00,DELETE,27529
TC-00047435,,,false,2026-06-09 01:06:00,DELETE,6187
TC-00047438,estudiante,Villa Nueva,true,,UPDATE,8064
TC-00047440,trabajador,Villa Nueva,true,,UPDATE,20379
TC-00047441,estudiante,Zona 1,true,,UPDATE,11481
TC-00047446,adulto_mayor,Santa Catarina Pinula,true,,UPDATE,13436
TC-00047450,adulto_mayor,Zona 17,true,,UPDATE,19859
TC-00047451,trabajador,Zona 7,true,,INSERT,18009
TC-00047453,general,Zona 8,true,,UPDATE,16996
TC-00047457,adulto_mayor,Zona 1,true,,UPDATE,16813
TC-00047459,trabajador,Zona 9,true,,INSERT,20934
TC-00047466,trabajador,Zona 13,false,2026-07-02 12:37:00,DELETE,22019
TC-00047468,trabajador,Zona 13,true,,INSERT,1555
TC-00047470,,,false,2026-06-06 19:00:00,DELETE,4059
TC-00047471,trabajador,Zona 11,true,,INSERT,30397
TC-00047478,adulto_mayor,Zona 10,true,,UPDATE,21965
TC-00047481,trabajador,Santa Catarina Pinula,true,,INSERT,7740
TC-00047483,general,Zona 4,true,,UPDATE,26661
TC-00047486,trabajador,Zona 18,true,,UPDATE,30879
TC-00047489,adulto_mayor,Zona 12,true,,UPDATE,28701
TC-00047490,estudiante,San Miguel Petapa,true,,UPDATE,2424
TC-00047496,trabajador,Zona 12,true,,INSERT,18715
TC-00047497,trabajador,Zona 9,true,,UPDATE,11369
TC-00047498,trabajador,Zona 11,true,,UPDATE,21803
TC-00047503,trabajador,Zona 12,true,,UPDATE,26743
TC-00047505,adulto_mayor,Santa Catarina Pinula,true,,UPDATE,30174
TC-00047511,,,false,2026-07-14 09:10:00,DELETE,30335
TC-00047517,estudiante,Zona 8,true,,UPDATE,17841
TC-00047522,estudiante,Mixco,true,,INSERT,2836
TC-00047528,estudiante,Zona 7,true,,UPDATE,1948
TC-00047529,trabajador,Zona 18,true,,INSERT,25539
TC-00047531,adulto_mayor,Zona 18,true,,UPDATE,507
TC-00047537,adulto_mayor,Zona 11,true,,UPDATE,29921
TC-00047538,estudiante,Mixco,true,,UPDATE,9919
TC-00047539,estudiante,Villa Nueva,true,,UPDATE,28035
TC-00047542,trabajador,Villa Nueva,true,,UPDATE,7327
TC-00047543,adulto_mayor,Zona 10,true,,UPDATE,18894
TC-00047548,,,false,2026-06-03 05:43:00,DELETE,2002
TC-00047549,estudiante,Zona 4,true,,INSERT,12461
TC-00047551,trabajador,Zona 8,true,,INSERT,18166
TC-00047552,,,false,2026-06-25 06:02:00,DELETE,17175
TC-00047564,adulto_mayor,Villa Nueva,true,,UPDATE,7261
TC-00047566,estudiante,Zona 1,true,,INSERT,29786
TC-00047569,estudiante,Zona 13,true,,UPDATE,11499
TC-00047579,general,Zona 10,true,,UPDATE,7198
TC-00047580,estudiante,Zona 8,true,,UPDATE,12117
TC-00047582,general,Zona 18,true,,UPDATE,14344
TC-00047586,trabajador,San Miguel Petapa,false,2026-06-28 07:59:00,DELETE,19282
TC-00047588,adulto_mayor,Zona 8,true,,UPDATE,21892
TC-00047593,trabajador,Zona 18,true,,UPDATE,6674
TC-00047594,adulto_mayor,Zona 4,true,,UPDATE,3867
TC-00047601,trabajador,Zona 18,true,,INSERT,6380
TC-00047604,general,Villa Nueva,true,,UPDATE,30120
TC-00047606,trabajador,San Miguel Petapa,true,,INSERT,22319
TC-00047611,trabajador,Zona 13,true,,UPDATE,8747
TC-00047615,general,Mixco,true,,INSERT,19545
TC-00047616,estudiante,Zona 9,false,2026-06-13 19:16:00,DELETE,8881
TC-00047617,trabajador,Zona 6,true,,UPDATE,24414
TC-00047619,trabajador,Zona 17,true,,INSERT,9859
TC-00047626,general,Villa Nueva,true,,INSERT,24269
TC-00047627,general,Zona 13,true,,UPDATE,17780
TC-00047628,adulto_mayor,Zona 13,true,,UPDATE,25121
TC-00047629,general,Zona 7,false,2026-06-28 10:23:00,DELETE,19241
TC-00047631,general,San Miguel Petapa,true,,UPDATE,29955
TC-00047632,trabajador,Zona 8,true,,INSERT,4338
TC-00047635,,,false,2026-06-29 04:58:00,DELETE,19947
TC-00047638,estudiante,Zona 12,true,,UPDATE,16373
TC-00047640,general,Zona 10,true,,UPDATE,20504
TC-00047641,estudiante,Mixco,true,,UPDATE,14076
TC-00047643,adulto_mayor,Zona 13,true,,UPDATE,29490
TC-00047646,trabajador,Zona 8,true,,INSERT,19353
TC-00047653,trabajador,Zona 10,true,,INSERT,1457
TC-00047654,adulto_mayor,Zona 17,true,,UPDATE,16803
TC-00047656,trabajador,Zona 12,true,,INSERT,22111
TC-00047659,adulto_mayor,Zona 4,true,,UPDATE,9341
TC-00047661,estudiante,Zona 17,true,,INSERT,22153
TC-00047665,estudiante,Zona 18,true,,UPDATE,27323
TC-00047666,trabajador,Zona 13,true,,INSERT,28467
TC-00047667,trabajador,Zona 18,true,,INSERT,3558
TC-00047670,adulto_mayor,Villa Nueva,true,,UPDATE,14342
TC-00047676,trabajador,Zona 7,true,,UPDATE,10927
TC-00047680,estudiante,Santa Catarina Pinula,true,,UPDATE,14877
TC-00047684,,,false,2026-06-04 21:37:00,DELETE,2729
TC-00047685,general,Zona 10,true,,INSERT,12638
TC-00047688,adulto_mayor,Zona 11,true,,UPDATE,13373
TC-00047689,estudiante,Villa Nueva,true,,UPDATE,8018
TC-00047690,trabajador,Zona 10,true,,UPDATE,1808
TC-00047691,adulto_mayor,Santa Catarina Pinula,true,,UPDATE,20467
TC-00047692,estudiante,Villa Nueva,true,,INSERT,21472
TC-00047696,adulto_mayor,Mixco,true,,UPDATE,437
TC-00047701,general,Zona 1,true,,UPDATE,14088
TC-00047703,,,false,2026-06-24 12:37:00,DELETE,16507
TC-00047705,estudiante,Villa Nueva,true,,UPDATE,27338
TC-00047707,general,Zona 6,true,,INSERT,888
TC-00047708,adulto_mayor,Zona 17,true,,INSERT,22778
TC-00047710,trabajador,Villa Nueva,true,,UPDATE,8158
TC-00047711,adulto_mayor,Zona 17,true,,UPDATE,19594
TC-00047713,estudiante,Zona 17,true,,UPDATE,21773
TC-00047714,adulto_mayor,Zona 1,true,,INSERT,25714
TC-00047715,general,Zona 11,true,,UPDATE,24617
TC-00047718,general,Zona 12,true,,INSERT,24958
TC-00047719,trabajador,Zona 17,true,,INSERT,29750
TC-00047722,estudiante,Zona 7,true,,INSERT,14560
TC-00047724,estudiante,Zona 13,true,,INSERT,7827
TC-00047726,trabajador,Zona 4,true,,INSERT,5666
TC-00047730,general,Zona 18,true,,UPDATE,21664
TC-00047731,trabajador,Zona 11,true,,INSERT,30556
TC-00047733,general,Villa Nueva,true,,UPDATE,21688
TC-00047736,general,Zona 12,true,,UPDATE,14218
TC-00047740,adulto_mayor,Zona 1,true,,INSERT,17479
TC-00047742,trabajador,Mixco,true,,UPDATE,28721
TC-00047745,trabajador,Zona 8,true,,UPDATE,21770
TC-00047762,estudiante,Zona 9,true,,UPDATE,23858
TC-00047768,trabajador,Zona 13,true,,INSERT,13983
TC-00047770,estudiante,Zona 10,true,,UPDATE,27253
TC-00047775,trabajador,Zona 6,true,,UPDATE,9392
TC-00047781,estudiante,Zona 4,true,,INSERT,7106
TC-00047795,general,Zona 17,true,,UPDATE,25097
TC-00047800,estudiante,Zona 7,true,,INSERT,18643
TC-00047805,estudiante,Zona 8,true,,UPDATE,28712
TC-00047809,estudiante,Zona 6,true,,UPDATE,8698
TC-00047814,trabajador,Mixco,true,,INSERT,4932
TC-00047815,estudiante,Zona 9,true,,UPDATE,13657
TC-00047821,trabajador,Santa Catarina Pinula,true,,UPDATE,3302
TC-00047823,trabajador,Zona 1,true,,INSERT,30445
TC-00047824,adulto_mayor,Zona 6,true,,INSERT,20129
TC-00047829,adulto_mayor,Zona 18,true,,INSERT,29718
TC-00047830,general,Zona 8,true,,UPDATE,12913
TC-00047832,trabajador,Zona 10,true,,UPDATE,4696
TC-00047833,,,false,2026-06-11 11:24:00,DELETE,7533
TC-00047834,trabajador,Zona 4,true,,INSERT,5674
TC-00047841,,,false,2026-06-04 02:22:00,DELETE,2723
TC-00047843,general,San Miguel Petapa,true,,UPDATE,8880
TC-00047849,general,Zona 12,true,,UPDATE,25797
TC-00047851,estudiante,Zona 17,true,,UPDATE,26098
TC-00047852,trabajador,Zona 9,true,,UPDATE,389
TC-00047856,general,Zona 10,true,,UPDATE,23302
TC-00047858,trabajador,Zona 11,true,,INSERT,2782
TC-00047863,estudiante,Santa Catarina Pinula,true,,UPDATE,17794
TC-00047864,estudiante,Zona 1,true,,INSERT,29098
TC-00047866,general,Zona 11,true,,UPDATE,8108
TC-00047868,,,false,2026-06-30 02:28:00,DELETE,20653
TC-00047873,trabajador,Zona 13,true,,INSERT,5586
TC-00047877,general,Zona 12,true,,UPDATE,23948
TC-00047878,estudiante,Zona 4,true,,INSERT,1545
TC-00047883,general,Zona 6,true,,UPDATE,21280
TC-00047887,adulto_mayor,Zona 4,true,,UPDATE,27258
TC-00047888,adulto_mayor,Santa Catarina Pinula,true,,UPDATE,21916
TC-00047891,adulto_mayor,Zona 1,true,,UPDATE,26025
TC-00047894,general,Zona 11,true,,UPDATE,12073
TC-00047895,trabajador,Zona 18,true,,UPDATE,18523
TC-00047900,,,false,2026-06-13 03:13:00,DELETE,8967
TC-00047903,trabajador,Zona 9,true,,UPDATE,19698
TC-00047904,general,Zona 1,true,,UPDATE,27952
TC-00047909,estudiante,Zona 11,true,,INSERT,17334
TC-00047911,adulto_mayor,Zona 10,true,,UPDATE,17803
TC-00047920,estudiante,Zona 1,true,,UPDATE,21214
TC-00047927,estudiante,Mixco,true,,UPDATE,17494
TC-00047928,trabajador,San Miguel Petapa,true,,INSERT,22189
TC-00047930,trabajador,Mixco,true,,INSERT,22990
TC-00047933,estudiante,Zona 4,true,,UPDATE,15593
TC-00047935,general,Villa Nueva,true,,UPDATE,12103
TC-00047937,general,Zona 1,true,,UPDATE,18425
TC-00047942,trabajador,Zona 13,true,,UPDATE,12106
TC-00047947,adulto_mayor,Zona 4,true,,UPDATE,490
TC-00047950,adulto_mayor,San Miguel Petapa,true,,UPDATE,10932
TC-00047953,adulto_mayor,Zona 10,true,,INSERT,1461
TC-00047958,trabajador,Mixco,true,,INSERT,14653
TC-00047961,,,false,2026-07-03 11:22:00,DELETE,22740
TC-00047962,trabajador,Zona 4,true,,INSERT,20792
TC-00047964,adulto_mayor,Zona 12,true,,UPDATE,21816
TC-00047968,estudiante,Zona 8,true,,UPDATE,10903
TC-00047969,trabajador,Zona 18,true,,INSERT,30506
TC-00047973,adulto_mayor,Zona 11,true,,UPDATE,21677
TC-00047975,adulto_mayor,Santa Catarina Pinula,true,,UPDATE,14185
TC-00047979,general,Zona 11,true,,UPDATE,1965
TC-00047981,trabajador,Zona 9,false,2026-06-27 07:51:00,DELETE,18616
TC-00047983,trabajador,Zona 7,true,,INSERT,839
TC-00047991,general,San Miguel Petapa,true,,UPDATE,14942
TC-00047992,trabajador,Zona 13,true,,UPDATE,3061
TC-00047994,adulto_mayor,Zona 17,true,,UPDATE,14128
TC-00047996,estudiante,Zona 8,true,,UPDATE,11639
TC-00047997,,,false,2026-07-11 18:40:00,DELETE,28201
TC-00047999,general,Zona 9,true,,INSERT,26945
TC-00048000,adulto_mayor,Zona 10,true,,INSERT,28484
TC-00048005,trabajador,Zona 4,true,,INSERT,19383
TC-00048009,trabajador,Zona 13,true,,INSERT,887
TC-00048010,trabajador,Zona 4,true,,INSERT,11795
TC-00048011,estudiante,Santa Catarina Pinula,true,,UPDATE,11433
TC-00048012,,,false,2026-07-11 18:40:00,DELETE,28259
TC-00048013,trabajador,Zona 12,true,,UPDATE,29314
TC-00048019,estudiante,Zona 8,true,,UPDATE,6512
TC-00048022,,,false,2026-06-24 03:02:00,DELETE,16517
TC-00048026,general,Zona 13,true,,UPDATE,19226
TC-00048027,trabajador,Mixco,true,,INSERT,27672
TC-00048034,trabajador,Zona 10,true,,INSERT,18682
TC-00048035,estudiante,Zona 9,true,,INSERT,2964
TC-00048037,estudiante,Zona 9,true,,INSERT,6963
TC-00048040,trabajador,Zona 12,true,,UPDATE,10929
TC-00048047,trabajador,Zona 12,true,,INSERT,18766
TC-00048048,estudiante,Villa Nueva,true,,UPDATE,23890
TC-00048049,general,Zona 13,true,,UPDATE,12693
TC-00048051,trabajador,Zona 8,true,,INSERT,6423
TC-00048054,general,Zona 7,true,,UPDATE,21686
TC-00048057,general,San Miguel Petapa,true,,UPDATE,10058
TC-00048059,,,false,2026-07-06 07:38:00,DELETE,24803
TC-00048060,trabajador,Zona 18,true,,UPDATE,6632
TC-00048063,trabajador,Zona 18,true,,UPDATE,19830
TC-00048069,trabajador,Zona 11,true,,INSERT,26444
TC-00048075,estudiante,Zona 13,true,,UPDATE,19074
TC-00048076,trabajador,Zona 12,true,,INSERT,29845
TC-00048077,estudiante,Zona 7,true,,UPDATE,20563
TC-00048080,estudiante,Zona 11,true,,INSERT,709
TC-00048081,trabajador,Zona 7,true,,INSERT,2977
TC-00048083,general,Zona 11,true,,UPDATE,16157
TC-00048087,adulto_mayor,Zona 6,true,,UPDATE,18343
TC-00048088,general,Zona 17,true,,INSERT,28440
TC-00048089,trabajador,Zona 18,true,,INSERT,24358
TC-00048090,trabajador,San Miguel Petapa,true,,INSERT,100
TC-00048091,general,Zona 8,true,,INSERT,26370
TC-00048093,general,Zona 13,true,,UPDATE,537
TC-00048094,,,false,2026-06-24 10:39:00,DELETE,16485
TC-00048096,estudiante,Zona 11,true,,UPDATE,9292
TC-00048098,trabajador,Zona 17,true,,INSERT,5737
TC-00048113,general,Zona 8,true,,INSERT,7807
TC-00048116,general,Zona 4,true,,UPDATE,26768
TC-00048125,general,Zona 17,true,,INSERT,28507
TC-00048126,estudiante,Zona 12,true,,UPDATE,19626
TC-00048129,trabajador,Zona 6,true,,UPDATE,9360
TC-00048130,general,Santa Catarina Pinula,true,,UPDATE,373
TC-00048135,trabajador,Zona 18,true,,INSERT,22120
TC-00048136,estudiante,Zona 4,true,,UPDATE,29374
TC-00048139,trabajador,Zona 17,true,,INSERT,8474
TC-00048140,general,San Miguel Petapa,true,,INSERT,11198
TC-00048143,trabajador,Zona 12,true,,INSERT,9207
TC-00048146,,,false,2026-07-01 22:49:00,DELETE,21382
TC-00048149,trabajador,Zona 7,true,,UPDATE,10686
TC-00048150,adulto_mayor,Zona 13,true,,INSERT,29220
TC-00048151,,,false,2026-06-23 05:08:00,DELETE,15833
TC-00048156,general,Zona 18,true,,INSERT,895
TC-00048165,trabajador,Villa Nueva,true,,INSERT,18014
TC-00048171,trabajador,Zona 12,true,,INSERT,25614
TC-00048179,trabajador,Zona 7,true,,INSERT,14703
TC-00048180,,,false,2026-07-05 10:51:00,DELETE,24063
TC-00048185,adulto_mayor,Zona 1,true,,UPDATE,24447
TC-00048187,adulto_mayor,Zona 7,true,,UPDATE,2413
TC-00048189,trabajador,Zona 9,true,,INSERT,21434
TC-00048192,adulto_mayor,Zona 8,true,,UPDATE,23150
TC-00048193,trabajador,Zona 7,true,,INSERT,7826
TC-00048195,estudiante,San Miguel Petapa,true,,UPDATE,12766
TC-00048201,,,false,2026-07-13 08:52:00,DELETE,29589
TC-00048206,general,Zona 12,false,2026-07-07 02:38:00,DELETE,25497
TC-00048207,trabajador,Zona 6,true,,UPDATE,19920
TC-00048210,general,Zona 8,true,,UPDATE,16413
TC-00048216,trabajador,San Miguel Petapa,true,,INSERT,10544
TC-00048223,trabajador,Villa Nueva,true,,UPDATE,13371
TC-00048224,trabajador,Zona 7,true,,INSERT,30419
TC-00048226,adulto_mayor,Zona 18,true,,UPDATE,3148
TC-00048227,general,Zona 11,true,,INSERT,5524
TC-00048234,,,false,2026-06-09 02:30:00,DELETE,6125
TC-00048235,trabajador,Mixco,true,,INSERT,5621
TC-00048237,,,false,2026-06-28 03:01:00,DELETE,19299
TC-00048239,general,San Miguel Petapa,true,,INSERT,26371
TC-00048242,trabajador,Zona 18,true,,INSERT,15196
TC-00048247,adulto_mayor,Zona 8,true,,UPDATE,5782
TC-00048254,general,Zona 1,true,,UPDATE,6571
TC-00048255,trabajador,Mixco,true,,INSERT,880
TC-00048256,adulto_mayor,Zona 6,true,,UPDATE,6536
TC-00048257,adulto_mayor,Zona 10,true,,UPDATE,8640
TC-00048261,trabajador,Zona 17,true,,INSERT,10424
TC-00048264,trabajador,Zona 9,true,,UPDATE,13464
TC-00048266,,,false,2026-06-20 01:55:00,DELETE,13760
TC-00048272,trabajador,Zona 6,true,,INSERT,15277
TC-00048273,general,Zona 18,true,,UPDATE,28730
TC-00048274,trabajador,Villa Nueva,true,,INSERT,28300
TC-00048286,trabajador,Zona 6,true,,UPDATE,7875
TC-00048288,trabajador,Zona 11,true,,INSERT,22954
TC-00048289,,,false,2026-06-24 21:32:00,DELETE,16516
TC-00048294,trabajador,Santa Catarina Pinula,true,,UPDATE,20475
TC-00048297,general,Zona 9,true,,INSERT,11813
TC-00048298,general,Zona 17,true,,INSERT,13307
TC-00048305,trabajador,Zona 7,true,,INSERT,7617
TC-00048308,adulto_mayor,Zona 18,true,,UPDATE,5913
TC-00048310,general,Zona 9,true,,INSERT,15221
TC-00048315,estudiante,Zona 6,true,,UPDATE,10642
TC-00048322,adulto_mayor,Zona 4,true,,UPDATE,6607
TC-00048326,trabajador,Zona 4,true,,INSERT,3456
TC-00048330,trabajador,Zona 13,true,,INSERT,22839
TC-00048331,adulto_mayor,Villa Nueva,true,,UPDATE,9545
TC-00048333,general,Zona 12,true,,UPDATE,2404
TC-00048334,adulto_mayor,Zona 17,true,,INSERT,21521
TC-00048335,trabajador,Zona 10,true,,UPDATE,29243
TC-00048336,,,false,2026-07-10 10:20:00,DELETE,27542
TC-00048341,adulto_mayor,Villa Nueva,true,,UPDATE,28749
TC-00048342,estudiante,Zona 18,true,,UPDATE,4397
TC-00048345,adulto_mayor,Mixco,true,,UPDATE,18184
TC-00048347,trabajador,Zona 9,true,,UPDATE,30012
TC-00048348,trabajador,Zona 18,true,,INSERT,120
TC-00048349,adulto_mayor,Zona 17,true,,UPDATE,6784
TC-00048350,,,false,2026-06-07 08:23:00,DELETE,4809
TC-00048352,estudiante,Zona 9,true,,INSERT,26329
TC-00048359,,,false,2026-06-29 13:52:00,DELETE,19982
TC-00048361,general,Santa Catarina Pinula,true,,UPDATE,1067
TC-00048365,,,false,2026-06-12 17:34:00,DELETE,8226
TC-00048366,,,false,2026-06-11 03:07:00,DELETE,7575
TC-00048371,estudiante,Zona 10,true,,UPDATE,7281
TC-00048372,trabajador,Zona 11,true,,INSERT,13855
TC-00048385,trabajador,Zona 9,true,,INSERT,14563
TC-00048387,,,false,2026-06-30 04:16:00,DELETE,20685
TC-00048388,general,Villa Nueva,true,,INSERT,19527
TC-00048389,adulto_mayor,Zona 13,true,,UPDATE,23250
TC-00048396,adulto_mayor,Zona 17,true,,UPDATE,27241
TC-00048399,,,false,2026-07-08 09:42:00,DELETE,26139
TC-00048400,adulto_mayor,Zona 8,true,,UPDATE,5076
TC-00048404,,,false,2026-07-09 10:14:00,DELETE,26839
TC-00048410,general,Santa Catarina Pinula,true,,INSERT,1501
TC-00048411,,,false,2026-07-10 08:29:00,DELETE,27569
TC-00048413,trabajador,Zona 7,true,,UPDATE,7208
TC-00048416,general,Zona 12,true,,INSERT,26261
TC-00048421,adulto_mayor,Zona 9,true,,INSERT,26997
TC-00048425,trabajador,Zona 7,true,,INSERT,20938
TC-00048428,,,false,2026-06-16 14:57:00,DELETE,10967
TC-00048430,adulto_mayor,Zona 8,true,,UPDATE,28716
TC-00048431,,,false,2026-06-17 11:15:00,DELETE,11702
TC-00048436,adulto_mayor,Zona 6,true,,UPDATE,8140
TC-00048437,estudiante,Zona 9,true,,UPDATE,19168
TC-00048441,estudiante,Zona 9,true,,UPDATE,1014
TC-00048451,trabajador,Villa Nueva,true,,INSERT,9149
TC-00048456,adulto_mayor,Zona 12,true,,UPDATE,21795
TC-00048466,,,false,2026-07-03 12:26:00,DELETE,22728
TC-00048469,general,San Miguel Petapa,true,,INSERT,30504
TC-00048471,trabajador,Zona 6,true,,INSERT,5006
TC-00048473,general,Zona 6,true,,INSERT,9810
TC-00048474,adulto_mayor,Zona 9,true,,UPDATE,12786
TC-00048481,estudiante,Zona 1,true,,INSERT,7678
TC-00048482,trabajador,Zona 1,true,,INSERT,16733
TC-00048490,trabajador,Villa Nueva,true,,INSERT,22855
TC-00048491,general,Zona 10,true,,INSERT,14525
TC-00048496,general,Zona 1,true,,UPDATE,30741
TC-00048498,trabajador,Zona 12,true,,INSERT,26459
TC-00048502,trabajador,Zona 4,true,,UPDATE,27976
TC-00048503,estudiante,San Miguel Petapa,true,,UPDATE,15445
TC-00048505,adulto_mayor,Zona 7,true,,UPDATE,30654
TC-00048511,,,false,2026-07-06 02:42:00,DELETE,24775
TC-00048513,general,Zona 6,true,,INSERT,20927
TC-00048519,trabajador,Santa Catarina Pinula,true,,UPDATE,24509
TC-00048524,trabajador,Mixco,true,,UPDATE,9471
TC-00048526,general,Zona 9,true,,UPDATE,523
TC-00048529,,,false,2026-06-17 19:38:00,DELETE,11713
TC-00048536,adulto_mayor,Zona 8,true,,UPDATE,14926
TC-00048537,adulto_mayor,Zona 1,true,,UPDATE,10190
TC-00048547,estudiante,Mixco,true,,UPDATE,30679
TC-00048551,trabajador,Zona 8,true,,UPDATE,6514
TC-00048554,trabajador,Zona 18,true,,UPDATE,15680
TC-00048555,adulto_mayor,Zona 10,true,,UPDATE,22340
TC-00048560,general,Zona 12,true,,INSERT,23609
TC-00048561,estudiante,Zona 18,true,,UPDATE,28638
TC-00048579,,,false,2026-06-04 10:59:00,DELETE,2710
TC-00048586,general,Santa Catarina Pinula,true,,UPDATE,27499
TC-00048588,general,Zona 13,true,,INSERT,8369
TC-00048589,estudiante,Zona 17,true,,INSERT,29013
TC-00048591,general,Zona 4,true,,UPDATE,16378
TC-00048593,estudiante,Zona 4,true,,INSERT,12574
TC-00048594,general,Zona 18,true,,INSERT,3689
TC-00048595,trabajador,Zona 1,true,,INSERT,7606
TC-00048600,estudiante,Mixco,true,,INSERT,20752
TC-00048604,,,false,2026-07-07 23:31:00,DELETE,25477
TC-00048609,trabajador,Villa Nueva,true,,UPDATE,4015
TC-00048615,trabajador,Zona 9,true,,INSERT,2288
TC-00048616,trabajador,Zona 18,true,,UPDATE,14776
TC-00048622,estudiante,Zona 17,true,,UPDATE,5947
TC-00048625,adulto_mayor,Villa Nueva,true,,UPDATE,3965
TC-00048630,,,false,2026-06-22 14:39:00,DELETE,15149
TC-00048633,,,false,2026-07-04 21:59:00,DELETE,23453
TC-00048636,trabajador,Santa Catarina Pinula,true,,UPDATE,27185
TC-00048642,trabajador,Santa Catarina Pinula,true,,INSERT,14575
TC-00048645,trabajador,Zona 10,true,,INSERT,2181
TC-00048649,adulto_mayor,Santa Catarina Pinula,true,,UPDATE,19095
TC-00048655,,,false,2026-06-07 09:43:00,DELETE,4761
TC-00048656,adulto_mayor,Zona 11,true,,UPDATE,1127
TC-00048657,general,Zona 18,true,,UPDATE,17611
TC-00048658,general,Zona 12,true,,UPDATE,29344
TC-00048663,general,Zona 6,true,,UPDATE,30750
TC-00048665,trabajador,Zona 18,true,,INSERT,24305
TC-00048667,trabajador,Zona 9,true,,UPDATE,14396
TC-00048674,general,Zona 1,true,,INSERT,28449
TC-00048675,trabajador,Villa Nueva,true,,UPDATE,1024
TC-00048680,general,Zona 10,true,,UPDATE,16293
TC-00048681,estudiante,Mixco,true,,INSERT,11139
TC-00048683,general,Zona 12,true,,INSERT,9801
TC-00048688,,,false,2026-06-27 08:14:00,DELETE,18565
TC-00048689,adulto_mayor,Zona 7,true,,UPDATE,17656
TC-00048697,trabajador,Zona 12,true,,INSERT,3642
TC-00048700,general,Zona 9,true,,INSERT,22248
TC-00048704,estudiante,Zona 1,true,,INSERT,6979
TC-00048710,trabajador,Zona 6,true,,UPDATE,5180
TC-00048713,estudiante,Santa Catarina Pinula,true,,INSERT,15234
TC-00048717,adulto_mayor,Zona 7,true,,UPDATE,14829
TC-00048719,trabajador,Villa Nueva,true,,INSERT,24196
TC-00048726,trabajador,Santa Catarina Pinula,true,,UPDATE,26770
TC-00048729,general,Zona 4,true,,INSERT,29144
TC-00048731,adulto_mayor,Zona 13,true,,UPDATE,27435
TC-00048732,general,Zona 6,true,,UPDATE,1854
TC-00048738,general,San Miguel Petapa,true,,UPDATE,27999
TC-00048743,adulto_mayor,Villa Nueva,true,,UPDATE,23846
TC-00048758,general,Zona 17,true,,UPDATE,26029
TC-00048759,adulto_mayor,Zona 4,true,,INSERT,20206
TC-00048773,trabajador,Zona 8,true,,INSERT,25715
TC-00048776,estudiante,Mixco,true,,UPDATE,20605
TC-00048780,general,Zona 8,true,,UPDATE,1061
TC-00048782,trabajador,Zona 12,true,,UPDATE,30027
TC-00048783,trabajador,Zona 12,true,,INSERT,22140
TC-00048790,estudiante,Mixco,true,,UPDATE,7974
TC-00048798,trabajador,Zona 6,true,,UPDATE,10625
TC-00048805,general,Santa Catarina Pinula,true,,UPDATE,6786
TC-00048808,estudiante,Zona 8,true,,INSERT,30417
TC-00048812,,,false,2026-06-04 05:47:00,DELETE,2705
TC-00048816,,,false,2026-07-08 13:29:00,DELETE,26203
TC-00048828,trabajador,Zona 18,true,,UPDATE,23280
TC-00048832,estudiante,Zona 1,true,,UPDATE,13627
TC-00048839,trabajador,Zona 13,true,,INSERT,24338
TC-00048844,general,Mixco,true,,UPDATE,25894
TC-00048845,general,Santa Catarina Pinula,true,,UPDATE,8129
TC-00048846,trabajador,Villa Nueva,true,,INSERT,23504
TC-00048847,trabajador,Zona 7,true,,UPDATE,16162
TC-00048850,trabajador,Zona 18,true,,UPDATE,20395
TC-00048854,general,Zona 7,true,,UPDATE,29475
TC-00048856,trabajador,Zona 7,true,,UPDATE,29453
TC-00048857,adulto_mayor,Zona 17,true,,INSERT,7674
TC-00048865,general,San Miguel Petapa,true,,INSERT,22775
TC-00048867,trabajador,Zona 4,true,,INSERT,20930
TC-00048877,general,Zona 7,true,,UPDATE,10845
TC-00048878,trabajador,Zona 11,true,,INSERT,19555
TC-00048879,trabajador,Zona 9,true,,INSERT,29191
TC-00048880,,,false,2026-06-08 13:18:00,DELETE,5448
TC-00048888,trabajador,San Miguel Petapa,true,,INSERT,12474
TC-00048890,estudiante,Zona 4,true,,UPDATE,11589
TC-00048892,general,Villa Nueva,true,,INSERT,3597
TC-00048896,trabajador,Zona 6,true,,UPDATE,19775
TC-00048898,,,false,2026-07-09 03:15:00,DELETE,26899
TC-00048901,trabajador,Zona 8,true,,UPDATE,12276
TC-00048902,estudiante,Zona 10,true,,INSERT,4937
TC-00048903,estudiante,Zona 13,true,,UPDATE,18517
TC-00048904,estudiante,Zona 6,true,,UPDATE,23169
TC-00048913,general,Zona 6,true,,UPDATE,14764
TC-00048921,,,false,2026-07-09 08:51:00,DELETE,26838
TC-00048922,general,Zona 17,true,,UPDATE,19819
TC-00048925,,,false,2026-06-09 13:51:00,DELETE,6205
TC-00048929,trabajador,Zona 9,true,,INSERT,19382
TC-00048936,trabajador,Santa Catarina Pinula,true,,UPDATE,25366
TC-00048937,adulto_mayor,Zona 12,true,,INSERT,18169
TC-00048938,,,false,2026-06-03 03:52:00,DELETE,2003
TC-00048943,trabajador,Zona 10,true,,UPDATE,28646
TC-00048960,trabajador,Zona 4,true,,UPDATE,19884
TC-00048962,,,false,2026-06-11 07:26:00,DELETE,7576
TC-00048963,trabajador,Zona 12,true,,UPDATE,27324
TC-00048965,trabajador,San Miguel Petapa,true,,UPDATE,25863
TC-00048969,,,false,2026-06-17 20:21:00,DELETE,11666
TC-00048970,estudiante,Zona 10,true,,INSERT,6425
TC-00048971,general,Santa Catarina Pinula,true,,UPDATE,18456
TC-00048972,,,false,2026-06-27 19:06:00,DELETE,18553
TC-00048973,,,false,2026-07-13 07:05:00,DELETE,29636
TC-00048974,estudiante,San Miguel Petapa,true,,UPDATE,1154
TC-00048975,,,false,2026-07-08 20:57:00,DELETE,26168
TC-00048976,estudiante,Zona 18,true,,INSERT,8
TC-00048983,trabajador,Zona 13,true,,INSERT,4975
TC-00048985,adulto_mayor,Zona 12,true,,UPDATE,12211
TC-00048989,trabajador,Villa Nueva,true,,UPDATE,10114
TC-00048990,general,Zona 13,true,,INSERT,27784
TC-00048992,trabajador,Zona 12,true,,INSERT,13922
TC-00048993,estudiante,Villa Nueva,true,,INSERT,29726
TC-00048994,estudiante,Santa Catarina Pinula,true,,INSERT,29892
TC-00048996,trabajador,Zona 1,true,,UPDATE,6005
TC-00048999,trabajador,Zona 6,true,,INSERT,9796
TC-00049001,,,false,2026-06-27 01:26:00,DELETE,18589
TC-00049011,trabajador,Zona 7,true,,INSERT,14015
TC-00049023,estudiante,Villa Nueva,true,,INSERT,18136
TC-00049025,adulto_mayor,Zona 8,true,,UPDATE,7206
TC-00049030,general,Zona 9,true,,UPDATE,11580
TC-00049035,general,Mixco,true,,INSERT,8500
TC-00049042,estudiante,Zona 11,true,,UPDATE,3860
TC-00049047,trabajador,Zona 18,true,,UPDATE,23085
TC-00049055,general,Zona 10,true,,INSERT,22943
TC-00049057,general,Zona 11,true,,UPDATE,5897
TC-00049058,estudiante,Mixco,true,,UPDATE,7347
TC-00049062,trabajador,Zona 17,true,,UPDATE,13397
TC-00049066,trabajador,Santa Catarina Pinula,true,,UPDATE,9964
TC-00049068,general,Villa Nueva,true,,INSERT,14587
TC-00049073,estudiante,San Miguel Petapa,true,,UPDATE,3079
TC-00049082,estudiante,Zona 12,true,,UPDATE,18199
TC-00049085,trabajador,Zona 4,true,,INSERT,6938
TC-00049087,,,false,2026-06-14 22:59:00,DELETE,9591
TC-00049092,general,Santa Catarina Pinula,true,,UPDATE,30014
TC-00049095,trabajador,Zona 1,true,,UPDATE,12669
TC-00049102,adulto_mayor,San Miguel Petapa,true,,INSERT,21533
TC-00049106,adulto_mayor,Zona 12,true,,UPDATE,22549
TC-00049109,general,Mixco,true,,UPDATE,2571
TC-00049110,,,false,2026-06-30 13:00:00,DELETE,20643
TC-00049111,estudiante,Villa Nueva,true,,INSERT,23647
TC-00049115,trabajador,Zona 12,true,,INSERT,27143
TC-00049116,adulto_mayor,Zona 13,true,,UPDATE,5428
TC-00049120,trabajador,Zona 18,true,,INSERT,13111
TC-00049121,trabajador,Zona 17,true,,UPDATE,940
TC-00049123,trabajador,Zona 4,true,,INSERT,24298
TC-00049132,estudiante,Zona 17,true,,INSERT,29834
TC-00049134,estudiante,Zona 7,true,,UPDATE,14048
TC-00049136,adulto_mayor,Zona 18,true,,UPDATE,6692
TC-00049144,trabajador,Villa Nueva,true,,INSERT,15310
TC-00049154,trabajador,Zona 7,true,,INSERT,11960
TC-00049157,,,false,2026-07-03 14:28:00,DELETE,22736
TC-00049160,adulto_mayor,Villa Nueva,true,,UPDATE,1738
TC-00049169,adulto_mayor,Zona 7,true,,UPDATE,23087
TC-00049171,adulto_mayor,Zona 7,true,,UPDATE,29979
TC-00049176,,,false,2026-06-09 05:10:00,DELETE,6179
TC-00049177,adulto_mayor,Zona 17,true,,UPDATE,24599
TC-00049182,estudiante,Zona 10,true,,UPDATE,4477
TC-00049187,,,false,2026-07-10 16:18:00,DELETE,27591
TC-00049190,general,Zona 11,true,,UPDATE,17840
TC-00049197,general,Zona 18,true,,UPDATE,12905
TC-00049202,estudiante,Zona 18,true,,UPDATE,11292
TC-00049203,adulto_mayor,San Miguel Petapa,true,,INSERT,22826
TC-00049209,trabajador,Mixco,true,,INSERT,6955
TC-00049213,estudiante,Zona 10,true,,UPDATE,22492
TC-00049214,general,Zona 6,true,,INSERT,3617
TC-00049216,adulto_mayor,Santa Catarina Pinula,true,,UPDATE,15036
TC-00049219,estudiante,Mixco,true,,UPDATE,15461
TC-00049223,adulto_mayor,Santa Catarina Pinula,true,,INSERT,11743
TC-00049227,trabajador,Zona 13,true,,INSERT,28514
TC-00049228,general,Zona 8,true,,UPDATE,16462
TC-00049229,,,false,2026-07-12 09:39:00,DELETE,28968
TC-00049231,general,San Miguel Petapa,true,,INSERT,16029
TC-00049232,trabajador,Zona 10,true,,INSERT,22243
TC-00049236,general,Zona 18,true,,UPDATE,9466
TC-00049240,,,false,2026-06-09 14:01:00,DELETE,6162
TC-00049244,trabajador,Zona 12,true,,INSERT,11106
TC-00049247,estudiante,Zona 12,true,,UPDATE,12050
TC-00049249,estudiante,Zona 4,true,,INSERT,20161
TC-00049258,trabajador,Zona 10,true,,INSERT,27746
TC-00049261,trabajador,Zona 1,true,,INSERT,7097
TC-00049262,estudiante,Zona 18,true,,UPDATE,10636
TC-00049263,trabajador,Santa Catarina Pinula,true,,INSERT,29092
TC-00049266,general,Zona 17,true,,UPDATE,7962
TC-00049270,general,Zona 11,true,,INSERT,13117
TC-00049275,adulto_mayor,Santa Catarina Pinula,true,,UPDATE,17544
TC-00049276,general,San Miguel Petapa,true,,INSERT,12442
TC-00049277,trabajador,Villa Nueva,true,,INSERT,27606
TC-00049278,adulto_mayor,Mixco,true,,INSERT,18652
TC-00049279,adulto_mayor,Zona 9,true,,UPDATE,27913
TC-00049281,trabajador,San Miguel Petapa,true,,UPDATE,20521
TC-00049284,trabajador,Zona 7,true,,UPDATE,8617
TC-00049288,estudiante,Zona 6,true,,UPDATE,23198
TC-00049293,estudiante,Zona 12,true,,UPDATE,4463
TC-00049305,general,Santa Catarina Pinula,true,,INSERT,11751
TC-00049308,general,Zona 6,true,,UPDATE,3294
TC-00049310,estudiante,Zona 6,true,,INSERT,24292
TC-00049312,general,Zona 7,true,,UPDATE,28841
TC-00049313,trabajador,Zona 6,true,,UPDATE,30708
TC-00049316,trabajador,Zona 13,true,,UPDATE,13391
TC-00049321,trabajador,Zona 18,true,,INSERT,24299
TC-00049322,,,false,2026-06-24 04:01:00,DELETE,16557
TC-00049323,general,Zona 7,true,,UPDATE,23063
TC-00049324,trabajador,Zona 17,true,,INSERT,80
TC-00049325,general,Villa Nueva,true,,UPDATE,16844
TC-00049328,estudiante,Villa Nueva,true,,UPDATE,21815
TC-00049329,general,Zona 9,true,,UPDATE,24600
TC-00049333,general,Zona 12,true,,UPDATE,28007
TC-00049336,general,Zona 13,true,,UPDATE,23036
TC-00049341,general,Villa Nueva,true,,INSERT,6357
TC-00049345,adulto_mayor,Zona 12,true,,UPDATE,11609
TC-00049346,general,Santa Catarina Pinula,true,,UPDATE,29296
TC-00049349,general,Zona 12,true,,INSERT,30398
TC-00049351,estudiante,Zona 10,true,,UPDATE,27313
TC-00049355,trabajador,Zona 8,true,,INSERT,24893
TC-00049357,trabajador,Zona 10,true,,UPDATE,15656
TC-00049360,trabajador,Zona 9,false,2026-07-06 05:55:00,DELETE,24837
TC-00049361,,,false,2026-07-06 19:32:00,DELETE,24769
TC-00049362,adulto_mayor,Zona 12,true,,INSERT,11856
TC-00049365,general,San Miguel Petapa,true,,UPDATE,30948
TC-00049367,adulto_mayor,Zona 11,true,,UPDATE,23296
TC-00049370,general,Zona 17,true,,UPDATE,15005
TC-00049372,estudiante,Zona 9,true,,UPDATE,10659
TC-00049385,trabajador,Zona 11,true,,INSERT,5717
TC-00049387,trabajador,Zona 17,true,,INSERT,16778
TC-00049389,general,Zona 10,true,,UPDATE,14049
TC-00049391,estudiante,Zona 7,true,,INSERT,15182
TC-00049397,general,Zona 7,true,,UPDATE,30747
TC-00049401,adulto_mayor,Mixco,true,,UPDATE,3886
TC-00049402,general,Villa Nueva,true,,INSERT,26323
TC-00049407,general,Zona 4,true,,UPDATE,25943
TC-00049412,,,false,2026-06-12 17:51:00,DELETE,8267
TC-00049415,,,false,2026-07-13 02:24:00,DELETE,29601
TC-00049423,trabajador,Zona 8,true,,UPDATE,25922
TC-00049424,,,false,2026-07-09 02:19:00,DELETE,26822
TC-00049425,adulto_mayor,Zona 6,true,,UPDATE,12177
TC-00049429,estudiante,Zona 7,true,,UPDATE,5851
TC-00049432,,,false,2026-06-13 04:04:00,DELETE,8915
TC-00049433,adulto_mayor,Zona 12,true,,UPDATE,16895
TC-00049435,trabajador,Zona 17,true,,UPDATE,27380
TC-00049436,trabajador,Mixco,true,,INSERT,25742
TC-00049443,trabajador,Zona 6,true,,INSERT,17314
TC-00049446,estudiante,Zona 9,true,,UPDATE,19667
TC-00049452,estudiante,Zona 8,true,,UPDATE,7225
TC-00049453,general,Santa Catarina Pinula,true,,INSERT,2297
TC-00049455,adulto_mayor,Mixco,true,,UPDATE,22427
TC-00049464,trabajador,Zona 17,true,,UPDATE,21262
TC-00049466,trabajador,Zona 1,true,,UPDATE,3712
TC-00049468,adulto_mayor,Santa Catarina Pinula,true,,UPDATE,10163
TC-00049471,trabajador,Zona 18,true,,UPDATE,28769
TC-00049474,trabajador,Zona 12,true,,UPDATE,9527
TC-00049475,trabajador,Mixco,true,,INSERT,28430
TC-00049479,,,false,2026-07-05 11:32:00,DELETE,24098
TC-00049484,,,false,2026-06-10 11:54:00,DELETE,6885
TC-00049485,trabajador,Zona 9,true,,INSERT,6378
TC-00049490,estudiante,Zona 10,true,,UPDATE,15756
TC-00049493,estudiante,Zona 18,true,,UPDATE,8644
TC-00049496,,,false,2026-06-16 18:05:00,DELETE,10986
TC-00049499,adulto_mayor,Zona 6,true,,UPDATE,2460
TC-00049501,general,Zona 8,true,,INSERT,23644
TC-00049502,,,false,2026-06-09 17:03:00,DELETE,6192
TC-00049503,,,false,2026-06-08 09:15:00,DELETE,5442
TC-00049504,general,Zona 18,true,,INSERT,12572
TC-00049509,estudiante,Zona 11,true,,UPDATE,17777
TC-00049511,adulto_mayor,Zona 18,true,,INSERT,8374
TC-00049513,trabajador,Zona 11,true,,UPDATE,4520
TC-00049517,trabajador,Santa Catarina Pinula,false,2026-07-10 19:32:00,DELETE,27533
TC-00049518,trabajador,Santa Catarina Pinula,true,,INSERT,13232
TC-00049519,trabajador,Zona 1,true,,INSERT,8984
TC-00049520,adulto_mayor,Villa Nueva,true,,UPDATE,23865
TC-00049523,adulto_mayor,Zona 12,true,,UPDATE,23972
TC-00049527,trabajador,Zona 12,true,,INSERT,8998
TC-00049530,adulto_mayor,Zona 11,true,,UPDATE,12259
TC-00049531,estudiante,Zona 4,true,,INSERT,25573
TC-00049533,,,false,2026-07-03 21:10:00,DELETE,22702
TC-00049535,general,Zona 12,true,,INSERT,6388
TC-00049541,estudiante,Zona 4,true,,UPDATE,28129
TC-00049542,trabajador,Villa Nueva,false,2026-06-10 09:48:00,DELETE,6849
TC-00049543,trabajador,Zona 18,true,,INSERT,7644
TC-00049547,trabajador,Zona 4,true,,INSERT,6236
TC-00049548,trabajador,Zona 4,true,,INSERT,28385
TC-00049552,trabajador,Villa Nueva,true,,UPDATE,3107
TC-00049560,estudiante,Zona 9,true,,INSERT,10562
TC-00049561,adulto_mayor,Zona 9,true,,UPDATE,21191
TC-00049564,estudiante,Zona 11,true,,INSERT,6317
TC-00049566,trabajador,Villa Nueva,true,,UPDATE,28738
TC-00049568,trabajador,Villa Nueva,true,,INSERT,29704
TC-00049570,adulto_mayor,Villa Nueva,true,,INSERT,28368
TC-00049575,trabajador,Zona 11,true,,UPDATE,14761
TC-00049580,trabajador,Zona 1,true,,INSERT,24957
TC-00049583,adulto_mayor,Zona 18,true,,UPDATE,18278
TC-00049585,trabajador,Zona 18,true,,UPDATE,16365
TC-00049588,general,Zona 4,true,,INSERT,22254
TC-00049595,trabajador,Zona 9,true,,INSERT,22148
TC-00049600,trabajador,Villa Nueva,true,,INSERT,22804
TC-00049604,trabajador,Zona 4,true,,INSERT,29882
TC-00049605,estudiante,Zona 18,true,,UPDATE,17097
TC-00049608,trabajador,Zona 13,false,2026-06-28 19:38:00,DELETE,19276
TC-00049611,adulto_mayor,Zona 7,true,,UPDATE,20368
TC-00049616,estudiante,Zona 6,true,,UPDATE,21654
TC-00049618,adulto_mayor,San Miguel Petapa,true,,INSERT,29681
TC-00049620,trabajador,Zona 4,true,,INSERT,10509
TC-00049624,adulto_mayor,Zona 10,false,2026-07-11 07:11:00,DELETE,28261
TC-00049625,,,false,2026-07-12 20:59:00,DELETE,28976
TC-00049630,estudiante,Zona 4,true,,UPDATE,23281
TC-00049634,trabajador,Zona 1,true,,INSERT,11817
TC-00049635,general,Zona 13,true,,UPDATE,21236
TC-00049636,trabajador,Zona 1,true,,UPDATE,17754
TC-00049637,general,Zona 1,true,,UPDATE,7428
TC-00049640,estudiante,Zona 9,true,,INSERT,3585
TC-00049644,general,San Miguel Petapa,true,,UPDATE,5410
TC-00049649,general,Zona 13,true,,UPDATE,26593
TC-00049650,estudiante,Zona 11,true,,INSERT,15873
TC-00049655,,,false,2026-06-02 05:10:00,DELETE,1366
TC-00049658,,,false,2026-06-10 13:56:00,DELETE,6842
TC-00049673,estudiante,Zona 9,true,,UPDATE,6045
TC-00049677,trabajador,Zona 1,true,,INSERT,22933
TC-00049680,general,Zona 13,true,,INSERT,18738
TC-00049681,,,false,2026-07-02 21:14:00,DELETE,22043
TC-00049685,general,Mixco,true,,INSERT,23489
TC-00049689,general,Zona 18,true,,UPDATE,29978
TC-00049690,trabajador,Zona 9,true,,UPDATE,21133
TC-00049696,adulto_mayor,San Miguel Petapa,true,,UPDATE,25422
TC-00049697,trabajador,Zona 13,true,,INSERT,15210
TC-00049702,trabajador,Santa Catarina Pinula,true,,INSERT,20250
TC-00049706,general,Zona 7,true,,INSERT,10575
TC-00049708,trabajador,Zona 13,false,2026-06-09 05:05:00,DELETE,6166
TC-00049709,,,false,2026-06-20 22:44:00,DELETE,13741
TC-00049710,trabajador,Villa Nueva,true,,INSERT,29792
TC-00049712,trabajador,Zona 4,true,,UPDATE,2443
TC-00049713,adulto_mayor,Mixco,true,,INSERT,6340
TC-00049724,general,Zona 11,true,,UPDATE,8107
TC-00049729,estudiante,Zona 17,true,,UPDATE,9243
TC-00049733,,,false,2026-06-18 02:56:00,DELETE,12415
TC-00049735,adulto_mayor,Zona 7,true,,UPDATE,1228
TC-00049736,adulto_mayor,Zona 11,true,,UPDATE,13376
TC-00049737,adulto_mayor,Mixco,true,,INSERT,29085
TC-00049747,general,Santa Catarina Pinula,true,,INSERT,30466
TC-00049749,trabajador,Zona 4,true,,UPDATE,14354
TC-00049750,estudiante,Zona 9,true,,UPDATE,8726
TC-00049753,general,Santa Catarina Pinula,true,,INSERT,14557
TC-00049755,general,Zona 18,true,,INSERT,12598
TC-00049757,general,Zona 1,true,,UPDATE,10036
TC-00049776,,,false,2026-06-04 04:07:00,DELETE,2689
TC-00049779,general,Santa Catarina Pinula,true,,UPDATE,25905
TC-00049780,general,Zona 6,true,,UPDATE,14235
TC-00049785,estudiante,Zona 10,true,,UPDATE,1006
TC-00049790,,,false,2026-06-07 06:50:00,DELETE,4810
TC-00049791,general,Zona 6,true,,UPDATE,28613
TC-00049794,,,false,2026-06-03 10:28:00,DELETE,2004
TC-00049795,,,false,2026-06-13 09:38:00,DELETE,8934
TC-00049803,estudiante,Zona 12,true,,INSERT,9823
TC-00049804,adulto_mayor,Villa Nueva,true,,UPDATE,14108
TC-00049805,,,false,2026-07-09 12:27:00,DELETE,26891
TC-00049807,trabajador,Zona 18,true,,INSERT,4840
TC-00049810,adulto_mayor,Zona 12,true,,UPDATE,30080
TC-00049812,estudiante,Zona 13,true,,UPDATE,17535
TC-00049813,general,Santa Catarina Pinula,true,,INSERT,12581
TC-00049818,general,Zona 7,true,,UPDATE,30180
TC-00049823,trabajador,Zona 17,true,,INSERT,29716
TC-00049830,adulto_mayor,Zona 18,true,,UPDATE,27932
TC-00049831,adulto_mayor,Zona 10,true,,UPDATE,30030
TC-00049833,trabajador,Villa Nueva,true,,UPDATE,10744
TC-00049834,trabajador,Zona 9,true,,INSERT,8321
TC-00049843,estudiante,Zona 1,true,,INSERT,10433
TC-00049847,adulto_mayor,Mixco,true,,UPDATE,19209
TC-00049862,trabajador,Zona 11,true,,INSERT,29197
TC-00049873,trabajador,Zona 4,true,,UPDATE,1936
TC-00049874,adulto_mayor,Zona 18,true,,UPDATE,19064
TC-00049875,trabajador,Zona 4,true,,INSERT,29848
TC-00049876,estudiante,Zona 8,true,,UPDATE,30206
TC-00049881,estudiante,Zona 7,true,,INSERT,2260
TC-00049882,adulto_mayor,Zona 10,true,,UPDATE,26522
TC-00049887,general,Zona 17,true,,UPDATE,5777
TC-00049890,general,San Miguel Petapa,true,,INSERT,26374
TC-00049892,adulto_mayor,Zona 10,true,,UPDATE,8739
TC-00049893,estudiante,Mixco,true,,UPDATE,6109
TC-00049897,trabajador,Zona 9,true,,UPDATE,28648
TC-00049904,adulto_mayor,Zona 6,true,,UPDATE,10720
TC-00049913,trabajador,San Miguel Petapa,true,,UPDATE,7836
TC-00049919,estudiante,Zona 10,true,,UPDATE,15043
TC-00049921,trabajador,Zona 12,true,,INSERT,17941
TC-00049923,general,Zona 6,true,,UPDATE,29305
TC-00049925,,,false,2026-06-02 17:11:00,DELETE,1373
TC-00049926,estudiante,Villa Nueva,true,,UPDATE,27876
TC-00049930,adulto_mayor,Zona 11,true,,UPDATE,28139
TC-00049938,trabajador,Villa Nueva,true,,UPDATE,27896
TC-00049947,trabajador,Zona 7,false,2026-06-23 12:43:00,DELETE,15813
TC-00049953,,,false,2026-07-08 20:09:00,DELETE,26218
TC-00049958,estudiante,Zona 12,true,,INSERT,25655
TC-00049961,general,Villa Nueva,true,,UPDATE,23367
TC-00049969,adulto_mayor,Villa Nueva,true,,UPDATE,14965
TC-00049970,adulto_mayor,Zona 1,true,,UPDATE,21823
TC-00049972,general,Zona 8,true,,UPDATE,19846
TC-00049973,estudiante,San Miguel Petapa,true,,UPDATE,10634
TC-00049974,adulto_mayor,Mixco,false,2026-07-06 18:46:00,DELETE,24792
TC-00049977,,,false,2026-06-21 10:58:00,DELETE,14448
TC-00049985,,,false,2026-06-09 22:24:00,DELETE,6210
TC-00049988,,,false,2026-06-27 05:24:00,DELETE,18583
TC-00049990,adulto_mayor,Zona 12,true,,UPDATE,3308
TC-00049999,estudiante,Zona 4,true,,UPDATE,17547
TC-00050002,estudiante,Zona 10,true,,INSERT,19347
TC-00050005,estudiante,Zona 10,true,,UPDATE,25950
TC-00050023,trabajador,Zona 9,true,,UPDATE,19766
TC-00050028,trabajador,Villa Nueva,true,,INSERT,11744
TC-00050033,adulto_mayor,Zona 6,true,,UPDATE,19131
TC-00050034,adulto_mayor,Zona 17,true,,UPDATE,11622
TC-00050036,,,false,2026-06-07 22:52:00,DELETE,4796
TC-00050037,trabajador,Zona 7,true,,INSERT,30581
TC-00050038,general,Zona 13,true,,INSERT,19496
TC-00050039,,,false,2026-06-15 17:26:00,DELETE,10288
TC-00050042,adulto_mayor,Zona 6,true,,UPDATE,29549
TC-00050048,adulto_mayor,San Miguel Petapa,true,,UPDATE,5904
TC-00050062,estudiante,Zona 8,true,,UPDATE,13517
TC-00050063,trabajador,Santa Catarina Pinula,true,,INSERT,11854
TC-00050064,trabajador,Zona 7,true,,INSERT,2163
TC-00050067,trabajador,Zona 8,true,,UPDATE,27442
TC-00050068,general,Zona 13,true,,UPDATE,8015
TC-00050072,trabajador,Zona 10,true,,INSERT,19407
TC-00050073,general,Zona 11,true,,INSERT,9027
TC-00050074,trabajador,Zona 9,false,2026-06-15 14:28:00,DELETE,10278
TC-00050085,trabajador,Zona 18,false,2026-06-15 15:24:00,DELETE,10311
TC-00050087,adulto_mayor,Mixco,true,,UPDATE,17623
TC-00050091,general,Zona 13,true,,INSERT,5639
TC-00050092,general,Villa Nueva,true,,UPDATE,4582
TC-00050099,estudiante,Zona 6,true,,INSERT,25015
TC-00050108,trabajador,Zona 12,true,,UPDATE,7902
TC-00050109,estudiante,Zona 17,true,,UPDATE,17128
TC-00050110,general,Zona 8,true,,UPDATE,17725
TC-00050121,adulto_mayor,Zona 10,true,,INSERT,10410
TC-00050124,trabajador,Zona 13,true,,UPDATE,2619
TC-00050134,estudiante,Villa Nueva,true,,UPDATE,22408
TC-00050135,general,Zona 12,true,,UPDATE,17849
TC-00050136,trabajador,Zona 6,true,,INSERT,8445
TC-00050147,general,Villa Nueva,true,,UPDATE,21180
TC-00050148,,,false,2026-07-03 17:00:00,DELETE,22695
TC-00050149,general,Zona 6,true,,UPDATE,8047
TC-00050150,trabajador,Zona 4,true,,UPDATE,6585
TC-00050155,trabajador,Zona 8,true,,UPDATE,21274
TC-00050161,trabajador,Zona 10,true,,INSERT,10429
TC-00050164,trabajador,Santa Catarina Pinula,true,,INSERT,9832
TC-00050167,estudiante,San Miguel Petapa,true,,UPDATE,1729
TC-00050171,adulto_mayor,Zona 6,true,,UPDATE,21842
TC-00050172,general,Zona 4,true,,UPDATE,3028
TC-00050177,trabajador,Zona 12,true,,UPDATE,7930
TC-00050182,general,Zona 11,true,,INSERT,27783
TC-00050183,trabajador,San Miguel Petapa,true,,UPDATE,23059
TC-00050184,general,Zona 9,true,,UPDATE,4559
TC-00050186,estudiante,Zona 8,true,,UPDATE,30234
TC-00050189,,,false,2026-07-10 15:02:00,DELETE,27512
TC-00050192,general,Villa Nueva,true,,UPDATE,12885
TC-00050193,adulto_mayor,Zona 18,true,,UPDATE,9998
TC-00050195,adulto_mayor,Mixco,true,,UPDATE,26693
TC-00050197,adulto_mayor,Zona 8,true,,UPDATE,1649
TC-00050202,trabajador,Santa Catarina Pinula,true,,UPDATE,22553
TC-00050208,general,Zona 8,true,,UPDATE,22653
TC-00050210,trabajador,Zona 11,true,,INSERT,5601
TC-00050212,general,Zona 18,true,,INSERT,6929
TC-00050221,general,San Miguel Petapa,true,,UPDATE,13686
TC-00050222,trabajador,Villa Nueva,true,,UPDATE,30116
TC-00050224,,,false,2026-06-03 23:33:00,DELETE,2056
TC-00050226,adulto_mayor,Zona 11,true,,UPDATE,29276
TC-00050229,trabajador,Zona 11,true,,INSERT,14612
TC-00050230,trabajador,Villa Nueva,true,,INSERT,8320
TC-00050231,general,Zona 18,true,,UPDATE,14394
TC-00050232,trabajador,Zona 12,true,,INSERT,15190
TC-00050233,estudiante,Zona 12,true,,UPDATE,8173
TC-00050237,adulto_mayor,Zona 17,true,,UPDATE,25247
TC-00050238,general,Zona 10,true,,UPDATE,20396
TC-00050246,general,Santa Catarina Pinula,true,,UPDATE,28138
TC-00050248,trabajador,Zona 6,true,,UPDATE,23718
TC-00050249,estudiante,Zona 12,true,,UPDATE,23964
TC-00050255,,,false,2026-06-19 13:27:00,DELETE,13023
TC-00050258,,,false,2026-06-29 04:59:00,DELETE,19969
TC-00050284,adulto_mayor,Mixco,true,,UPDATE,19068
TC-00050292,trabajador,Zona 18,true,,UPDATE,20596
TC-00050293,trabajador,San Miguel Petapa,true,,INSERT,2926
TC-00050296,trabajador,San Miguel Petapa,true,,INSERT,1614
TC-00050297,,,false,2026-06-26 03:41:00,DELETE,17932
TC-00050304,,,false,2026-07-09 04:01:00,DELETE,26844
TC-00050308,trabajador,Zona 17,true,,UPDATE,27895
TC-00050309,estudiante,Zona 13,true,,UPDATE,24606
TC-00050312,trabajador,Mixco,true,,INSERT,10498
TC-00050314,trabajador,Zona 13,true,,INSERT,13271
TC-00050315,trabajador,Zona 8,true,,UPDATE,21663
TC-00050321,adulto_mayor,Zona 4,true,,UPDATE,23070
TC-00050324,trabajador,Zona 13,false,2026-07-02 03:11:00,DELETE,22024
TC-00050326,trabajador,Zona 12,true,,INSERT,22084
TC-00050327,trabajador,Zona 8,true,,UPDATE,10822
TC-00050332,trabajador,San Miguel Petapa,true,,INSERT,27645
TC-00050333,trabajador,Zona 10,true,,INSERT,27747
TC-00050338,trabajador,Zona 8,true,,UPDATE,11313
TC-00050339,estudiante,Zona 1,true,,UPDATE,9216
TC-00050340,estudiante,Santa Catarina Pinula,true,,UPDATE,21163
TC-00050345,general,Zona 18,true,,UPDATE,29363
TC-00050347,estudiante,Zona 7,true,,UPDATE,18319
TC-00050348,general,Zona 18,true,,UPDATE,1035
TC-00050353,general,Zona 7,true,,UPDATE,5272
TC-00050355,estudiante,Zona 9,true,,UPDATE,4031
TC-00050356,estudiante,Zona 11,true,,UPDATE,14932
TC-00050360,general,Zona 13,true,,INSERT,24250
TC-00050364,trabajador,Zona 4,true,,INSERT,18852
TC-00050365,adulto_mayor,Mixco,true,,UPDATE,13423
TC-00050367,general,Zona 4,true,,UPDATE,3306
TC-00050368,estudiante,Zona 1,true,,INSERT,13918
TC-00050369,trabajador,Zona 7,true,,INSERT,29790
TC-00050371,trabajador,Zona 11,false,2026-07-15 11:05:00,DELETE,30976
TC-00050376,general,Zona 4,true,,INSERT,22133
TC-00050380,trabajador,Zona 8,true,,INSERT,11274
TC-00050387,trabajador,Zona 11,true,,UPDATE,25337
TC-00050388,general,Zona 8,true,,UPDATE,30059
TC-00050393,adulto_mayor,Zona 6,true,,UPDATE,20952
TC-00050394,,,false,2026-06-19 17:02:00,DELETE,13091
TC-00050395,adulto_mayor,Zona 8,true,,UPDATE,27250
TC-00050396,general,Zona 12,true,,INSERT,6424
TC-00050400,trabajador,Zona 12,true,,UPDATE,26737
TC-00050401,adulto_mayor,Santa Catarina Pinula,true,,INSERT,25024
TC-00050405,trabajador,Zona 12,true,,INSERT,18644
TC-00050407,estudiante,Zona 6,true,,INSERT,23639
TC-00050409,adulto_mayor,Zona 13,true,,UPDATE,14351
TC-00050421,trabajador,Zona 4,true,,INSERT,14628
TC-00050422,,,false,2026-06-03 02:57:00,DELETE,2048
TC-00050425,trabajador,San Miguel Petapa,true,,UPDATE,26758
TC-00050430,general,Zona 17,true,,UPDATE,265
TC-00050435,trabajador,Santa Catarina Pinula,true,,UPDATE,2594
TC-00050438,trabajador,Zona 10,true,,INSERT,22236
TC-00050448,trabajador,Zona 7,true,,INSERT,16104
TC-00050449,estudiante,Zona 8,true,,UPDATE,17700
TC-00050453,,,false,2026-06-18 17:16:00,DELETE,12394
TC-00050458,adulto_mayor,Zona 11,true,,UPDATE,6017
TC-00050460,,,false,2026-06-10 08:22:00,DELETE,6863
TC-00050463,adulto_mayor,Zona 18,true,,UPDATE,17134
TC-00050472,trabajador,Villa Nueva,true,,INSERT,21548
TC-00050473,adulto_mayor,Zona 13,true,,INSERT,22816
TC-00050483,general,Zona 12,true,,INSERT,27624
TC-00050485,,,false,2026-07-13 07:38:00,DELETE,29586
TC-00050486,general,Zona 12,true,,UPDATE,28788
TC-00050491,trabajador,Zona 9,true,,UPDATE,21710
TC-00050492,general,Zona 10,true,,INSERT,13113
TC-00050499,estudiante,Zona 1,false,2026-06-27 04:39:00,DELETE,18563
TC-00050507,estudiante,Zona 6,true,,UPDATE,13609
TC-00050511,general,Zona 18,true,,UPDATE,5877
TC-00050519,estudiante,Zona 18,true,,UPDATE,9464
TC-00050520,estudiante,Zona 8,true,,UPDATE,23322
TC-00050524,estudiante,Mixco,true,,UPDATE,30945
TC-00050526,general,Zona 4,true,,UPDATE,2347
TC-00050528,,,false,2026-06-12 15:36:00,DELETE,8224
TC-00050530,adulto_mayor,San Miguel Petapa,true,,UPDATE,25910
TC-00050531,general,Zona 10,true,,UPDATE,26809
TC-00050533,estudiante,Zona 1,true,,INSERT,25003
TC-00050534,trabajador,Santa Catarina Pinula,true,,UPDATE,6116
TC-00050539,trabajador,Zona 11,true,,UPDATE,14966
TC-00050541,adulto_mayor,Zona 17,true,,UPDATE,25829
TC-00050542,trabajador,Zona 7,true,,INSERT,11865
TC-00050545,trabajador,Zona 13,true,,INSERT,24959
TC-00050550,estudiante,Santa Catarina Pinula,true,,UPDATE,4628
TC-00050554,trabajador,Zona 4,true,,INSERT,15323
TC-00050555,estudiante,Zona 4,true,,UPDATE,22522
TC-00050558,trabajador,Zona 1,true,,INSERT,7772
TC-00050559,adulto_mayor,Zona 1,true,,UPDATE,30740
TC-00050561,estudiante,Zona 6,true,,UPDATE,14340
TC-00050562,estudiante,Zona 10,true,,UPDATE,23358
TC-00050563,general,Zona 11,true,,INSERT,4850
TC-00050570,estudiante,Zona 17,true,,INSERT,6313
TC-00050572,adulto_mayor,Zona 4,true,,UPDATE,2354
TC-00050573,trabajador,Zona 17,true,,INSERT,3526
TC-00050585,,,false,2026-06-10 23:14:00,DELETE,6879
TC-00050587,,,false,2026-06-16 05:40:00,DELETE,10974
TC-00050591,trabajador,San Miguel Petapa,true,,INSERT,27682
TC-00050592,estudiante,Zona 6,true,,UPDATE,11361
TC-00050594,adulto_mayor,Zona 1,true,,UPDATE,29418
TC-00050595,adulto_mayor,Zona 13,true,,UPDATE,29261
TC-00050596,trabajador,Zona 18,true,,INSERT,21564
TC-00050607,estudiante,Mixco,true,,UPDATE,1921
TC-00050608,trabajador,Zona 4,true,,UPDATE,25230
TC-00050609,adulto_mayor,Zona 17,true,,UPDATE,21152
TC-00050612,trabajador,Zona 7,true,,INSERT,8435
TC-00050615,general,San Miguel Petapa,true,,INSERT,9781
TC-00050619,,,false,2026-07-15 17:44:00,DELETE,30961
TC-00050621,estudiante,Zona 12,true,,UPDATE,2664
TC-00050623,,,false,2026-06-07 05:11:00,DELETE,4802
TC-00050629,,,false,2026-07-14 21:23:00,DELETE,30342
TC-00050633,adulto_mayor,Villa Nueva,true,,UPDATE,8858
TC-00050635,general,Zona 17,true,,INSERT,27724
TC-00050640,estudiante,Zona 11,true,,UPDATE,9517
TC-00050643,general,Villa Nueva,true,,INSERT,17304
TC-00050645,general,Zona 1,true,,UPDATE,4708
TC-00050647,estudiante,Zona 1,true,,INSERT,22959
TC-00050648,trabajador,Zona 6,true,,UPDATE,16822
TC-00050652,estudiante,Zona 17,false,2026-06-29 04:46:00,DELETE,19929
TC-00050661,trabajador,Zona 1,true,,INSERT,8976
TC-00050664,estudiante,Zona 13,true,,INSERT,29739
TC-00050668,estudiante,Villa Nueva,true,,INSERT,26275
TC-00050671,general,Mixco,true,,UPDATE,26016
TC-00050675,adulto_mayor,Santa Catarina Pinula,true,,UPDATE,23925
TC-00050682,trabajador,Zona 18,true,,UPDATE,8730
TC-00050688,general,Mixco,true,,UPDATE,1190
TC-00050689,,,false,2026-07-07 19:15:00,DELETE,25488
TC-00050694,trabajador,Zona 6,true,,INSERT,29011
TC-00050697,estudiante,Zona 12,true,,UPDATE,427
TC-00050704,adulto_mayor,Zona 7,true,,UPDATE,8784
TC-00050710,adulto_mayor,Santa Catarina Pinula,true,,UPDATE,10070
TC-00050713,,,false,2026-06-20 08:53:00,DELETE,13727
TC-00050716,estudiante,Zona 4,true,,UPDATE,23990
TC-00050717,trabajador,Zona 10,true,,UPDATE,13628
TC-00050721,trabajador,Santa Catarina Pinula,true,,UPDATE,25883
TC-00050725,estudiante,Zona 18,true,,UPDATE,25081
TC-00050728,estudiante,Zona 4,true,,UPDATE,3830
TC-00050729,,,false,2026-07-07 16:28:00,DELETE,25451
TC-00050737,estudiante,Zona 13,true,,UPDATE,28549
TC-00050748,estudiante,San Miguel Petapa,true,,UPDATE,26609
TC-00050749,,,false,2026-06-28 03:09:00,DELETE,19235
TC-00050750,general,San Miguel Petapa,true,,UPDATE,29437
TC-00050756,trabajador,Villa Nueva,true,,INSERT,9840
TC-00050758,estudiante,Zona 9,true,,INSERT,21401
TC-00050762,general,Zona 12,true,,INSERT,9686
TC-00050767,trabajador,Santa Catarina Pinula,true,,INSERT,9150
TC-00050770,general,Zona 13,true,,UPDATE,10038
TC-00050775,general,Zona 17,true,,UPDATE,353
TC-00050778,trabajador,Zona 17,true,,INSERT,6442
TC-00050779,trabajador,Zona 17,true,,UPDATE,9415
TC-00050780,trabajador,Zona 12,true,,UPDATE,28885
TC-00050782,general,Zona 17,true,,INSERT,18686
TC-00050788,general,Zona 13,true,,INSERT,2843
TC-00050790,estudiante,Zona 13,true,,UPDATE,9547
TC-00050799,,,false,2026-06-01 12:35:00,DELETE,664
TC-00050803,,,false,2026-06-04 16:54:00,DELETE,2744
TC-00050805,trabajador,Zona 9,true,,UPDATE,12819
TC-00050806,adulto_mayor,Zona 8,true,,UPDATE,25152
TC-00050812,general,Zona 9,true,,UPDATE,24461
TC-00050814,,,false,2026-06-21 10:40:00,DELETE,14490
TC-00050815,estudiante,Zona 17,true,,UPDATE,18438
TC-00050816,general,Zona 13,true,,UPDATE,23998
TC-00050818,trabajador,Zona 1,true,,UPDATE,1260
TC-00050819,trabajador,San Miguel Petapa,true,,INSERT,23687
TC-00050824,,,false,2026-07-08 07:30:00,DELETE,26143
TC-00050827,estudiante,San Miguel Petapa,true,,UPDATE,24035
TC-00050830,general,Zona 13,false,2026-06-16 22:11:00,DELETE,11029
TC-00050835,trabajador,Villa Nueva,true,,UPDATE,21952
TC-00050840,trabajador,Zona 17,true,,UPDATE,26537
TC-00050845,estudiante,Zona 13,true,,UPDATE,30056
TC-00050853,trabajador,San Miguel Petapa,true,,INSERT,13304
TC-00050863,estudiante,Zona 12,true,,INSERT,10492
TC-00050864,estudiante,Villa Nueva,true,,UPDATE,3142
TC-00050865,estudiante,Zona 9,true,,UPDATE,1145
TC-00050874,estudiante,Zona 17,true,,UPDATE,11544
TC-00050876,general,Zona 1,true,,INSERT,29833
TC-00050877,,,false,2026-06-09 00:01:00,DELETE,6183
TC-00050878,adulto_mayor,Mixco,false,2026-07-10 05:34:00,DELETE,27546
TC-00050879,trabajador,Zona 12,true,,INSERT,11901
TC-00050881,general,Mixco,true,,INSERT,18653
TC-00050882,general,Santa Catarina Pinula,true,,INSERT,7061
TC-00050884,adulto_mayor,Zona 6,true,,UPDATE,10071
TC-00050885,trabajador,Zona 9,true,,UPDATE,21846
TC-00050892,estudiante,Zona 10,true,,UPDATE,16388
TC-00050901,adulto_mayor,San Miguel Petapa,true,,INSERT,2961
TC-00050908,estudiante,Zona 1,true,,UPDATE,27483
TC-00050911,trabajador,Zona 12,true,,INSERT,848
TC-00050915,estudiante,Zona 4,true,,INSERT,16072
TC-00050918,estudiante,Villa Nueva,true,,INSERT,191
TC-00050924,estudiante,Zona 10,true,,INSERT,14535
TC-00050926,,,false,2026-06-22 10:07:00,DELETE,15161
TC-00050927,trabajador,Zona 9,true,,INSERT,11078
TC-00050931,adulto_mayor,Villa Nueva,true,,UPDATE,24678
TC-00050935,trabajador,Zona 10,true,,UPDATE,26471
TC-00050942,trabajador,Zona 11,true,,INSERT,14538
TC-00050950,estudiante,Zona 9,true,,INSERT,6418
TC-00050952,estudiante,Zona 11,true,,INSERT,4315
TC-00050955,adulto_mayor,Zona 13,true,,UPDATE,12301
TC-00050959,general,San Miguel Petapa,true,,UPDATE,1094
TC-00050961,trabajador,Zona 9,true,,INSERT,2219
TC-00050963,,,false,2026-07-11 03:26:00,DELETE,28272
TC-00050967,general,San Miguel Petapa,true,,INSERT,3457
TC-00050968,trabajador,Mixco,true,,UPDATE,28110
TC-00050978,trabajador,Zona 6,true,,UPDATE,8794
TC-00050981,general,Zona 4,true,,INSERT,5715
TC-00050982,adulto_mayor,Zona 11,true,,UPDATE,18412
TC-00050984,estudiante,Villa Nueva,false,2026-07-12 00:43:00,DELETE,28957
TC-00050985,estudiante,Zona 12,true,,INSERT,22915
TC-00050986,trabajador,Santa Catarina Pinula,true,,UPDATE,10790
TC-00050988,,,false,2026-07-14 14:10:00,DELETE,30325
TC-00050992,estudiante,Zona 7,true,,UPDATE,30066
TC-00050994,trabajador,Zona 8,false,2026-07-13 00:30:00,DELETE,29630
TC-00050999,estudiante,Zona 10,true,,UPDATE,29284
TC-00051001,,,false,2026-06-30 03:31:00,DELETE,20665
TC-00051003,,,false,2026-07-10 22:13:00,DELETE,27570
TC-00051004,estudiante,Mixco,true,,UPDATE,22487
TC-00051009,general,Zona 4,false,2026-07-03 19:23:00,DELETE,22737
TC-00051012,estudiante,Zona 8,true,,UPDATE,24490
TC-00051013,estudiante,Zona 1,true,,UPDATE,24042
TC-00051014,trabajador,Zona 4,true,,UPDATE,27956
TC-00051021,general,Zona 6,true,,INSERT,908
TC-00051022,general,Zona 9,true,,INSERT,3529
TC-00051024,,,false,2026-07-15 03:48:00,DELETE,31045
TC-00051038,estudiante,Zona 12,true,,UPDATE,2416
TC-00051039,trabajador,Zona 4,true,,UPDATE,24679
TC-00051041,adulto_mayor,Villa Nueva,true,,UPDATE,25317
TC-00051044,general,Zona 18,true,,UPDATE,16136
TC-00051045,general,Zona 12,true,,UPDATE,12191
TC-00051047,,,false,2026-06-14 00:28:00,DELETE,9592
TC-00051056,,,false,2026-07-08 00:56:00,DELETE,26182
TC-00051059,general,Zona 9,true,,INSERT,22251
TC-00051060,trabajador,San Miguel Petapa,true,,INSERT,18025
TC-00051062,estudiante,Zona 4,true,,UPDATE,18355
TC-00051063,general,Zona 6,true,,UPDATE,21700
TC-00051070,trabajador,San Miguel Petapa,true,,UPDATE,2463
TC-00051071,trabajador,Mixco,true,,INSERT,6449
TC-00051080,trabajador,Zona 9,true,,INSERT,15382
TC-00051083,adulto_mayor,Zona 1,true,,UPDATE,18536
TC-00051099,general,Santa Catarina Pinula,true,,INSERT,28312
TC-00051102,trabajador,Zona 8,true,,INSERT,20749
TC-00051109,trabajador,Zona 11,true,,INSERT,15294
TC-00051113,general,Zona 18,true,,INSERT,12585
TC-00051114,trabajador,Zona 8,true,,UPDATE,28889
TC-00051117,estudiante,Zona 18,true,,UPDATE,9562
TC-00051119,adulto_mayor,Zona 4,true,,INSERT,6362
TC-00051128,trabajador,Zona 18,true,,INSERT,22807
TC-00051130,adulto_mayor,Zona 10,true,,UPDATE,30088
TC-00051132,general,Zona 18,true,,UPDATE,27351
TC-00051137,trabajador,Zona 9,true,,UPDATE,21230
TC-00051151,trabajador,Zona 13,true,,INSERT,24318
TC-00051155,trabajador,San Miguel Petapa,true,,INSERT,26345
TC-00051157,general,Zona 1,true,,INSERT,915
TC-00051159,trabajador,Zona 6,true,,INSERT,82
TC-00051160,trabajador,Zona 18,true,,INSERT,11212
TC-00051163,adulto_mayor,Zona 11,false,2026-07-11 19:48:00,DELETE,28269
TC-00051165,general,Zona 11,true,,UPDATE,28658
TC-00051168,general,Zona 8,true,,UPDATE,8804
TC-00051172,adulto_mayor,Zona 18,true,,UPDATE,22637
TC-00051173,general,Zona 18,true,,INSERT,28451
TC-00051175,adulto_mayor,Santa Catarina Pinula,true,,UPDATE,26061
TC-00051179,estudiante,Zona 9,true,,UPDATE,21271
TC-00051182,trabajador,Zona 10,true,,UPDATE,25120
TC-00051186,general,Zona 17,true,,UPDATE,13017
TC-00051190,trabajador,Zona 13,true,,INSERT,14020
TC-00051193,adulto_mayor,Zona 8,true,,INSERT,2178
TC-00051194,estudiante,Zona 13,true,,UPDATE,24452
TC-00051195,,,false,2026-06-25 23:50:00,DELETE,17189
TC-00051197,trabajador,Zona 1,true,,INSERT,3672
TC-00051199,adulto_mayor,Zona 18,true,,UPDATE,12207
TC-00051203,estudiante,Mixco,true,,INSERT,28411
TC-00051209,,,false,2026-06-24 11:10:00,DELETE,16518
TC-00051212,adulto_mayor,Zona 1,true,,UPDATE,13663
TC-00051218,estudiante,Zona 1,true,,UPDATE,5358
TC-00051220,trabajador,Zona 7,true,,UPDATE,17089
TC-00051224,general,Zona 8,true,,UPDATE,19138
TC-00051226,general,Zona 6,true,,INSERT,11932
TC-00051227,trabajador,Zona 8,true,,UPDATE,20465
TC-00051229,estudiante,Zona 9,true,,UPDATE,3843
TC-00051231,trabajador,Zona 6,true,,UPDATE,484
TC-00051237,adulto_mayor,Zona 10,true,,UPDATE,27212
TC-00051240,adulto_mayor,Zona 6,true,,UPDATE,375
TC-00051243,estudiante,Zona 10,true,,UPDATE,8667
TC-00051245,general,Zona 8,true,,INSERT,19533
TC-00051246,trabajador,Zona 17,true,,INSERT,9879
TC-00051248,,,false,2026-07-07 23:38:00,DELETE,25491
TC-00051249,estudiante,Zona 12,false,2026-07-12 05:09:00,DELETE,28969
TC-00051258,trabajador,Zona 12,true,,UPDATE,19228
TC-00051259,adulto_mayor,Zona 18,true,,UPDATE,17826
TC-00051264,,,false,2026-06-20 19:11:00,DELETE,13770
TC-00051277,general,Zona 18,true,,UPDATE,21790
TC-00051280,trabajador,Zona 11,true,,UPDATE,25805
TC-00051281,,,false,2026-06-26 03:55:00,DELETE,17938
TC-00051284,estudiante,Mixco,true,,UPDATE,12771
TC-00051290,trabajador,Zona 8,true,,INSERT,17969
TC-00051291,trabajador,Zona 4,true,,INSERT,24304
TC-00051292,general,Mixco,true,,UPDATE,18891
TC-00051295,adulto_mayor,Zona 9,true,,UPDATE,12948
TC-00051304,adulto_mayor,San Miguel Petapa,true,,UPDATE,9441
TC-00051307,trabajador,Villa Nueva,true,,UPDATE,28767
TC-00051311,trabajador,Zona 7,true,,INSERT,4212
TC-00051314,estudiante,Zona 13,true,,UPDATE,29394
TC-00051317,general,Zona 13,true,,INSERT,20894
TC-00051324,estudiante,Zona 8,true,,UPDATE,26585
TC-00051328,trabajador,Zona 8,true,,INSERT,13993
TC-00051332,estudiante,Zona 12,true,,UPDATE,9966
TC-00051335,general,Zona 11,true,,UPDATE,19615
TC-00051336,trabajador,Santa Catarina Pinula,false,2026-06-05 18:04:00,DELETE,3399
TC-00051338,trabajador,Zona 6,true,,UPDATE,23090
TC-00051340,general,Zona 9,true,,UPDATE,19188
TC-00051347,trabajador,Zona 1,true,,INSERT,18164
TC-00051349,trabajador,Villa Nueva,true,,INSERT,22168
TC-00051351,estudiante,Zona 6,true,,UPDATE,2578
TC-00051353,trabajador,Zona 10,true,,UPDATE,7188
TC-00051357,general,Zona 10,true,,INSERT,20127
TC-00051359,estudiante,Zona 18,true,,UPDATE,10234
TC-00051360,trabajador,San Miguel Petapa,true,,UPDATE,12886
TC-00051375,adulto_mayor,Villa Nueva,true,,UPDATE,7189
TC-00051377,trabajador,Zona 8,true,,INSERT,27042
TC-00051386,estudiante,Zona 11,false,2026-07-02 13:15:00,DELETE,22040
TC-00051387,trabajador,Zona 9,true,,UPDATE,17642
TC-00051393,trabajador,Zona 11,true,,INSERT,9107
TC-00051395,trabajador,Zona 10,true,,INSERT,27680
TC-00051397,,,false,2026-06-11 08:07:00,DELETE,7503
TC-00051399,trabajador,Zona 13,true,,INSERT,13313
TC-00051403,general,Zona 12,true,,UPDATE,19057
TC-00051405,trabajador,Zona 12,true,,INSERT,24917
TC-00051407,estudiante,Zona 10,true,,UPDATE,25823
TC-00051409,,,false,2026-07-13 18:50:00,DELETE,29655
TC-00051412,trabajador,Zona 18,true,,UPDATE,29935
TC-00051413,adulto_mayor,Zona 8,false,2026-06-26 22:13:00,DELETE,17936
TC-00051421,general,Zona 4,true,,UPDATE,1234
TC-00051438,trabajador,Zona 13,true,,UPDATE,25795
TC-00051439,trabajador,Zona 12,true,,INSERT,7110
TC-00051447,estudiante,Zona 9,true,,UPDATE,4547
TC-00051461,general,Zona 1,true,,UPDATE,8813
TC-00051472,trabajador,Villa Nueva,true,,INSERT,5002
TC-00051473,trabajador,Zona 10,false,2026-07-14 12:39:00,DELETE,30271
TC-00051478,,,false,2026-07-07 01:54:00,DELETE,25514
TC-00051480,general,Zona 6,true,,UPDATE,324
TC-00051486,trabajador,Zona 4,true,,UPDATE,12029
TC-00051489,trabajador,Zona 8,true,,UPDATE,25297
TC-00051491,,,false,2026-06-22 01:45:00,DELETE,15155
TC-00051493,general,Zona 9,true,,UPDATE,12180
TC-00051496,adulto_mayor,Zona 7,true,,INSERT,14544
TC-00051498,trabajador,Santa Catarina Pinula,true,,INSERT,22154
TC-00051500,estudiante,Zona 13,true,,INSERT,3
TC-00051507,general,Zona 13,true,,UPDATE,4653
TC-00051508,,,false,2026-07-12 22:03:00,DELETE,28914
TC-00051511,estudiante,Zona 1,true,,UPDATE,3127
TC-00051513,general,Zona 8,true,,UPDATE,18292
TC-00051514,trabajador,Villa Nueva,true,,INSERT,6960
TC-00051515,estudiante,Santa Catarina Pinula,true,,INSERT,920
TC-00051517,adulto_mayor,Zona 10,true,,UPDATE,5360
TC-00051518,general,Zona 10,true,,UPDATE,21005
TC-00051524,general,Zona 10,true,,UPDATE,1235
TC-00051539,adulto_mayor,Zona 4,true,,UPDATE,28863
TC-00051545,estudiante,Zona 4,true,,INSERT,20201
TC-00051546,adulto_mayor,Zona 9,false,2026-06-30 04:04:00,DELETE,20646
TC-00051549,general,Zona 9,true,,UPDATE,16801
TC-00051558,trabajador,Zona 13,true,,INSERT,21597
TC-00051560,,,false,2026-07-03 17:46:00,DELETE,22765
TC-00051561,adulto_mayor,Zona 6,false,2026-06-11 21:42:00,DELETE,7570
TC-00051563,adulto_mayor,Santa Catarina Pinula,true,,UPDATE,24621
TC-00051564,estudiante,Zona 17,false,2026-07-11 05:16:00,DELETE,28212
TC-00051565,trabajador,Zona 1,true,,INSERT,20232
TC-00051566,trabajador,Zona 9,true,,INSERT,22210
TC-00051568,general,Zona 4,true,,INSERT,20245
TC-00051569,trabajador,Zona 17,false,2026-07-07 16:50:00,DELETE,25527
TC-00051570,estudiante,Zona 6,true,,UPDATE,17819
TC-00051573,trabajador,Zona 10,true,,INSERT,24320
TC-00051574,trabajador,Zona 17,true,,INSERT,118
TC-00051576,estudiante,Santa Catarina Pinula,true,,UPDATE,28796
TC-00051577,,,false,2026-06-04 19:56:00,DELETE,2724
TC-00051579,general,Zona 17,true,,INSERT,22252
TC-00051580,,,false,2026-06-07 02:12:00,DELETE,4759
TC-00051590,trabajador,Zona 8,true,,UPDATE,8742
TC-00051595,general,Zona 11,true,,INSERT,30553
TC-00051598,,,false,2026-06-16 13:10:00,DELETE,10997
TC-00051599,estudiante,Zona 17,true,,UPDATE,17070
TC-00051605,trabajador,Zona 12,true,,INSERT,7593
TC-00051606,general,Zona 11,true,,UPDATE,18435
TC-00051609,general,Zona 11,true,,UPDATE,21190
TC-00051611,estudiante,Zona 9,true,,UPDATE,14825
TC-00051612,,,false,2026-07-03 12:58:00,DELETE,22681
TC-00051613,general,Zona 18,true,,UPDATE,5806
TC-00051614,,,false,2026-06-24 09:35:00,DELETE,16501
TC-00051618,adulto_mayor,Zona 4,true,,UPDATE,11339
TC-00051624,estudiante,Zona 8,true,,INSERT,2082
TC-00051635,general,Zona 17,true,,UPDATE,21981
TC-00051638,general,Santa Catarina Pinula,true,,INSERT,22865
TC-00051644,estudiante,Mixco,true,,UPDATE,14246
TC-00051652,adulto_mayor,Zona 17,false,2026-07-11 13:52:00,DELETE,28260
TC-00051653,general,Zona 7,true,,UPDATE,22614
TC-00051655,trabajador,Zona 4,true,,UPDATE,2600
TC-00051657,adulto_mayor,Zona 10,true,,UPDATE,22433
TC-00051660,trabajador,Zona 12,true,,UPDATE,26688
TC-00051661,trabajador,Zona 11,true,,INSERT,23651
TC-00051662,estudiante,Zona 9,true,,UPDATE,1966
TC-00051666,general,Mixco,true,,INSERT,18785
TC-00051667,trabajador,Zona 8,true,,INSERT,22781
TC-00051668,adulto_mayor,Zona 8,true,,UPDATE,6762
TC-00051672,general,Villa Nueva,true,,INSERT,20
TC-00051678,estudiante,Santa Catarina Pinula,true,,INSERT,6347
TC-00051679,trabajador,Zona 8,true,,UPDATE,13595
TC-00051687,trabajador,Zona 18,true,,INSERT,25732
TC-00051689,trabajador,Mixco,true,,UPDATE,30849
TC-00051695,,,false,2026-06-02 15:09:00,DELETE,1340
TC-00051697,adulto_mayor,Zona 12,true,,INSERT,7751
TC-00051700,trabajador,Zona 7,true,,INSERT,27136
TC-00051707,,,false,2026-07-13 17:51:00,DELETE,29666
TC-00051711,trabajador,Zona 8,true,,INSERT,27823
TC-00051712,,,false,2026-06-26 07:56:00,DELETE,17916
TC-00051713,trabajador,Zona 17,true,,INSERT,3519
TC-00051715,trabajador,Zona 8,true,,INSERT,1585
TC-00051719,adulto_mayor,Zona 17,true,,UPDATE,28791
TC-00051723,adulto_mayor,Zona 17,true,,UPDATE,19217
TC-00051729,adulto_mayor,Zona 4,true,,UPDATE,21917
TC-00051730,trabajador,Zona 4,true,,INSERT,20042
TC-00051735,estudiante,Zona 12,true,,UPDATE,28193
TC-00051736,trabajador,Zona 8,true,,INSERT,26360
TC-00051750,trabajador,Santa Catarina Pinula,true,,UPDATE,18365
TC-00051752,trabajador,Zona 4,true,,INSERT,116
TC-00051753,estudiante,Zona 12,true,,UPDATE,14229
TC-00051754,trabajador,Zona 13,true,,UPDATE,15021
TC-00051756,adulto_mayor,Zona 12,true,,UPDATE,28590
TC-00051757,general,Zona 7,true,,UPDATE,29491
TC-00051762,general,Mixco,true,,INSERT,27035
TC-00051763,estudiante,Villa Nueva,true,,UPDATE,18422
TC-00051764,trabajador,Zona 18,true,,UPDATE,20385
TC-00051765,trabajador,Zona 7,true,,INSERT,5705
TC-00051766,,,false,2026-06-12 06:46:00,DELETE,8230
TC-00051767,trabajador,Zona 8,true,,INSERT,20878
TC-00051771,estudiante,Zona 6,true,,UPDATE,20470
TC-00051774,,,false,2026-07-10 11:06:00,DELETE,27515
TC-00051779,adulto_mayor,Santa Catarina Pinula,true,,UPDATE,13530
TC-00051783,general,Zona 4,true,,INSERT,5760
TC-00051789,estudiante,Zona 6,true,,INSERT,29770
TC-00051790,,,false,2026-06-09 01:02:00,DELETE,6171
TC-00051793,adulto_mayor,Zona 4,true,,UPDATE,18291
TC-00051801,trabajador,Zona 18,false,2026-07-10 15:22:00,DELETE,27588
TC-00051806,trabajador,Mixco,true,,UPDATE,19629
TC-00051809,trabajador,Zona 1,true,,INSERT,13143
TC-00051810,trabajador,Mixco,true,,INSERT,16574
TC-00051814,general,Zona 9,true,,INSERT,9680
TC-00051815,general,Zona 6,true,,INSERT,30565
TC-00051818,trabajador,Mixco,true,,INSERT,15242
TC-00051820,adulto_mayor,Zona 10,true,,UPDATE,30228
TC-00051821,estudiante,Zona 4,true,,UPDATE,27418
TC-00051824,estudiante,Zona 17,true,,UPDATE,1059
TC-00051829,,,false,2026-07-07 06:41:00,DELETE,25475
TC-00051832,general,Zona 1,true,,UPDATE,26766
TC-00051833,trabajador,Zona 10,false,2026-06-13 18:43:00,DELETE,8949
TC-00051839,estudiante,Zona 17,true,,UPDATE,19728
TC-00051840,general,Zona 9,true,,INSERT,6947
TC-00051841,trabajador,Zona 4,true,,INSERT,27108
TC-00051856,trabajador,Zona 9,true,,INSERT,16093
TC-00051860,adulto_mayor,Zona 8,true,,INSERT,16608
TC-00051861,trabajador,Zona 11,true,,INSERT,29722
TC-00051862,general,Zona 17,true,,UPDATE,28152
TC-00051870,adulto_mayor,Zona 9,true,,UPDATE,27510
TC-00051871,trabajador,Zona 4,true,,UPDATE,1769
TC-00051873,general,Zona 9,true,,UPDATE,5941
TC-00051879,estudiante,Zona 4,true,,INSERT,25666
TC-00051880,general,Villa Nueva,true,,UPDATE,7410
TC-00051881,trabajador,Zona 17,true,,UPDATE,27220
TC-00051883,general,Zona 10,true,,UPDATE,10027
TC-00051886,adulto_mayor,Zona 17,true,,UPDATE,22639
TC-00051888,adulto_mayor,Zona 18,true,,UPDATE,1706
TC-00051898,trabajador,Villa Nueva,true,,INSERT,28474
TC-00051899,trabajador,Zona 12,true,,INSERT,20123
TC-00051900,estudiante,Zona 12,true,,INSERT,21552
TC-00051913,general,Zona 12,true,,UPDATE,12994
TC-00051916,trabajador,Villa Nueva,true,,UPDATE,26586
TC-00051919,general,Zona 13,true,,INSERT,18631
TC-00051921,,,false,2026-06-18 18:24:00,DELETE,12401
TC-00051928,general,Santa Catarina Pinula,true,,INSERT,23678
TC-00051933,,,false,2026-06-18 10:30:00,DELETE,12400
TC-00051936,estudiante,Zona 12,true,,UPDATE,17523
TC-00051937,general,Zona 8,true,,UPDATE,5165
TC-00051940,general,Zona 12,true,,UPDATE,19675
TC-00051941,estudiante,Zona 17,true,,UPDATE,9974
TC-00051942,general,Zona 4,true,,UPDATE,5872
TC-00051945,,,false,2026-07-13 22:39:00,DELETE,29609
TC-00051947,trabajador,Zona 8,true,,INSERT,25626
TC-00051949,trabajador,Zona 7,true,,INSERT,28983
TC-00051955,adulto_mayor,Santa Catarina Pinula,true,,INSERT,14549
TC-00051961,general,Zona 17,true,,INSERT,9724
TC-00051962,estudiante,Zona 11,true,,UPDATE,28857
TC-00051963,trabajador,Zona 9,true,,INSERT,26423
TC-00051964,estudiante,Zona 9,true,,INSERT,13263
TC-00051969,adulto_mayor,Zona 13,false,2026-07-07 14:34:00,DELETE,25446
TC-00051970,trabajador,Zona 4,true,,INSERT,21532
TC-00051971,trabajador,Zona 9,true,,INSERT,5541
TC-00051975,general,Zona 13,true,,INSERT,18053
TC-00051979,trabajador,Zona 4,true,,UPDATE,29286
TC-00051985,adulto_mayor,San Miguel Petapa,true,,INSERT,1500
TC-00051987,general,Zona 1,true,,UPDATE,10015
TC-00051988,estudiante,Santa Catarina Pinula,true,,INSERT,17447
TC-00051990,estudiante,Zona 13,true,,UPDATE,21750
TC-00051991,estudiante,Zona 9,true,,INSERT,27748
TC-00052001,,,false,2026-06-12 23:07:00,DELETE,8215
TC-00052002,trabajador,Zona 18,true,,INSERT,7716
TC-00052003,trabajador,Zona 10,true,,INSERT,26411
TC-00052006,estudiante,Villa Nueva,true,,UPDATE,7870
TC-00052012,,,false,2026-06-02 06:31:00,DELETE,1345
TC-00052013,estudiante,Zona 8,true,,INSERT,15223
TC-00052016,adulto_mayor,Zona 17,true,,UPDATE,15427
TC-00052017,general,Zona 10,true,,INSERT,5055
TC-00052022,general,Zona 4,true,,UPDATE,20489
TC-00052025,trabajador,San Miguel Petapa,true,,UPDATE,30793
TC-00052029,,,false,2026-06-08 00:05:00,DELETE,5482
TC-00052030,adulto_mayor,Zona 1,true,,UPDATE,25791
TC-00052032,,,false,2026-06-11 10:13:00,DELETE,7537
TC-00052034,adulto_mayor,Mixco,true,,UPDATE,9986
TC-00052038,estudiante,Mixco,true,,UPDATE,27233
TC-00052040,estudiante,Zona 17,true,,UPDATE,28171
TC-00052041,estudiante,Zona 12,true,,UPDATE,5409
TC-00052045,trabajador,Zona 13,true,,INSERT,10460
TC-00052047,,,false,2026-06-03 14:47:00,DELETE,1997
TC-00052048,trabajador,Zona 9,true,,INSERT,2953
TC-00052050,estudiante,Zona 12,true,,INSERT,11884
TC-00052051,trabajador,Zona 6,true,,UPDATE,5889
TC-00052053,adulto_mayor,Zona 11,true,,UPDATE,11364
TC-00052054,trabajador,Zona 7,true,,INSERT,30459
TC-00052057,general,Zona 17,true,,INSERT,2827
TC-00052061,estudiante,San Miguel Petapa,false,2026-07-05 09:17:00,DELETE,24070
TC-00052067,trabajador,San Miguel Petapa,true,,INSERT,6337
TC-00052069,trabajador,Zona 8,true,,INSERT,23661
TC-00052076,general,Mixco,true,,INSERT,17326
TC-00052079,trabajador,Zona 6,true,,INSERT,19465
TC-00052080,general,Zona 12,true,,UPDATE,19832
TC-00052088,estudiante,Zona 6,true,,UPDATE,8559
TC-00052094,estudiante,Zona 10,true,,INSERT,9146
TC-00052102,trabajador,Zona 13,true,,INSERT,27067
TC-00052107,general,Zona 17,true,,UPDATE,7935
TC-00052108,estudiante,San Miguel Petapa,true,,INSERT,27722
TC-00052111,trabajador,Zona 9,true,,INSERT,27082
TC-00052115,estudiante,Zona 12,true,,INSERT,20118
TC-00052117,trabajador,Zona 7,true,,UPDATE,23297
TC-00052120,trabajador,Zona 10,true,,INSERT,18091
TC-00052124,adulto_mayor,Villa Nueva,true,,UPDATE,15566
TC-00052132,adulto_mayor,Zona 11,true,,INSERT,6905
TC-00052133,general,Zona 17,true,,UPDATE,30222
TC-00052135,estudiante,Zona 11,true,,UPDATE,3845
TC-00052142,estudiante,Zona 13,true,,UPDATE,20344
TC-00052144,trabajador,Santa Catarina Pinula,true,,UPDATE,21239
TC-00052145,trabajador,Zona 11,true,,UPDATE,3821
TC-00052146,trabajador,Zona 11,true,,INSERT,27117
TC-00052147,adulto_mayor,Zona 12,true,,INSERT,29720
TC-00052148,estudiante,Zona 1,true,,UPDATE,17529
TC-00052154,general,Zona 9,true,,UPDATE,30150
TC-00052157,estudiante,Zona 6,true,,UPDATE,25357
TC-00052159,general,Zona 17,true,,UPDATE,24023
TC-00052166,trabajador,Santa Catarina Pinula,true,,INSERT,29009
TC-00052170,estudiante,Mixco,true,,UPDATE,23716
TC-00052175,trabajador,Zona 11,true,,UPDATE,14196
TC-00052179,trabajador,San Miguel Petapa,true,,UPDATE,27345
TC-00052181,general,Zona 13,true,,UPDATE,26014
TC-00052190,estudiante,Zona 4,true,,INSERT,11760
TC-00052192,,,false,2026-07-13 15:29:00,DELETE,29617
TC-00052199,adulto_mayor,Zona 10,true,,UPDATE,6708
TC-00052202,adulto_mayor,Zona 13,true,,UPDATE,17081
TC-00052203,adulto_mayor,Zona 9,true,,UPDATE,5368
TC-00052205,adulto_mayor,Zona 1,true,,INSERT,17461
TC-00052208,general,Santa Catarina Pinula,true,,UPDATE,23706
TC-00052212,trabajador,Zona 7,true,,UPDATE,25285
TC-00052213,adulto_mayor,Mixco,true,,UPDATE,12835
TC-00052222,trabajador,Zona 4,true,,UPDATE,23133
TC-00052224,estudiante,Zona 11,true,,UPDATE,25983
TC-00052225,,,false,2026-06-18 04:17:00,DELETE,12368
TC-00052231,adulto_mayor,Zona 1,true,,UPDATE,16443
TC-00052235,general,Zona 6,true,,INSERT,29150
TC-00052236,trabajador,Zona 10,false,2026-07-09 18:48:00,DELETE,26853
TC-00052237,estudiante,Santa Catarina Pinula,true,,UPDATE,14906
TC-00052241,adulto_mayor,Zona 8,true,,UPDATE,21776
TC-00052246,general,Santa Catarina Pinula,true,,INSERT,14001
TC-00052250,adulto_mayor,Zona 13,true,,UPDATE,26046
TC-00052252,trabajador,Zona 9,true,,INSERT,29744
TC-00052254,adulto_mayor,Zona 8,true,,INSERT,11180
TC-00052259,general,Zona 1,true,,INSERT,5004
TC-00052260,trabajador,Mixco,true,,UPDATE,7868
TC-00052265,adulto_mayor,Zona 13,true,,UPDATE,23889
TC-00052266,general,Zona 13,true,,INSERT,18745
TC-00052273,adulto_mayor,Zona 8,true,,INSERT,19525
TC-00052274,general,Zona 11,true,,INSERT,10428
TC-00052277,general,Zona 10,true,,UPDATE,5799
TC-00052287,estudiante,Zona 8,true,,UPDATE,21225
TC-00052288,estudiante,Zona 6,true,,INSERT,29784
TC-00052294,estudiante,Zona 9,true,,UPDATE,21712
TC-00052295,estudiante,Villa Nueva,true,,UPDATE,29985
TC-00052300,trabajador,Zona 17,true,,INSERT,15888
TC-00052302,trabajador,Zona 6,true,,UPDATE,27294
TC-00052303,adulto_mayor,Zona 1,true,,UPDATE,19815
TC-00052305,general,Zona 18,true,,UPDATE,28009
TC-00052308,trabajador,Zona 12,true,,INSERT,6930
TC-00052310,trabajador,Zona 9,true,,INSERT,22115
TC-00052311,trabajador,Zona 10,true,,UPDATE,17799
TC-00052319,general,San Miguel Petapa,true,,INSERT,22939
TC-00052321,trabajador,Zona 13,true,,INSERT,24192
TC-00052325,general,Zona 10,true,,UPDATE,13490
TC-00052327,adulto_mayor,Mixco,true,,INSERT,30396
TC-00052328,estudiante,Santa Catarina Pinula,true,,INSERT,17264
TC-00052333,adulto_mayor,Zona 12,true,,INSERT,13813
TC-00052334,adulto_mayor,San Miguel Petapa,true,,UPDATE,19889
TC-00052341,trabajador,Zona 8,true,,UPDATE,13370
TC-00052348,adulto_mayor,Villa Nueva,true,,UPDATE,30204
TC-00052350,estudiante,Zona 6,true,,UPDATE,30777
TC-00052353,adulto_mayor,Zona 10,true,,UPDATE,15538
TC-00052362,general,Villa Nueva,true,,INSERT,15951
TC-00052365,estudiante,Zona 13,true,,UPDATE,25813
TC-00052371,trabajador,Mixco,true,,INSERT,11911
TC-00052375,trabajador,Zona 12,true,,UPDATE,23224
TC-00052376,trabajador,Santa Catarina Pinula,true,,INSERT,8296
TC-00052378,adulto_mayor,Zona 6,true,,INSERT,29089
TC-00052380,,,false,2026-06-05 06:43:00,DELETE,3413
TC-00052381,estudiante,Zona 11,true,,UPDATE,17160
TC-00052384,estudiante,Zona 1,true,,UPDATE,30082
TC-00052388,trabajador,Zona 8,true,,INSERT,11258
TC-00052391,trabajador,Zona 10,true,,INSERT,13283
TC-00052395,adulto_mayor,Zona 13,true,,UPDATE,2315
TC-00052400,trabajador,Zona 12,true,,UPDATE,18371
TC-00052408,,,false,2026-06-04 02:20:00,DELETE,2732
TC-00052409,trabajador,Zona 9,true,,INSERT,22152
TC-00052417,,,false,2026-06-26 10:12:00,DELETE,17872
TC-00052419,general,Zona 4,true,,UPDATE,12010
TC-00052421,trabajador,Zona 8,true,,UPDATE,30122
TC-00052425,,,false,2026-07-13 12:57:00,DELETE,29641
TC-00052433,trabajador,San Miguel Petapa,true,,UPDATE,7414
TC-00052434,trabajador,Zona 8,true,,INSERT,26222
TC-00052440,estudiante,Zona 11,true,,UPDATE,21046
TC-00052444,estudiante,Zona 4,true,,INSERT,26226
TC-00052447,trabajador,Zona 1,true,,UPDATE,19071
TC-00052450,,,false,2026-07-01 07:10:00,DELETE,21388
TC-00052455,estudiante,Zona 4,true,,INSERT,29163
TC-00052459,trabajador,Zona 4,true,,UPDATE,20533
TC-00052461,trabajador,Zona 9,true,,INSERT,4176
TC-00052463,adulto_mayor,Zona 1,true,,UPDATE,21140
TC-00052466,adulto_mayor,San Miguel Petapa,true,,UPDATE,5241
TC-00052472,adulto_mayor,Zona 4,true,,UPDATE,5161
TC-00052474,estudiante,Zona 17,true,,UPDATE,12712
TC-00052477,trabajador,Zona 9,true,,INSERT,15254
TC-00052481,estudiante,Zona 8,true,,INSERT,26291
TC-00052490,estudiante,Zona 6,true,,UPDATE,23197
TC-00052492,adulto_mayor,Zona 8,true,,UPDATE,4601
TC-00052499,trabajador,Zona 10,true,,INSERT,21392
TC-00052506,,,false,2026-07-10 03:44:00,DELETE,27531
TC-00052507,estudiante,Zona 17,true,,UPDATE,10638
TC-00052508,trabajador,Zona 17,true,,INSERT,22157
TC-00052509,,,false,2026-07-14 09:38:00,DELETE,30347
TC-00052511,adulto_mayor,Zona 8,true,,UPDATE,21853
TC-00052516,estudiante,Zona 1,true,,INSERT,23569
TC-00052517,general,Zona 17,true,,INSERT,813
TC-00052518,estudiante,Zona 7,true,,UPDATE,6796
TC-00052522,,,false,2026-06-14 01:32:00,DELETE,9602
TC-00052527,adulto_mayor,Zona 18,true,,UPDATE,19866
TC-00052535,general,Zona 10,true,,UPDATE,6478
TC-00052538,estudiante,Zona 18,true,,UPDATE,16367
TC-00052540,,,false,2026-07-01 15:16:00,DELETE,21343
TC-00052543,general,Zona 6,true,,UPDATE,27266
TC-00052546,adulto_mayor,Zona 11,true,,INSERT,30418
TC-00052550,trabajador,Zona 10,true,,INSERT,18645
TC-00052552,trabajador,Zona 9,true,,UPDATE,26031
TC-00052556,general,Zona 8,true,,INSERT,757
TC-00052559,general,Zona 6,true,,UPDATE,19129
TC-00052562,general,Zona 18,true,,UPDATE,7307
TC-00052564,,,false,2026-06-12 04:01:00,DELETE,8197
TC-00052567,adulto_mayor,Villa Nueva,true,,INSERT,11829
TC-00052569,estudiante,Zona 9,true,,UPDATE,27451
TC-00052572,estudiante,Zona 1,true,,UPDATE,21245
TC-00052575,trabajador,Zona 12,true,,INSERT,17477
TC-00052581,adulto_mayor,Villa Nueva,true,,UPDATE,1883
TC-00052584,general,Zona 17,true,,UPDATE,3918
TC-00052586,trabajador,Zona 11,true,,INSERT,12455
TC-00052590,general,Zona 7,true,,UPDATE,18996
TC-00052592,general,Zona 13,true,,INSERT,24336
TC-00052593,trabajador,Villa Nueva,true,,INSERT,6435
TC-00052598,general,Zona 9,true,,UPDATE,15008
TC-00052602,estudiante,Villa Nueva,true,,UPDATE,21935
TC-00052603,,,false,2026-06-18 04:19:00,DELETE,12405
TC-00052605,general,Zona 11,true,,UPDATE,17531
TC-00052606,estudiante,Villa Nueva,true,,UPDATE,9901
TC-00052608,adulto_mayor,Zona 4,true,,INSERT,17330
TC-00052609,general,Zona 4,true,,INSERT,16069
TC-00052612,trabajador,Zona 4,true,,INSERT,22088
TC-00052614,estudiante,Zona 18,true,,UPDATE,22673
TC-00052615,general,Zona 12,true,,INSERT,22129
TC-00052616,general,Zona 11,true,,UPDATE,9330
TC-00052620,,,false,2026-07-10 13:07:00,DELETE,27514
TC-00052625,trabajador,Zona 6,true,,UPDATE,12881
TC-00052627,adulto_mayor,Zona 9,true,,INSERT,30413
TC-00052630,estudiante,San Miguel Petapa,false,2026-06-28 02:10:00,DELETE,19242
TC-00052631,general,Zona 4,true,,INSERT,22220
TC-00052633,trabajador,Zona 18,true,,INSERT,13810
TC-00052636,trabajador,Zona 7,true,,UPDATE,27251
TC-00052638,general,Zona 18,true,,UPDATE,23977
TC-00052639,trabajador,Zona 7,true,,UPDATE,25302
TC-00052641,general,Zona 8,true,,INSERT,14724
TC-00052647,,,false,2026-07-15 23:11:00,DELETE,31032
TC-00052655,,,false,2026-06-28 11:14:00,DELETE,19274
TC-00052656,general,San Miguel Petapa,true,,UPDATE,5901
TC-00052658,general,Santa Catarina Pinula,true,,UPDATE,3701
TC-00052666,estudiante,Zona 12,true,,INSERT,16618
TC-00052676,adulto_mayor,Zona 9,true,,UPDATE,16973
TC-00052677,,,false,2026-06-03 20:26:00,DELETE,2018
TC-00052686,trabajador,Zona 1,true,,INSERT,186
TC-00052688,estudiante,Mixco,true,,UPDATE,14119
TC-00052692,trabajador,Zona 12,true,,UPDATE,13541
TC-00052693,general,Zona 13,true,,INSERT,15401
TC-00052706,general,Zona 18,true,,UPDATE,1960
TC-00052709,general,Zona 12,true,,UPDATE,10600
TC-00052713,trabajador,Zona 8,true,,INSERT,22840
TC-00052714,general,Zona 11,true,,UPDATE,24697
TC-00052718,estudiante,Zona 11,true,,UPDATE,8038
TC-00052719,trabajador,San Miguel Petapa,true,,INSERT,761
TC-00052732,trabajador,Zona 9,true,,UPDATE,17847
TC-00052735,adulto_mayor,Zona 1,true,,UPDATE,29254
TC-00052738,general,Villa Nueva,true,,INSERT,799
TC-00052739,adulto_mayor,Zona 17,true,,UPDATE,29518
TC-00052747,trabajador,Zona 6,true,,UPDATE,13579
TC-00052751,adulto_mayor,Zona 1,true,,UPDATE,1247
TC-00052752,,,false,2026-07-05 02:36:00,DELETE,24118
TC-00052754,trabajador,Mixco,true,,INSERT,2839
TC-00052763,trabajador,Zona 12,true,,INSERT,17400
TC-00052774,adulto_mayor,Villa Nueva,true,,UPDATE,19790
TC-00052777,estudiante,Santa Catarina Pinula,true,,UPDATE,23073
TC-00052778,general,Zona 12,true,,INSERT,4991
TC-00052783,adulto_mayor,Zona 12,true,,INSERT,20936
TC-00052789,estudiante,Zona 8,true,,INSERT,26356
TC-00052790,adulto_mayor,Zona 17,true,,UPDATE,12100
TC-00052794,general,Zona 4,true,,UPDATE,13385
TC-00052802,estudiante,Zona 7,true,,UPDATE,19708
TC-00052804,estudiante,Mixco,true,,UPDATE,11557
TC-00052805,general,Santa Catarina Pinula,true,,INSERT,26988
TC-00052806,adulto_mayor,Zona 17,true,,UPDATE,10949
TC-00052809,trabajador,San Miguel Petapa,true,,UPDATE,8052
TC-00052810,trabajador,Santa Catarina Pinula,true,,INSERT,25751
TC-00052814,,,false,2026-06-06 08:08:00,DELETE,4121
TC-00052816,trabajador,San Miguel Petapa,true,,UPDATE,19124
TC-00052818,estudiante,Villa Nueva,true,,UPDATE,3338
TC-00052822,trabajador,Zona 8,true,,INSERT,22776
TC-00052823,general,San Miguel Petapa,true,,INSERT,15268
TC-00052826,general,Zona 13,true,,UPDATE,21685
TC-00052837,trabajador,Zona 12,true,,UPDATE,15035
TC-00052839,,,false,2026-06-25 17:58:00,DELETE,17237
TC-00052842,trabajador,Zona 17,true,,INSERT,25721
TC-00052844,trabajador,Zona 4,true,,INSERT,20824
TC-00052847,trabajador,Zona 9,true,,UPDATE,3967
TC-00052859,general,Zona 12,true,,UPDATE,30878
TC-00052862,general,Zona 17,true,,INSERT,4363
TC-00052869,trabajador,Villa Nueva,true,,INSERT,877
TC-00052870,trabajador,Zona 13,true,,INSERT,13837
TC-00052871,adulto_mayor,Santa Catarina Pinula,true,,UPDATE,6065
TC-00052881,,,false,2026-06-30 16:02:00,DELETE,20684
TC-00052885,general,Zona 12,true,,UPDATE,29548
TC-00052887,trabajador,Zona 18,true,,INSERT,21397
TC-00052889,trabajador,Zona 11,true,,UPDATE,11551
TC-00052892,adulto_mayor,Zona 4,true,,UPDATE,29531
TC-00052893,adulto_mayor,Santa Catarina Pinula,true,,UPDATE,30724
TC-00052894,,,false,2026-06-21 15:19:00,DELETE,14422
TC-00052896,general,Zona 18,true,,UPDATE,3337
TC-00052897,estudiante,Zona 13,true,,UPDATE,13602
TC-00052898,trabajador,Zona 6,true,,UPDATE,27376
TC-00052901,adulto_mayor,Zona 4,true,,UPDATE,28117
TC-00052908,trabajador,San Miguel Petapa,true,,INSERT,16004
TC-00052913,estudiante,Santa Catarina Pinula,true,,UPDATE,19565
TC-00052919,trabajador,Zona 17,true,,UPDATE,28579
TC-00052920,general,Zona 1,true,,INSERT,9841
TC-00052922,adulto_mayor,Zona 17,true,,INSERT,17374
TC-00052928,trabajador,Zona 12,true,,INSERT,18168
TC-00052929,trabajador,Zona 1,true,,UPDATE,25347
TC-00052941,trabajador,Zona 6,true,,UPDATE,23349
TC-00052942,trabajador,Villa Nueva,true,,INSERT,11768
TC-00052945,estudiante,Zona 8,true,,INSERT,19339
TC-00052948,adulto_mayor,Zona 10,true,,UPDATE,23304
TC-00052953,adulto_mayor,Santa Catarina Pinula,true,,UPDATE,10176
TC-00052957,general,Zona 9,true,,INSERT,14027
TC-00052958,,,false,2026-07-04 18:43:00,DELETE,23394
TC-00052975,adulto_mayor,Zona 1,true,,UPDATE,23893
TC-00052979,trabajador,Mixco,true,,INSERT,9827
TC-00052982,trabajador,Santa Catarina Pinula,true,,INSERT,17958
TC-00052984,trabajador,Zona 12,true,,INSERT,30576
TC-00052985,estudiante,San Miguel Petapa,true,,UPDATE,30245
TC-00052986,adulto_mayor,Zona 10,true,,INSERT,15240
TC-00052998,estudiante,Zona 7,true,,UPDATE,23256
TC-00053002,general,Zona 6,true,,UPDATE,14891
TC-00053007,,,false,2026-07-14 21:56:00,DELETE,30311
TC-00053008,trabajador,Zona 6,true,,INSERT,5598
TC-00053013,general,Zona 12,true,,UPDATE,29928
TC-00053018,,,false,2026-07-15 08:54:00,DELETE,31010
TC-00053022,trabajador,Zona 12,true,,UPDATE,5998
TC-00053033,estudiante,Zona 18,true,,INSERT,5054
TC-00053037,,,false,2026-06-02 11:10:00,DELETE,1305
TC-00053045,estudiante,Santa Catarina Pinula,true,,UPDATE,23750
TC-00053048,trabajador,Zona 7,true,,UPDATE,24575
TC-00053049,trabajador,Zona 4,true,,UPDATE,7474
TC-00053052,trabajador,Santa Catarina Pinula,true,,UPDATE,15081
TC-00053060,trabajador,Villa Nueva,true,,UPDATE,8696
TC-00053063,,,false,2026-06-17 22:32:00,DELETE,11662
TC-00053071,general,Zona 6,true,,INSERT,909
TC-00053077,adulto_mayor,Zona 1,true,,UPDATE,12942
TC-00053083,,,false,2026-06-29 21:47:00,DELETE,19977
TC-00053085,estudiante,Zona 8,true,,UPDATE,23804
TC-00053088,general,Zona 6,true,,UPDATE,9293
TC-00053089,estudiante,Zona 11,true,,UPDATE,9913
TC-00053090,adulto_mayor,Zona 11,true,,INSERT,11940
TC-00053093,adulto_mayor,Mixco,true,,UPDATE,30704
TC-00053096,adulto_mayor,Zona 10,true,,UPDATE,27507
TC-00053097,trabajador,Zona 10,true,,INSERT,22888
TC-00053098,estudiante,Zona 12,true,,UPDATE,9923
TC-00053110,,,false,2026-06-03 18:08:00,DELETE,2069
TC-00053111,adulto_mayor,Zona 11,true,,UPDATE,14286
TC-00053116,,,false,2026-07-04 18:22:00,DELETE,23385
TC-00053118,general,Zona 6,true,,INSERT,28375
TC-00053119,estudiante,Zona 7,true,,UPDATE,5824
TC-00053120,trabajador,Villa Nueva,true,,INSERT,8300
TC-00053123,trabajador,Zona 1,true,,INSERT,14722
TC-00053127,estudiante,Zona 17,true,,INSERT,10448
TC-00053133,adulto_mayor,Zona 17,true,,UPDATE,4502
TC-00053135,trabajador,Zona 11,true,,INSERT,18056
TC-00053136,estudiante,Zona 17,true,,UPDATE,1039
TC-00053138,,,false,2026-06-06 22:02:00,DELETE,4100
TC-00053140,adulto_mayor,Santa Catarina Pinula,true,,INSERT,22094
TC-00053145,trabajador,Zona 12,true,,UPDATE,7469
TC-00053147,adulto_mayor,Zona 1,true,,INSERT,7072
TC-00053149,trabajador,Zona 13,true,,INSERT,19331
TC-00053154,general,Zona 11,true,,UPDATE,6090
TC-00053158,estudiante,Villa Nueva,true,,UPDATE,29539
TC-00053159,general,Zona 11,true,,UPDATE,3045
TC-00053165,adulto_mayor,Zona 7,true,,UPDATE,17139
TC-00053168,trabajador,Zona 4,true,,UPDATE,3881
TC-00053173,adulto_mayor,Villa Nueva,true,,UPDATE,10724
TC-00053175,,,false,2026-06-30 21:18:00,DELETE,20671
TC-00053182,estudiante,Zona 8,true,,UPDATE,27237
TC-00053184,trabajador,Zona 13,true,,INSERT,29136
TC-00053185,general,Santa Catarina Pinula,true,,UPDATE,11403
TC-00053190,estudiante,Zona 9,true,,UPDATE,14800
TC-00053195,adulto_mayor,Zona 13,true,,UPDATE,22669
TC-00053202,estudiante,Zona 8,true,,UPDATE,6579
TC-00053208,trabajador,San Miguel Petapa,true,,UPDATE,17055
TC-00053209,trabajador,Zona 13,true,,INSERT,18825
TC-00053212,estudiante,Zona 12,true,,UPDATE,26668
TC-00053213,estudiante,Santa Catarina Pinula,true,,INSERT,9674
TC-00053217,general,Zona 1,true,,UPDATE,4651
TC-00053223,general,Zona 9,true,,INSERT,17310
TC-00053224,general,Zona 9,true,,UPDATE,14844
TC-00053225,trabajador,Zona 18,true,,UPDATE,8180
TC-00053228,trabajador,Zona 4,true,,UPDATE,6093
TC-00053236,trabajador,San Miguel Petapa,true,,INSERT,17364
TC-00053239,general,Zona 6,true,,UPDATE,22542
TC-00053240,,,false,2026-06-22 08:25:00,DELETE,15095
TC-00053243,estudiante,Zona 9,true,,INSERT,19434
TC-00053245,trabajador,San Miguel Petapa,true,,UPDATE,17007
TC-00053246,estudiante,Zona 7,true,,UPDATE,15765
TC-00053251,trabajador,Zona 13,true,,UPDATE,1043
TC-00053253,general,Zona 1,true,,UPDATE,6004
TC-00053257,general,Zona 18,true,,UPDATE,16820
TC-00053258,,,false,2026-06-02 18:05:00,DELETE,1332
TC-00053261,adulto_mayor,Zona 12,true,,UPDATE,10009
TC-00053265,trabajador,Villa Nueva,false,2026-07-10 14:07:00,DELETE,27553
TC-00053272,estudiante,Zona 10,true,,UPDATE,21940
TC-00053275,trabajador,Zona 9,true,,INSERT,16766
TC-00053276,adulto_mayor,Mixco,true,,INSERT,9011
TC-00053280,trabajador,Zona 8,true,,INSERT,29781
TC-00053285,adulto_mayor,Zona 4,true,,UPDATE,10819
TC-00053290,trabajador,Zona 12,true,,UPDATE,16310
TC-00053293,estudiante,Zona 18,true,,UPDATE,14189
TC-00053294,adulto_mayor,Zona 7,true,,UPDATE,2568
TC-00053297,trabajador,Zona 12,true,,INSERT,2214
TC-00053303,trabajador,Zona 11,true,,INSERT,9184
TC-00053304,adulto_mayor,Zona 6,true,,UPDATE,5100
TC-00053305,trabajador,Zona 10,true,,INSERT,11265
TC-00053307,,,false,2026-06-10 18:37:00,DELETE,6896
TC-00053308,trabajador,Zona 18,true,,INSERT,9670
TC-00053310,estudiante,Zona 17,true,,UPDATE,19229
TC-00053318,trabajador,Zona 13,true,,INSERT,24225
TC-00053319,trabajador,Zona 17,true,,UPDATE,15776
TC-00053325,estudiante,Zona 18,true,,INSERT,4923
TC-00053329,,,false,2026-07-05 11:28:00,DELETE,24149
TC-00053330,estudiante,Zona 12,true,,UPDATE,27448
TC-00053331,estudiante,San Miguel Petapa,true,,UPDATE,6079
TC-00053333,general,San Miguel Petapa,true,,INSERT,7591
TC-00053335,general,Santa Catarina Pinula,true,,UPDATE,17120
TC-00053337,trabajador,Zona 9,true,,INSERT,22227
TC-00053341,general,Zona 7,true,,INSERT,17996
TC-00053347,adulto_mayor,Zona 6,true,,UPDATE,12673
TC-00053354,trabajador,Zona 12,true,,UPDATE,1794
TC-00053358,,,false,2026-06-01 03:21:00,DELETE,611
TC-00053360,general,Zona 4,true,,UPDATE,4633
TC-00053369,general,Zona 10,true,,UPDATE,10237
TC-00053370,trabajador,San Miguel Petapa,true,,INSERT,19427
TC-00053375,trabajador,Zona 17,true,,INSERT,30389
TC-00053376,general,Zona 10,true,,UPDATE,24725
TC-00053377,estudiante,Santa Catarina Pinula,true,,UPDATE,7201
TC-00053382,trabajador,Zona 17,true,,INSERT,17265
TC-00053388,adulto_mayor,Zona 10,true,,UPDATE,9533
TC-00053397,general,San Miguel Petapa,true,,UPDATE,24574
TC-00053398,trabajador,Villa Nueva,true,,INSERT,22263
TC-00053399,estudiante,Zona 8,true,,UPDATE,25393
TC-00053400,general,San Miguel Petapa,true,,UPDATE,7144
TC-00053407,estudiante,Zona 18,true,,UPDATE,5384
TC-00053408,adulto_mayor,Zona 11,true,,UPDATE,24591
TC-00053409,adulto_mayor,Mixco,true,,UPDATE,17687
TC-00053414,trabajador,Zona 18,true,,UPDATE,385
TC-00053415,general,Zona 9,true,,UPDATE,30223
TC-00053416,trabajador,Zona 4,true,,UPDATE,5996
TC-00053417,trabajador,Zona 7,true,,UPDATE,10666
TC-00053420,estudiante,Villa Nueva,true,,UPDATE,6733
TC-00053422,trabajador,Zona 9,true,,INSERT,2253
TC-00053425,adulto_mayor,Santa Catarina Pinula,true,,UPDATE,6114
TC-00053427,estudiante,Zona 12,true,,INSERT,26243
TC-00053429,,,false,2026-06-02 05:30:00,DELETE,1299
TC-00053436,,,false,2026-06-30 14:37:00,DELETE,20677
TC-00053446,trabajador,Zona 9,true,,INSERT,9855
TC-00053447,trabajador,Zona 9,true,,INSERT,24871
TC-00053452,trabajador,Villa Nueva,true,,INSERT,25659
TC-00053454,estudiante,Villa Nueva,true,,INSERT,27755
TC-00053457,estudiante,Zona 11,true,,INSERT,18870
TC-00053458,adulto_mayor,Zona 17,true,,UPDATE,9947
TC-00053459,adulto_mayor,Zona 7,true,,UPDATE,9387
TC-00053467,general,Zona 4,true,,UPDATE,9228
TC-00053469,estudiante,Mixco,true,,UPDATE,8571
TC-00053471,trabajador,Zona 6,true,,INSERT,20821
TC-00053473,adulto_mayor,Zona 6,true,,UPDATE,3718
TC-00053480,general,Zona 11,true,,UPDATE,6094
TC-00053481,general,Santa Catarina Pinula,true,,INSERT,11951
TC-00053487,estudiante,Zona 13,true,,UPDATE,4447
TC-00053489,estudiante,Zona 7,true,,INSERT,8385
TC-00053491,trabajador,Zona 7,true,,INSERT,23622
TC-00053494,,,false,2026-06-06 19:38:00,DELETE,4066
TC-00053495,trabajador,Mixco,true,,UPDATE,16240
TC-00053496,trabajador,Villa Nueva,false,2026-07-15 15:44:00,DELETE,31037
TC-00053497,,,false,2026-06-16 03:16:00,DELETE,10968
TC-00053500,trabajador,Zona 17,true,,INSERT,20086
TC-00053502,trabajador,Zona 8,true,,INSERT,4166
TC-00053504,adulto_mayor,Zona 6,false,2026-07-15 13:13:00,DELETE,31028
TC-00053512,trabajador,Santa Catarina Pinula,true,,UPDATE,7351
TC-00053513,trabajador,Zona 7,true,,UPDATE,28726
TC-00053514,general,San Miguel Petapa,true,,INSERT,15273
TC-00053515,trabajador,Zona 9,true,,INSERT,1469
TC-00053516,general,Zona 4,true,,UPDATE,23720
TC-00053519,general,Mixco,true,,UPDATE,16354
TC-00053520,trabajador,Santa Catarina Pinula,true,,INSERT,1425
TC-00053522,general,Villa Nueva,true,,INSERT,9210
TC-00053523,trabajador,Zona 8,true,,INSERT,19449
TC-00053524,estudiante,Santa Catarina Pinula,true,,UPDATE,12806
TC-00053526,general,Zona 1,true,,INSERT,18663
TC-00053527,adulto_mayor,Zona 6,true,,UPDATE,28812
TC-00053532,trabajador,San Miguel Petapa,true,,INSERT,16021
TC-00053533,estudiante,Zona 8,true,,UPDATE,984
TC-00053535,trabajador,Villa Nueva,true,,UPDATE,28617
TC-00053542,,,false,2026-06-17 23:35:00,DELETE,11651
TC-00053543,trabajador,Zona 4,true,,UPDATE,16944
TC-00053544,estudiante,Zona 17,true,,INSERT,18836
TC-00053545,trabajador,San Miguel Petapa,true,,UPDATE,15055
TC-00053551,adulto_mayor,Zona 10,false,2026-06-17 15:36:00,DELETE,11698
TC-00053552,trabajador,Zona 13,true,,UPDATE,11283
TC-00053556,general,Zona 11,true,,UPDATE,3887
TC-00053564,estudiante,Zona 9,true,,INSERT,20028
TC-00053566,trabajador,Zona 11,true,,INSERT,19397
TC-00053568,estudiante,Zona 12,true,,UPDATE,1935
TC-00053574,estudiante,San Miguel Petapa,true,,UPDATE,10115
TC-00053575,general,Santa Catarina Pinula,true,,UPDATE,4390
TC-00053576,trabajador,Zona 17,true,,INSERT,9169
TC-00053577,general,Villa Nueva,true,,UPDATE,20497
TC-00053581,trabajador,Zona 18,true,,UPDATE,24670
TC-00053590,trabajador,Zona 6,true,,INSERT,2301
TC-00053591,,,false,2026-06-15 03:50:00,DELETE,10303
TC-00053592,estudiante,Zona 4,true,,UPDATE,27265
TC-00053594,adulto_mayor,Mixco,true,,INSERT,9199
TC-00053595,general,Zona 4,true,,UPDATE,22471
TC-00053597,trabajador,Zona 8,true,,INSERT,10585
TC-00053604,trabajador,Zona 12,true,,UPDATE,8750
TC-00053606,adulto_mayor,Zona 11,true,,UPDATE,29396
TC-00053608,,,false,2026-07-09 21:20:00,DELETE,26840
TC-00053611,general,Zona 12,true,,INSERT,8389
TC-00053612,general,Zona 1,true,,UPDATE,3313
TC-00053614,general,Zona 10,true,,INSERT,18709
TC-00053621,adulto_mayor,Zona 6,true,,UPDATE,20290
TC-00053622,adulto_mayor,Zona 12,true,,UPDATE,4573
TC-00053625,trabajador,San Miguel Petapa,true,,INSERT,2967
TC-00053626,estudiante,Zona 8,true,,UPDATE,8782
TC-00053632,estudiante,Zona 17,true,,UPDATE,13453
TC-00053635,estudiante,Zona 4,true,,UPDATE,8658
TC-00053640,estudiante,Zona 1,true,,INSERT,26307
TC-00053648,estudiante,Zona 13,true,,UPDATE,28092
TC-00053656,general,Zona 10,true,,UPDATE,12267
TC-00053657,general,Zona 4,true,,INSERT,23476
TC-00053660,trabajador,San Miguel Petapa,true,,INSERT,10468
TC-00053666,estudiante,Zona 13,true,,INSERT,25620
TC-00053671,trabajador,Zona 7,true,,INSERT,18118
TC-00053674,general,Zona 18,true,,INSERT,16630
TC-00053676,trabajador,Zona 6,true,,INSERT,28455
TC-00053678,general,Villa Nueva,true,,UPDATE,21837
TC-00053680,trabajador,Zona 4,true,,INSERT,4965
TC-00053682,estudiante,Zona 11,true,,UPDATE,4489
TC-00053690,estudiante,Zona 8,true,,INSERT,837
TC-00053692,trabajador,Zona 4,true,,UPDATE,4631
TC-00053696,general,Zona 7,true,,UPDATE,4531
TC-00053699,trabajador,Zona 10,true,,INSERT,11924
TC-00053712,,,false,2026-06-19 06:43:00,DELETE,13044
TC-00053713,,,false,2026-06-18 02:06:00,DELETE,12384
TC-00053714,general,Zona 18,true,,INSERT,30468
TC-00053717,estudiante,Santa Catarina Pinula,false,2026-07-14 16:44:00,DELETE,30316
TC-00053718,trabajador,Zona 12,true,,INSERT,22949
TC-00053727,estudiante,Santa Catarina Pinula,true,,UPDATE,20333
TC-00053731,trabajador,Mixco,true,,INSERT,15917
TC-00053732,trabajador,Zona 6,true,,INSERT,8395
TC-00053741,general,Zona 1,true,,INSERT,29185
TC-00053747,trabajador,Zona 8,true,,UPDATE,22575
TC-00053751,estudiante,Zona 18,true,,INSERT,29898
TC-00053755,trabajador,Zona 18,true,,INSERT,13230
TC-00053757,estudiante,Zona 1,true,,INSERT,18636
TC-00053758,trabajador,Zona 12,false,2026-07-01 17:49:00,DELETE,21379
TC-00053762,trabajador,Zona 18,true,,INSERT,4231
TC-00053763,trabajador,Villa Nueva,true,,INSERT,26981
TC-00053767,adulto_mayor,Santa Catarina Pinula,true,,UPDATE,19176
TC-00053769,estudiante,Santa Catarina Pinula,true,,INSERT,10412
TC-00053775,trabajador,San Miguel Petapa,true,,UPDATE,12104
TC-00053780,general,Zona 7,true,,UPDATE,3334
TC-00053784,adulto_mayor,Mixco,true,,UPDATE,8876
TC-00053794,estudiante,Zona 10,true,,INSERT,9763
TC-00053799,,,false,2026-06-14 06:20:00,DELETE,9658
TC-00053805,trabajador,Zona 11,true,,UPDATE,5808
TC-00053810,trabajador,Zona 9,true,,UPDATE,29567
TC-00053814,adulto_mayor,Zona 17,true,,UPDATE,16460
TC-00053818,estudiante,Zona 11,true,,UPDATE,26705
TC-00053820,estudiante,Zona 9,true,,INSERT,29151
TC-00053821,adulto_mayor,Santa Catarina Pinula,true,,UPDATE,14803
TC-00053823,trabajador,San Miguel Petapa,true,,INSERT,11863
TC-00053825,adulto_mayor,Zona 6,true,,UPDATE,13536
TC-00053826,trabajador,Zona 7,true,,INSERT,25740
TC-00053833,adulto_mayor,Villa Nueva,true,,INSERT,18734
TC-00053838,estudiante,Zona 10,true,,INSERT,29115
TC-00053840,trabajador,Zona 17,true,,UPDATE,13597
TC-00053841,trabajador,Zona 18,true,,INSERT,23664
TC-00053844,trabajador,Zona 6,true,,INSERT,10397
TC-00053849,trabajador,Zona 1,false,2026-06-30 06:31:00,DELETE,20613
TC-00053853,adulto_mayor,Zona 1,true,,UPDATE,18203
TC-00053859,general,Zona 10,true,,UPDATE,10789
TC-00053875,estudiante,San Miguel Petapa,true,,UPDATE,8135
TC-00053876,general,Zona 1,true,,UPDATE,8026
TC-00053880,general,Zona 10,true,,UPDATE,27417
TC-00053885,,,false,2026-07-03 17:13:00,DELETE,22746
TC-00053888,trabajador,Mixco,true,,INSERT,28444
TC-00053889,general,Zona 10,true,,UPDATE,14228
TC-00053896,,,false,2026-06-18 10:30:00,DELETE,12352
TC-00053904,trabajador,Villa Nueva,true,,UPDATE,5234
TC-00053905,trabajador,Zona 9,true,,INSERT,28999
TC-00053906,,,false,2026-06-04 21:28:00,DELETE,2739
TC-00053913,trabajador,Zona 12,true,,INSERT,20747
TC-00053915,estudiante,Santa Catarina Pinula,true,,INSERT,13951
TC-00053916,general,Zona 6,true,,INSERT,15258
TC-00053917,trabajador,Zona 11,true,,INSERT,10548
TC-00053924,trabajador,Zona 8,true,,INSERT,18724
TC-00053928,,,false,2026-06-03 06:30:00,DELETE,2035
TC-00053930,adulto_mayor,Zona 6,true,,UPDATE,4678
TC-00053933,estudiante,Villa Nueva,true,,INSERT,25
TC-00053939,adulto_mayor,Zona 1,true,,UPDATE,22548
TC-00053940,,,false,2026-06-08 15:42:00,DELETE,5487
TC-00053948,trabajador,San Miguel Petapa,true,,UPDATE,26744
TC-00053958,trabajador,Zona 4,true,,UPDATE,17517
TC-00053961,general,Zona 13,true,,UPDATE,22344
TC-00053964,trabajador,Zona 12,true,,UPDATE,11463
TC-00053965,trabajador,Mixco,true,,UPDATE,4025
TC-00053972,,,false,2026-06-22 01:22:00,DELETE,15113
TC-00053981,adulto_mayor,Zona 18,true,,UPDATE,17714
TC-00053985,estudiante,Zona 12,true,,UPDATE,27188
TC-00053987,,,false,2026-06-12 12:14:00,DELETE,8261
TC-00053996,trabajador,Zona 13,true,,INSERT,19423
TC-00054007,trabajador,Zona 9,true,,UPDATE,27358
TC-00054010,,,false,2026-06-09 03:02:00,DELETE,6155
TC-00054012,general,Zona 10,true,,INSERT,30438
TC-00054017,adulto_mayor,Mixco,true,,UPDATE,597
TC-00054021,trabajador,Zona 12,true,,INSERT,28516
TC-00054023,adulto_mayor,Zona 18,true,,UPDATE,12094
TC-00054025,trabajador,Zona 1,true,,UPDATE,29480
TC-00054028,adulto_mayor,Zona 18,true,,UPDATE,11502
TC-00054030,estudiante,Zona 8,true,,UPDATE,28029
TC-00054031,adulto_mayor,Zona 8,true,,UPDATE,29223
TC-00054033,general,Zona 18,true,,UPDATE,2582
TC-00054039,general,Zona 4,true,,UPDATE,8574
TC-00054042,adulto_mayor,Villa Nueva,true,,UPDATE,10113
TC-00054043,adulto_mayor,Zona 6,true,,UPDATE,3766
TC-00054045,adulto_mayor,San Miguel Petapa,true,,UPDATE,18510
TC-00054046,adulto_mayor,Zona 6,true,,INSERT,25686
TC-00054047,,,false,2026-07-06 20:59:00,DELETE,24779
TC-00054049,,,false,2026-06-07 10:56:00,DELETE,4813
TC-00054053,adulto_mayor,Villa Nueva,true,,UPDATE,14190
TC-00054055,,,false,2026-06-13 09:25:00,DELETE,8896
TC-00054056,trabajador,Zona 18,true,,INSERT,20845
TC-00054059,estudiante,Mixco,false,2026-07-02 20:21:00,DELETE,22003
TC-00054060,estudiante,Zona 17,true,,UPDATE,21248
TC-00054065,adulto_mayor,Zona 1,true,,UPDATE,8862
TC-00054066,,,false,2026-07-08 09:45:00,DELETE,26162
TC-00054070,,,false,2026-07-13 08:29:00,DELETE,29611
TC-00054073,general,Zona 7,true,,UPDATE,27887
TC-00054076,trabajador,Zona 17,true,,INSERT,10359
TC-00054078,general,Zona 9,true,,UPDATE,25835
TC-00054079,,,false,2026-06-02 11:24:00,DELETE,1326
TC-00054082,trabajador,Zona 6,true,,INSERT,19396
TC-00054083,adulto_mayor,Zona 4,true,,UPDATE,21849
TC-00054084,adulto_mayor,Zona 11,true,,INSERT,30470
TC-00054086,trabajador,Zona 4,true,,INSERT,27772
TC-00054089,,,false,2026-06-27 02:43:00,DELETE,18590
TC-00054091,general,Zona 17,true,,INSERT,22255
TC-00054098,trabajador,Mixco,true,,INSERT,24317
TC-00054106,estudiante,San Miguel Petapa,true,,UPDATE,29919
TC-00054110,adulto_mayor,Zona 1,false,2026-06-29 11:39:00,DELETE,20010
TC-00054115,trabajador,Zona 4,true,,UPDATE,4385
TC-00054117,estudiante,San Miguel Petapa,true,,INSERT,4843
TC-00054119,estudiante,Zona 6,true,,INSERT,13883
TC-00054126,adulto_mayor,Zona 1,true,,INSERT,22275
TC-00054127,trabajador,Zona 17,true,,UPDATE,27443
TC-00054134,adulto_mayor,Zona 18,false,2026-06-19 09:00:00,DELETE,13056
TC-00054135,adulto_mayor,Mixco,true,,UPDATE,11514
TC-00054137,adulto_mayor,Zona 13,true,,UPDATE,7333
TC-00054140,estudiante,Zona 12,false,2026-07-02 22:52:00,DELETE,22053
TC-00054149,general,Zona 12,true,,INSERT,8328
TC-00054152,estudiante,Zona 7,true,,INSERT,17252
TC-00054156,estudiante,Zona 1,true,,INSERT,7074
TC-00054157,trabajador,Zona 9,true,,UPDATE,21296
TC-00054161,estudiante,Zona 13,true,,UPDATE,436
TC-00054162,trabajador,Zona 12,true,,UPDATE,14359
TC-00054164,,,false,2026-06-25 20:33:00,DELETE,17239
TC-00054165,trabajador,Villa Nueva,true,,INSERT,27017
TC-00054168,trabajador,Santa Catarina Pinula,true,,INSERT,14580
TC-00054171,general,Zona 10,true,,UPDATE,6516
TC-00054172,trabajador,Zona 4,true,,INSERT,1397
TC-00054173,adulto_mayor,Mixco,true,,INSERT,16682
TC-00054176,,,false,2026-06-30 20:47:00,DELETE,20700
TC-00054178,adulto_mayor,Zona 13,true,,UPDATE,2644
TC-00054181,,,false,2026-07-15 11:21:00,DELETE,30993
TC-00054182,general,Zona 13,true,,UPDATE,29915
TC-00054183,general,Zona 6,true,,UPDATE,29289
TC-00054184,adulto_mayor,Zona 6,true,,UPDATE,16379
TC-00054189,estudiante,Zona 1,true,,UPDATE,2598
TC-00054190,trabajador,Zona 11,true,,INSERT,737
TC-00054191,estudiante,Zona 9,true,,UPDATE,7850
TC-00054192,,,false,2026-06-25 23:26:00,DELETE,17225
TC-00054195,general,Zona 4,true,,UPDATE,12316
TC-00054198,adulto_mayor,Zona 7,true,,UPDATE,30908
TC-00054199,general,Zona 1,true,,UPDATE,23220
TC-00054201,trabajador,San Miguel Petapa,true,,INSERT,14624
TC-00054202,general,Zona 8,true,,INSERT,6291
TC-00054205,trabajador,Zona 9,true,,UPDATE,29224
TC-00054209,estudiante,Zona 11,true,,UPDATE,23757
TC-00054211,trabajador,Villa Nueva,true,,INSERT,7017
TC-00054212,general,Zona 18,true,,INSERT,29041
TC-00054213,adulto_mayor,Zona 9,true,,UPDATE,28714
TC-00054214,estudiante,Zona 9,true,,UPDATE,7177
TC-00054220,,,false,2026-06-29 01:01:00,DELETE,19956
TC-00054221,trabajador,Zona 12,true,,INSERT,694
TC-00054222,trabajador,Zona 7,true,,INSERT,20914
TC-00054224,trabajador,Zona 17,true,,INSERT,20844
TC-00054229,trabajador,Zona 10,true,,INSERT,20854
TC-00054231,estudiante,Zona 1,true,,INSERT,6281
TC-00054237,trabajador,Zona 13,true,,INSERT,12600
TC-00054246,general,Zona 17,true,,UPDATE,25138
TC-00054248,trabajador,Zona 13,true,,INSERT,21409
TC-00054250,adulto_mayor,Zona 4,true,,INSERT,15192
TC-00054257,estudiante,Zona 6,true,,UPDATE,14953
TC-00054258,estudiante,Santa Catarina Pinula,true,,UPDATE,20309
TC-00054259,,,false,2026-06-09 17:34:00,DELETE,6184
TC-00054260,trabajador,San Miguel Petapa,true,,INSERT,13260
TC-00054262,adulto_mayor,Santa Catarina Pinula,true,,UPDATE,14172
TC-00054269,estudiante,Santa Catarina Pinula,true,,UPDATE,29386
TC-00054275,adulto_mayor,Zona 4,false,2026-06-21 05:37:00,DELETE,14443
TC-00054279,trabajador,Zona 6,true,,INSERT,11203
TC-00054280,trabajador,Zona 7,true,,INSERT,13193
TC-00054284,estudiante,Mixco,true,,UPDATE,5986
TC-00054296,general,Zona 18,true,,INSERT,6966
TC-00054298,trabajador,Zona 11,true,,UPDATE,19877
TC-00054304,adulto_mayor,Zona 17,true,,UPDATE,3691
TC-00054306,general,Santa Catarina Pinula,true,,INSERT,18086
TC-00054311,general,Zona 9,true,,UPDATE,21817
TC-00054312,general,Zona 12,true,,UPDATE,20308
TC-00054313,general,Zona 7,true,,INSERT,18804
TC-00054319,general,Zona 12,true,,UPDATE,22348
TC-00054320,adulto_mayor,Zona 9,true,,UPDATE,19732
TC-00054325,trabajador,Zona 12,true,,UPDATE,2366
TC-00054330,trabajador,Zona 18,false,2026-06-18 21:20:00,DELETE,12353
TC-00054331,trabajador,Zona 11,true,,INSERT,178
TC-00054333,trabajador,Zona 6,true,,UPDATE,25270
TC-00054335,estudiante,Santa Catarina Pinula,true,,INSERT,19340
TC-00054337,estudiante,Villa Nueva,true,,UPDATE,26689
TC-00054345,trabajador,Zona 8,true,,UPDATE,12988
TC-00054347,estudiante,Zona 4,true,,UPDATE,29974
TC-00054348,estudiante,Zona 10,true,,UPDATE,19836
TC-00054350,,,false,2026-06-13 11:35:00,DELETE,8928
TC-00054351,general,Zona 4,false,2026-06-19 23:01:00,DELETE,13077
TC-00054354,general,Zona 18,true,,INSERT,12594
TC-00054355,adulto_mayor,Zona 7,true,,INSERT,24339
TC-00054359,estudiante,Mixco,true,,UPDATE,5127
TC-00054361,general,Mixco,true,,UPDATE,29468
TC-00054366,estudiante,Zona 7,true,,UPDATE,21639
TC-00054370,estudiante,Zona 18,true,,UPDATE,2479
TC-00054375,estudiante,Villa Nueva,true,,INSERT,9183
TC-00054378,,,false,2026-06-05 11:03:00,DELETE,3400
TC-00054392,,,false,2026-06-19 18:15:00,DELETE,13109
TC-00054410,adulto_mayor,Santa Catarina Pinula,true,,UPDATE,21200
TC-00054417,,,false,2026-06-09 05:02:00,DELETE,6181
TC-00054419,estudiante,Zona 1,true,,UPDATE,15535
TC-00054420,trabajador,Zona 17,true,,INSERT,13999
TC-00054432,,,false,2026-06-29 06:35:00,DELETE,19935
TC-00054433,trabajador,Santa Catarina Pinula,false,2026-07-10 19:05:00,DELETE,27579
TC-00054438,trabajador,Zona 9,true,,INSERT,2876
TC-00054439,trabajador,Zona 10,true,,INSERT,10459
TC-00054445,adulto_mayor,Zona 4,true,,INSERT,22299
TC-00054446,trabajador,Zona 10,true,,UPDATE,9273
TC-00054451,trabajador,Zona 1,true,,INSERT,30451
TC-00054453,general,Zona 13,true,,UPDATE,8556
TC-00054461,adulto_mayor,Zona 8,true,,UPDATE,20968
TC-00054464,trabajador,Zona 7,true,,UPDATE,1135
TC-00054467,,,false,2026-06-02 21:56:00,DELETE,1354
TC-00054468,general,Zona 12,true,,UPDATE,22529
TC-00054469,general,Zona 7,true,,INSERT,11898
TC-00054471,general,Zona 11,true,,INSERT,29858
TC-00054474,trabajador,Mixco,true,,INSERT,29036
TC-00054477,estudiante,Zona 1,true,,UPDATE,29528
TC-00054478,,,false,2026-06-13 19:49:00,DELETE,8919
TC-00054480,trabajador,Zona 13,false,2026-06-19 08:26:00,DELETE,13025
TC-00054481,estudiante,Zona 1,true,,UPDATE,25110
TC-00054482,adulto_mayor,Zona 17,false,2026-07-13 16:34:00,DELETE,29654
TC-00054487,general,San Miguel Petapa,true,,UPDATE,19892
TC-00054489,estudiante,Zona 11,true,,INSERT,27118
TC-00054490,trabajador,Zona 7,true,,INSERT,8378
TC-00054492,general,Villa Nueva,true,,UPDATE,25191
TC-00054493,,,false,2026-06-14 03:29:00,DELETE,9648
TC-00054495,adulto_mayor,Zona 18,true,,UPDATE,7172
TC-00054501,trabajador,Zona 18,true,,INSERT,26407
TC-00054502,general,Zona 7,true,,UPDATE,19148
TC-00054504,general,Zona 10,true,,UPDATE,3906
TC-00054506,adulto_mayor,Zona 1,true,,UPDATE,11529
TC-00054516,trabajador,Zona 7,true,,UPDATE,13528
TC-00054518,adulto_mayor,Zona 12,true,,UPDATE,9421
TC-00054525,estudiante,Zona 17,true,,UPDATE,30944
TC-00054528,estudiante,Zona 13,true,,INSERT,9856
TC-00054530,adulto_mayor,Zona 1,true,,UPDATE,23140
TC-00054531,,,false,2026-07-01 00:19:00,DELETE,21304
TC-00054533,,,false,2026-06-01 18:20:00,DELETE,641
TC-00054546,adulto_mayor,Santa Catarina Pinula,true,,INSERT,12467
TC-00054552,estudiante,Zona 1,true,,INSERT,28437
TC-00054554,estudiante,Zona 7,true,,INSERT,7755
TC-00054558,adulto_mayor,San Miguel Petapa,true,,UPDATE,10800
TC-00054563,trabajador,Zona 17,true,,INSERT,4335
TC-00054564,adulto_mayor,Zona 1,true,,UPDATE,24030
TC-00054567,estudiante,Zona 4,true,,INSERT,19341
TC-00054568,estudiante,Villa Nueva,true,,UPDATE,29460
TC-00054572,trabajador,San Miguel Petapa,true,,INSERT,19471
TC-00054577,trabajador,Zona 18,true,,UPDATE,16465
TC-00054580,general,San Miguel Petapa,true,,INSERT,20706
TC-00054583,general,Zona 13,true,,INSERT,9789
TC-00054593,trabajador,Zona 11,true,,INSERT,14552
TC-00054597,estudiante,Zona 18,true,,INSERT,29819
TC-00054599,trabajador,Zona 18,true,,UPDATE,27165
TC-00054601,trabajador,Zona 18,true,,INSERT,14618
TC-00054602,general,Zona 17,true,,UPDATE,7237
TC-00054606,estudiante,Zona 11,true,,UPDATE,25340
TC-00054608,trabajador,Zona 17,true,,INSERT,26928
TC-00054609,adulto_mayor,Santa Catarina Pinula,true,,UPDATE,30182
TC-00054625,adulto_mayor,Zona 9,true,,UPDATE,8017
TC-00054626,general,Zona 10,true,,UPDATE,14985
TC-00054629,estudiante,Villa Nueva,true,,UPDATE,14854
TC-00054630,estudiante,San Miguel Petapa,true,,UPDATE,27423
TC-00054631,general,Zona 1,true,,UPDATE,17566
TC-00054632,adulto_mayor,Villa Nueva,true,,UPDATE,12914
TC-00054635,estudiante,Villa Nueva,true,,INSERT,22106
TC-00054637,trabajador,Mixco,true,,UPDATE,7885
TC-00054640,trabajador,Zona 7,true,,INSERT,13229
TC-00054642,general,Villa Nueva,true,,UPDATE,25439
TC-00054646,trabajador,Zona 10,true,,INSERT,24962
TC-00054647,adulto_mayor,Zona 8,true,,UPDATE,25195
TC-00054651,general,Zona 8,true,,INSERT,29192
TC-00054655,estudiante,Zona 9,true,,UPDATE,2573
TC-00054657,estudiante,Zona 6,true,,UPDATE,19017
TC-00054660,,,false,2026-06-09 04:47:00,DELETE,6168
TC-00054670,general,Zona 4,true,,INSERT,23663
TC-00054675,trabajador,Santa Catarina Pinula,true,,UPDATE,14347
TC-00054676,trabajador,Zona 7,true,,UPDATE,12731
TC-00054680,estudiante,Zona 13,true,,INSERT,25561
TC-00054685,estudiante,Zona 7,true,,UPDATE,21222
TC-00054686,trabajador,Zona 4,true,,INSERT,13832
TC-00054697,trabajador,Zona 7,true,,UPDATE,24418
TC-00054704,trabajador,Zona 8,true,,UPDATE,16812
TC-00054706,adulto_mayor,Zona 12,true,,UPDATE,12228
TC-00054707,estudiante,Zona 8,true,,UPDATE,30936
TC-00054708,estudiante,Zona 11,true,,UPDATE,15691
TC-00054711,,,false,2026-06-03 18:29:00,DELETE,1986
TC-00054714,trabajador,Villa Nueva,true,,INSERT,904
TC-00054719,,,false,2026-06-02 15:50:00,DELETE,1302
TC-00054720,general,Zona 11,true,,UPDATE,7923
TC-00054721,estudiante,Zona 13,true,,UPDATE,10104
TC-00054722,trabajador,Zona 17,true,,INSERT,25032
TC-00054725,general,Zona 9,true,,INSERT,4230
TC-00054726,trabajador,Zona 8,true,,INSERT,15411
TC-00054730,trabajador,Zona 17,true,,INSERT,21620
TC-00054731,,,false,2026-06-22 06:54:00,DELETE,15150
TC-00054732,general,San Miguel Petapa,true,,INSERT,27012
TC-00054735,trabajador,Santa Catarina Pinula,true,,INSERT,9707
TC-00054737,general,Santa Catarina Pinula,true,,UPDATE,19197
TC-00054738,general,Mixco,true,,INSERT,10580
TC-00054740,,,false,2026-06-15 05:25:00,DELETE,10313
TC-00054741,trabajador,Zona 17,true,,INSERT,10376
TC-00054751,,,false,2026-07-15 16:26:00,DELETE,30970
TC-00054754,adulto_mayor,Zona 13,true,,UPDATE,3031
TC-00054759,,,false,2026-06-21 11:35:00,DELETE,14414
TC-00054773,estudiante,Zona 6,true,,INSERT,19486
TC-00054782,estudiante,San Miguel Petapa,true,,UPDATE,29291
TC-00054784,trabajador,Zona 18,true,,UPDATE,25940
TC-00054785,trabajador,Zona 4,true,,INSERT,3634
TC-00054795,trabajador,Santa Catarina Pinula,true,,INSERT,20219
TC-00054797,general,Zona 9,true,,UPDATE,9494
TC-00054801,estudiante,San Miguel Petapa,true,,INSERT,22204
TC-00054809,trabajador,Santa Catarina Pinula,true,,UPDATE,7224
TC-00054815,estudiante,San Miguel Petapa,true,,UPDATE,25992
TC-00054823,adulto_mayor,Zona 18,true,,UPDATE,30664
TC-00054827,adulto_mayor,Santa Catarina Pinula,true,,UPDATE,3952
TC-00054837,estudiante,Zona 11,true,,UPDATE,14283
TC-00054838,trabajador,Villa Nueva,true,,INSERT,20093
TC-00054839,estudiante,Zona 6,false,2026-07-03 16:14:00,DELETE,22757
TC-00054841,adulto_mayor,Zona 10,true,,UPDATE,22596
TC-00054843,adulto_mayor,Zona 1,true,,UPDATE,24539
TC-00054847,general,Zona 13,true,,UPDATE,19822
TC-00054849,general,Zona 8,true,,INSERT,4320
TC-00054858,adulto_mayor,Zona 8,true,,UPDATE,27390
TC-00054863,adulto_mayor,Zona 10,true,,UPDATE,23351
TC-00054865,trabajador,Zona 13,true,,UPDATE,23912
TC-00054872,,,false,2026-06-16 22:24:00,DELETE,11017
TC-00054882,adulto_mayor,Zona 11,true,,UPDATE,14290
TC-00054883,trabajador,Zona 9,true,,INSERT,20239
TC-00054884,trabajador,Zona 13,true,,INSERT,927
TC-00054891,estudiante,Zona 12,true,,UPDATE,26489
TC-00054892,trabajador,Villa Nueva,true,,INSERT,19360
TC-00054897,general,Villa Nueva,true,,UPDATE,2593
TC-00054899,trabajador,San Miguel Petapa,true,,INSERT,25580
TC-00054907,adulto_mayor,Mixco,false,2026-07-06 02:28:00,DELETE,24808
TC-00054908,trabajador,Zona 8,true,,UPDATE,26094
TC-00054911,estudiante,Zona 9,true,,INSERT,24200
TC-00054915,adulto_mayor,Zona 12,true,,UPDATE,30021
TC-00054918,trabajador,Santa Catarina Pinula,true,,INSERT,27078
TC-00054919,adulto_mayor,Zona 7,false,2026-07-09 22:48:00,DELETE,26892
TC-00054921,trabajador,Zona 4,true,,INSERT,7029
TC-00054922,adulto_mayor,Zona 11,true,,UPDATE,20527
TC-00054924,general,Zona 11,true,,UPDATE,28741
TC-00054925,estudiante,Zona 17,true,,UPDATE,23128
TC-00054929,trabajador,Zona 6,true,,INSERT,4328
TC-00054934,,,false,2026-06-02 21:34:00,DELETE,1307
TC-00054937,estudiante,Zona 12,true,,INSERT,20215
TC-00054940,,,false,2026-06-15 17:04:00,DELETE,10282
TC-00054941,,,false,2026-06-17 14:05:00,DELETE,11707
TC-00054948,estudiante,Zona 9,false,2026-06-28 03:22:00,DELETE,19286
TC-00054954,estudiante,Zona 6,true,,UPDATE,8786
TC-00054956,adulto_mayor,Zona 1,true,,INSERT,21466
TC-00054958,,,false,2026-06-24 02:32:00,DELETE,16521
TC-00054959,trabajador,Zona 8,true,,INSERT,18774
TC-00054961,trabajador,Zona 1,true,,UPDATE,20981
TC-00054962,estudiante,Zona 4,true,,UPDATE,25382
TC-00054966,trabajador,Zona 17,true,,UPDATE,15045
TC-00054967,adulto_mayor,Zona 10,true,,UPDATE,14349
TC-00054968,trabajador,Zona 9,true,,INSERT,13925
TC-00054972,general,Zona 6,true,,INSERT,28315
TC-00054976,estudiante,Zona 7,true,,INSERT,5637
TC-00054977,trabajador,Zona 9,true,,UPDATE,14177
TC-00054978,estudiante,Zona 10,true,,UPDATE,30887
TC-00054980,estudiante,Zona 12,true,,UPDATE,16182
TC-00054981,estudiante,Zona 18,true,,UPDATE,24532
TC-00054982,trabajador,San Miguel Petapa,true,,UPDATE,19151
TC-00054985,estudiante,Zona 7,true,,UPDATE,22576
TC-00054986,,,false,2026-06-07 08:14:00,DELETE,4828
TC-00054988,general,Santa Catarina Pinula,true,,UPDATE,1239
TC-00054991,trabajador,Mixco,true,,INSERT,28364
TC-00054996,estudiante,Zona 11,true,,INSERT,9875
TC-00054997,adulto_mayor,Zona 9,true,,UPDATE,21226
TC-00055000,general,Zona 13,true,,UPDATE,29945
TC-00055002,trabajador,Zona 6,true,,INSERT,15347
TC-00055006,estudiante,San Miguel Petapa,true,,UPDATE,26077
TC-00055007,trabajador,Zona 12,true,,INSERT,17457
TC-00055009,trabajador,Mixco,true,,UPDATE,24598
TC-00055011,trabajador,Villa Nueva,true,,INSERT,13862
TC-00055015,general,Mixco,true,,UPDATE,17136
TC-00055016,general,Zona 8,true,,UPDATE,6509
TC-00055017,trabajador,Zona 4,true,,INSERT,21422
TC-00055019,adulto_mayor,Zona 6,true,,UPDATE,27392
TC-00055022,trabajador,Zona 6,true,,INSERT,2794
TC-00055025,trabajador,Villa Nueva,true,,INSERT,20829
TC-00055030,general,Santa Catarina Pinula,true,,UPDATE,1623
TC-00055032,trabajador,Zona 17,true,,INSERT,11921
TC-00055036,trabajador,Zona 11,true,,INSERT,13892
TC-00055037,adulto_mayor,Zona 11,true,,UPDATE,27464
TC-00055038,,,false,2026-06-22 05:20:00,DELETE,15142
TC-00055040,,,false,2026-07-03 18:24:00,DELETE,22710
TC-00055044,trabajador,Zona 12,true,,UPDATE,20418
TC-00055046,,,false,2026-07-01 16:56:00,DELETE,21366
TC-00055048,trabajador,Zona 7,true,,INSERT,27622
TC-00055055,trabajador,Zona 12,true,,UPDATE,23770
TC-00055056,estudiante,Zona 18,true,,INSERT,27016
TC-00055059,,,false,2026-07-14 06:00:00,DELETE,30315
TC-00055061,general,Villa Nueva,true,,INSERT,13219
TC-00055063,general,Zona 13,true,,INSERT,7079
TC-00055066,estudiante,Zona 8,true,,INSERT,7702
TC-00055069,general,Zona 12,true,,UPDATE,22544
TC-00055076,,,false,2026-06-05 01:56:00,DELETE,3429
TC-00055077,trabajador,Villa Nueva,true,,UPDATE,27415
TC-00055080,trabajador,Zona 12,true,,INSERT,3635
TC-00055087,,,false,2026-06-08 14:56:00,DELETE,5508
TC-00055090,trabajador,San Miguel Petapa,true,,UPDATE,29312
TC-00055091,estudiante,Zona 18,true,,UPDATE,10608
TC-00055092,trabajador,Zona 17,true,,UPDATE,23825
TC-00055096,estudiante,Zona 9,true,,UPDATE,28810
TC-00055100,adulto_mayor,Zona 18,true,,UPDATE,19627
TC-00055101,trabajador,San Miguel Petapa,false,2026-07-08 13:56:00,DELETE,26180
TC-00055102,adulto_mayor,Zona 7,true,,UPDATE,25772
TC-00055108,,,false,2026-06-17 19:13:00,DELETE,11655
TC-00055109,trabajador,Zona 18,true,,INSERT,21619
TC-00055112,trabajador,Zona 17,true,,UPDATE,3314
TC-00055115,trabajador,Zona 9,true,,INSERT,25042
TC-00055124,estudiante,San Miguel Petapa,true,,UPDATE,1132
TC-00055125,trabajador,Zona 10,true,,UPDATE,3327
TC-00055129,adulto_mayor,Zona 1,true,,INSERT,29032
TC-00055131,general,Zona 4,true,,UPDATE,21264
TC-00055141,trabajador,Zona 1,true,,INSERT,15211
TC-00055142,,,false,2026-06-03 15:49:00,DELETE,2006
TC-00055144,estudiante,Zona 6,true,,UPDATE,7321
TC-00055145,,,false,2026-06-28 07:15:00,DELETE,19257
TC-00055146,,,false,2026-06-18 17:31:00,DELETE,12389
TC-00055147,adulto_mayor,Zona 12,true,,UPDATE,21713
TC-00055151,trabajador,Zona 10,true,,INSERT,6948
TC-00055153,trabajador,Zona 8,true,,INSERT,24175
TC-00055156,adulto_mayor,Zona 18,true,,UPDATE,23366
TC-00055157,estudiante,Zona 1,true,,UPDATE,6072
TC-00055165,trabajador,Zona 10,true,,INSERT,20105
TC-00055168,trabajador,Zona 1,true,,UPDATE,18196
TC-00055171,trabajador,Zona 9,true,,INSERT,20739
TC-00055174,general,Villa Nueva,true,,UPDATE,1246
TC-00055178,trabajador,Zona 7,true,,INSERT,18811
TC-00055179,general,San Miguel Petapa,true,,UPDATE,17790
TC-00055181,,,false,2026-07-02 11:51:00,DELETE,22063
TC-00055182,,,false,2026-07-14 04:29:00,DELETE,30306
TC-00055183,trabajador,Villa Nueva,true,,INSERT,21424
TC-00055193,estudiante,Zona 6,true,,INSERT,13192
TC-00055199,trabajador,Zona 13,true,,INSERT,24854
TC-00055200,estudiante,Villa Nueva,true,,UPDATE,8664
TC-00055204,trabajador,Mixco,true,,UPDATE,6464
TC-00055206,general,Zona 4,true,,UPDATE,12831
TC-00055210,adulto_mayor,Zona 6,true,,UPDATE,1963
TC-00055217,,,false,2026-07-09 15:42:00,DELETE,26865
TC-00055218,,,false,2026-07-13 10:43:00,DELETE,29658
TC-00055227,estudiante,Zona 1,true,,UPDATE,25319
TC-00055231,estudiante,Zona 9,true,,INSERT,7055
TC-00055238,general,Zona 1,true,,UPDATE,2434
TC-00055249,trabajador,Mixco,true,,INSERT,30414
TC-00055253,estudiante,Zona 12,true,,INSERT,15226
TC-00055255,trabajador,Mixco,true,,UPDATE,8611
TC-00055257,estudiante,Zona 4,true,,UPDATE,29340
TC-00055259,general,Villa Nueva,true,,INSERT,30582
TC-00055261,general,Santa Catarina Pinula,true,,UPDATE,14801
TC-00055268,trabajador,San Miguel Petapa,true,,INSERT,13952
TC-00055271,trabajador,Zona 7,true,,UPDATE,19072
TC-00055272,estudiante,Zona 9,true,,UPDATE,24610
TC-00055275,,,false,2026-06-20 11:54:00,DELETE,13737
TC-00055282,trabajador,Zona 10,true,,UPDATE,10881
TC-00055286,trabajador,Zona 4,true,,INSERT,23531
TC-00055289,general,Zona 12,true,,INSERT,22277
TC-00055292,adulto_mayor,Zona 4,true,,UPDATE,5298
TC-00055296,trabajador,San Miguel Petapa,false,2026-06-20 05:10:00,DELETE,13769
TC-00055302,estudiante,Zona 17,true,,UPDATE,12757
TC-00055306,,,false,2026-06-14 16:53:00,DELETE,9652
TC-00055307,trabajador,Zona 8,true,,INSERT,2101
TC-00055309,adulto_mayor,Zona 7,true,,UPDATE,23146
TC-00055311,trabajador,Zona 12,true,,UPDATE,4562
TC-00055315,adulto_mayor,Zona 11,true,,UPDATE,588
TC-00055326,trabajador,Mixco,true,,INSERT,27094
TC-00055327,estudiante,Zona 17,true,,INSERT,11076
TC-00055332,estudiante,Zona 1,true,,UPDATE,19035
TC-00055339,adulto_mayor,Zona 17,true,,UPDATE,25916
TC-00055346,estudiante,Zona 10,true,,UPDATE,16867
TC-00055348,,,false,2026-07-07 18:18:00,DELETE,25459
TC-00055356,estudiante,Mixco,true,,UPDATE,30880
TC-00055360,estudiante,Zona 8,true,,UPDATE,2457
TC-00055361,adulto_mayor,Mixco,true,,UPDATE,22674
TC-00055364,estudiante,San Miguel Petapa,true,,UPDATE,30781
TC-00055367,estudiante,Santa Catarina Pinula,true,,UPDATE,12890
TC-00055370,trabajador,San Miguel Petapa,true,,INSERT,21519
TC-00055376,general,Zona 17,true,,UPDATE,26528
TC-00055383,,,false,2026-06-03 15:46:00,DELETE,1996
TC-00055390,trabajador,Zona 4,true,,UPDATE,3171
TC-00055398,,,false,2026-06-21 06:57:00,DELETE,14433
TC-00055413,,,false,2026-06-22 16:10:00,DELETE,15125
TC-00055418,general,San Miguel Petapa,true,,UPDATE,10843
TC-00055421,trabajador,Santa Catarina Pinula,true,,INSERT,26439
TC-00055424,trabajador,Mixco,true,,UPDATE,7187
TC-00055427,estudiante,Zona 18,true,,UPDATE,1290
TC-00055429,general,San Miguel Petapa,true,,UPDATE,30856
TC-00055430,trabajador,Zona 9,true,,UPDATE,30772
TC-00055440,trabajador,Zona 17,true,,UPDATE,30064
TC-00055444,,,false,2026-06-27 04:48:00,DELETE,18547
TC-00055446,estudiante,Mixco,true,,UPDATE,12756
TC-00055449,general,Zona 17,true,,UPDATE,18333
TC-00055451,adulto_mayor,Zona 4,true,,INSERT,30377
TC-00055453,,,false,2026-07-11 22:22:00,DELETE,28227
TC-00055456,adulto_mayor,Santa Catarina Pinula,true,,UPDATE,12256
TC-00055459,trabajador,Zona 7,true,,INSERT,27650
TC-00055461,estudiante,Zona 17,true,,UPDATE,22356
TC-00055462,general,Mixco,true,,UPDATE,13701
TC-00055464,estudiante,Zona 13,true,,INSERT,10577
TC-00055465,general,San Miguel Petapa,true,,UPDATE,30255
TC-00055466,adulto_mayor,Zona 7,true,,INSERT,21391
TC-00055467,trabajador,Zona 8,true,,INSERT,18850
TC-00055478,general,San Miguel Petapa,true,,UPDATE,10089
TC-00055479,trabajador,Zona 12,true,,INSERT,11218
TC-00055482,,,false,2026-06-04 15:39:00,DELETE,2690
TC-00055488,estudiante,Zona 6,true,,UPDATE,10691
TC-00055490,estudiante,Zona 13,true,,UPDATE,450
TC-00055492,,,false,2026-06-04 00:52:00,DELETE,2679
TC-00055494,trabajador,Zona 1,true,,INSERT,27638
TC-00055496,general,Zona 8,true,,UPDATE,21651
TC-00055501,estudiante,Zona 9,true,,INSERT,14523
TC-00055503,estudiante,Santa Catarina Pinula,true,,UPDATE,3065
TC-00055512,estudiante,Zona 9,true,,INSERT,23686
TC-00055514,general,Zona 11,true,,UPDATE,12319
TC-00055520,trabajador,Zona 11,true,,UPDATE,7207
TC-00055522,,,false,2026-06-08 16:09:00,DELETE,5493
TC-00055527,trabajador,Santa Catarina Pinula,true,,UPDATE,21019
TC-00055528,general,Zona 9,true,,UPDATE,25147
TC-00055530,trabajador,San Miguel Petapa,true,,INSERT,28523
TC-00055534,estudiante,Zona 6,true,,UPDATE,28148
TC-00055539,adulto_mayor,Zona 1,true,,UPDATE,23147
TC-00055540,estudiante,Zona 7,true,,INSERT,7688
TC-00055541,trabajador,San Miguel Petapa,true,,INSERT,15304
TC-00055546,general,Zona 10,true,,UPDATE,27356
TC-00055555,general,Zona 11,true,,UPDATE,19719
TC-00055556,general,Zona 17,true,,UPDATE,20963
TC-00055561,,,false,2026-06-20 03:42:00,DELETE,13720
TC-00055568,estudiante,Zona 18,true,,UPDATE,21096
TC-00055570,,,false,2026-07-12 16:46:00,DELETE,28921
TC-00055572,general,Zona 7,true,,UPDATE,23012
TC-00055576,adulto_mayor,Zona 18,true,,INSERT,24309
TC-00055584,,,false,2026-06-27 16:12:00,DELETE,18580
TC-00055585,,,false,2026-07-04 19:23:00,DELETE,23390
TC-00055588,general,Zona 17,true,,INSERT,16030
TC-00055593,general,Zona 18,true,,UPDATE,25947
TC-00055597,trabajador,Zona 1,true,,INSERT,23549
TC-00055613,trabajador,Zona 18,true,,INSERT,19412
TC-00055616,general,Zona 4,true,,UPDATE,25785
TC-00055619,trabajador,Zona 17,true,,UPDATE,10763
TC-00055622,estudiante,Zona 4,true,,UPDATE,19033
TC-00055626,estudiante,Zona 9,true,,INSERT,5040
TC-00055631,general,Zona 4,true,,UPDATE,15010
TC-00055632,trabajador,Zona 6,true,,INSERT,11737
TC-00055636,trabajador,Mixco,true,,INSERT,18798
TC-00055652,adulto_mayor,Zona 13,true,,UPDATE,1945
TC-00055654,trabajador,Mixco,true,,UPDATE,3892
TC-00055655,trabajador,Zona 7,true,,INSERT,24328
TC-00055659,trabajador,Zona 9,true,,UPDATE,1937
TC-00055660,general,Santa Catarina Pinula,true,,UPDATE,2666
TC-00055662,trabajador,Zona 1,true,,INSERT,23670
TC-00055666,general,Zona 12,true,,UPDATE,27263
TC-00055667,estudiante,Zona 9,true,,INSERT,17962
TC-00055672,general,Villa Nueva,true,,UPDATE,10256
TC-00055673,trabajador,Zona 12,true,,UPDATE,19909
TC-00055678,trabajador,Zona 12,true,,INSERT,16732
TC-00055689,trabajador,Mixco,true,,INSERT,18697
TC-00055693,general,Zona 10,true,,UPDATE,5315
TC-00055694,trabajador,Zona 9,true,,INSERT,16602
TC-00055697,,,false,2026-06-02 18:48:00,DELETE,1309
TC-00055699,trabajador,Zona 4,true,,INSERT,17357
TC-00055700,estudiante,Zona 11,true,,UPDATE,24045
TC-00055711,estudiante,Zona 9,true,,UPDATE,27496
TC-00055714,trabajador,Zona 7,false,2026-06-27 11:27:00,DELETE,18610
TC-00055715,adulto_mayor,Zona 18,true,,INSERT,25717
TC-00055718,general,Zona 9,true,,INSERT,14608
TC-00055720,estudiante,Zona 18,true,,UPDATE,27940
TC-00055723,general,San Miguel Petapa,true,,INSERT,9055
TC-00055727,estudiante,Zona 17,true,,UPDATE,30133
TC-00055728,general,Zona 6,false,2026-06-29 15:13:00,DELETE,19951
TC-00055730,estudiante,Zona 9,true,,UPDATE,23941
TC-00055732,adulto_mayor,Zona 12,true,,UPDATE,24726
TC-00055738,estudiante,Villa Nueva,true,,INSERT,17452
TC-00055740,,,false,2026-06-12 23:01:00,DELETE,8193
TC-00055745,estudiante,Zona 11,true,,INSERT,25697
TC-00055753,trabajador,Zona 13,true,,INSERT,17437
TC-00055754,general,Zona 10,true,,INSERT,6920
TC-00055761,trabajador,San Miguel Petapa,true,,INSERT,27662
TC-00055762,general,Zona 17,true,,UPDATE,14239
TC-00055763,estudiante,Mixco,true,,UPDATE,6077
TC-00055769,trabajador,Zona 18,true,,INSERT,26449
TC-00055773,general,Zona 7,true,,UPDATE,27383
TC-00055785,general,Zona 8,true,,UPDATE,9248
TC-00055786,estudiante,Zona 11,true,,UPDATE,10131
TC-00055793,estudiante,Zona 12,true,,UPDATE,22359
TC-00055799,trabajador,Santa Catarina Pinula,true,,INSERT,29213
TC-00055801,adulto_mayor,Zona 4,true,,UPDATE,4040
TC-00055802,trabajador,Zona 17,true,,INSERT,11734
TC-00055805,general,Zona 17,true,,UPDATE,23052
TC-00055816,trabajador,Zona 1,true,,INSERT,2197
TC-00055824,,,false,2026-07-07 06:08:00,DELETE,25525
TC-00055826,estudiante,Zona 9,true,,UPDATE,11429
TC-00055827,estudiante,Zona 9,true,,UPDATE,1968
TC-00055828,general,Zona 9,true,,INSERT,12483
TC-00055838,,,false,2026-06-10 07:37:00,DELETE,6832
TC-00055839,estudiante,Villa Nueva,true,,INSERT,16012
TC-00055843,trabajador,Zona 17,true,,UPDATE,19778
TC-00055853,estudiante,San Miguel Petapa,true,,UPDATE,10677
TC-00055855,trabajador,Zona 6,true,,INSERT,6237
TC-00055859,trabajador,Zona 17,true,,INSERT,14553
TC-00055860,estudiante,Zona 8,true,,INSERT,27131
TC-00055862,trabajador,Zona 1,true,,INSERT,3687
TC-00055872,trabajador,Zona 1,true,,UPDATE,7429
TC-00055874,trabajador,Zona 12,true,,UPDATE,3331
TC-00055875,trabajador,Zona 18,true,,INSERT,16014
TC-00055895,,,false,2026-06-26 04:14:00,DELETE,17898
TC-00055897,estudiante,Mixco,true,,UPDATE,8553
TC-00055908,,,false,2026-06-04 09:34:00,DELETE,2697
TC-00055910,estudiante,Zona 4,true,,UPDATE,26813
TC-00055911,trabajador,Zona 8,true,,INSERT,25040
TC-00055923,estudiante,Villa Nueva,true,,INSERT,9143
TC-00055924,trabajador,Zona 12,true,,INSERT,14706
TC-00055927,estudiante,Villa Nueva,true,,UPDATE,19718
TC-00055931,estudiante,Zona 17,true,,INSERT,23662
TC-00055932,estudiante,Zona 11,true,,UPDATE,23222
TC-00055934,trabajador,Santa Catarina Pinula,true,,UPDATE,28101
TC-00055937,trabajador,Zona 11,true,,INSERT,27667
TC-00055943,trabajador,Zona 9,true,,INSERT,9808
TC-00055944,trabajador,Zona 17,true,,INSERT,17327
TC-00055946,estudiante,Zona 1,true,,INSERT,2153
TC-00055948,adulto_mayor,Zona 11,true,,UPDATE,21171
TC-00055949,adulto_mayor,Villa Nueva,true,,INSERT,23586
TC-00055955,general,Zona 7,true,,INSERT,21592
TC-00055957,general,Zona 10,true,,UPDATE,18449
TC-00055958,general,Zona 17,true,,UPDATE,28657
TC-00055961,trabajador,Zona 9,true,,UPDATE,27167
TC-00055965,,,false,2026-06-12 04:05:00,DELETE,8196
TC-00055969,general,Zona 4,true,,INSERT,22287
TC-00055975,general,Zona 17,true,,UPDATE,3001
TC-00055976,trabajador,Zona 12,true,,INSERT,9086
TC-00055980,,,false,2026-06-08 20:37:00,DELETE,5512
TC-00055983,estudiante,Zona 4,true,,UPDATE,28025
TC-00055984,estudiante,Zona 13,true,,UPDATE,20256
TC-00055992,trabajador,Zona 7,true,,INSERT,10479
TC-00055994,estudiante,Villa Nueva,true,,UPDATE,30954
TC-00055995,trabajador,Villa Nueva,true,,INSERT,1396
TC-00056001,general,Mixco,true,,INSERT,22293
TC-00056003,estudiante,Zona 9,true,,UPDATE,29579
TC-00056011,adulto_mayor,Zona 6,true,,UPDATE,8086
TC-00056021,adulto_mayor,Zona 10,true,,UPDATE,28540
TC-00056029,trabajador,Zona 4,true,,INSERT,7001
TC-00056041,trabajador,Zona 18,true,,INSERT,8335
TC-00056044,trabajador,Zona 12,true,,INSERT,17350
TC-00056048,trabajador,Santa Catarina Pinula,true,,UPDATE,9500
TC-00056050,general,San Miguel Petapa,true,,INSERT,21574
TC-00056052,trabajador,San Miguel Petapa,true,,INSERT,24191
TC-00056053,adulto_mayor,Villa Nueva,true,,UPDATE,16381
TC-00056057,trabajador,Zona 18,true,,INSERT,27062
TC-00056059,adulto_mayor,Zona 4,true,,UPDATE,255
TC-00056069,general,Zona 7,true,,INSERT,4240
TC-00056071,adulto_mayor,Villa Nueva,true,,UPDATE,11563
TC-00056080,,,false,2026-06-22 22:48:00,DELETE,15092
TC-00056083,general,Zona 1,true,,INSERT,15301
TC-00056087,estudiante,Zona 8,true,,UPDATE,12663
TC-00056098,trabajador,Zona 18,true,,UPDATE,1690
TC-00056106,trabajador,Zona 11,true,,INSERT,1541
TC-00056111,adulto_mayor,Zona 6,true,,UPDATE,25375
TC-00056114,general,Zona 6,true,,UPDATE,21637
TC-00056117,estudiante,Zona 11,true,,UPDATE,22601
TC-00056118,trabajador,Villa Nueva,true,,INSERT,16670
TC-00056120,general,Zona 18,true,,UPDATE,10090
TC-00056126,estudiante,Zona 1,true,,UPDATE,6012
TC-00056127,trabajador,Zona 8,true,,INSERT,5605
TC-00056133,estudiante,Mixco,true,,INSERT,5027
TC-00056135,adulto_mayor,Zona 11,true,,UPDATE,5253
TC-00056141,trabajador,Zona 8,true,,UPDATE,3211
TC-00056144,general,Zona 13,true,,UPDATE,29349
TC-00056145,general,Zona 11,true,,INSERT,16772
TC-00056147,trabajador,Zona 7,true,,INSERT,29123
TC-00056148,adulto_mayor,Zona 6,true,,INSERT,15244
TC-00056153,adulto_mayor,Villa Nueva,true,,UPDATE,18472
TC-00056169,estudiante,Zona 11,true,,UPDATE,12705
TC-00056170,adulto_mayor,Zona 13,true,,UPDATE,3870
TC-00056171,general,Zona 9,true,,UPDATE,10063
TC-00056172,trabajador,Zona 1,true,,INSERT,20867
TC-00056173,estudiante,Zona 12,true,,UPDATE,5122
TC-00056174,trabajador,Zona 1,true,,INSERT,3619
TC-00056180,general,Zona 10,true,,UPDATE,24431
TC-00056182,general,Zona 18,true,,INSERT,4992
TC-00056183,estudiante,Zona 6,true,,INSERT,25762
TC-00056187,trabajador,Zona 18,true,,UPDATE,26561
TC-00056191,trabajador,Zona 4,true,,UPDATE,29575
TC-00056192,adulto_mayor,Mixco,true,,UPDATE,26104
TC-00056193,,,false,2026-06-19 16:18:00,DELETE,13103
TC-00056194,general,Zona 9,true,,UPDATE,13603
TC-00056196,adulto_mayor,Zona 9,true,,UPDATE,15483
TC-00056200,,,false,2026-07-11 00:58:00,DELETE,28220
TC-00056204,trabajador,Zona 4,true,,INSERT,23581
TC-00056205,estudiante,Zona 1,true,,UPDATE,7884
TC-00056208,adulto_mayor,Mixco,true,,UPDATE,7453
TC-00056209,adulto_mayor,Santa Catarina Pinula,true,,UPDATE,27394
TC-00056215,general,Zona 12,true,,INSERT,20016
TC-00056219,trabajador,Zona 10,true,,INSERT,23593
TC-00056226,estudiante,Zona 7,true,,UPDATE,3895
TC-00056227,general,Zona 17,true,,UPDATE,18933
TC-00056230,estudiante,Zona 7,true,,UPDATE,28594
TC-00056240,estudiante,Zona 12,true,,UPDATE,8875
TC-00056242,trabajador,Zona 8,true,,UPDATE,9386
TC-00056252,trabajador,Zona 17,true,,INSERT,2113
TC-00056258,trabajador,Zona 9,false,2026-07-05 02:33:00,DELETE,24092
TC-00056259,trabajador,San Miguel Petapa,true,,INSERT,29043
TC-00056261,general,Zona 13,true,,UPDATE,545
TC-00056270,trabajador,Zona 4,true,,UPDATE,27205
TC-00056276,trabajador,Santa Catarina Pinula,true,,INSERT,14495
TC-00056286,general,Zona 12,true,,UPDATE,30699
TC-00056287,trabajador,Zona 9,true,,INSERT,16579
TC-00056288,trabajador,Zona 9,true,,UPDATE,3850
TC-00056289,estudiante,Zona 6,false,2026-07-11 23:03:00,DELETE,28285
TC-00056296,general,Zona 17,true,,INSERT,26234
TC-00056298,estudiante,Zona 9,true,,UPDATE,8526
TC-00056301,general,Zona 4,true,,UPDATE,13416
TC-00056304,estudiante,Santa Catarina Pinula,true,,UPDATE,30753
TC-00056308,trabajador,Zona 7,true,,UPDATE,12785
TC-00056310,adulto_mayor,Mixco,true,,INSERT,18779
TC-00056311,estudiante,Zona 8,true,,UPDATE,19579
TC-00056315,trabajador,Zona 17,true,,INSERT,11756
TC-00056318,adulto_mayor,Zona 17,true,,UPDATE,247
TC-00056326,trabajador,Zona 17,true,,UPDATE,29424
TC-00056329,,,false,2026-06-10 22:17:00,DELETE,6840
TC-00056330,,,false,2026-06-30 14:24:00,DELETE,20631
TC-00056345,general,Zona 8,true,,UPDATE,22672
TC-00056350,trabajador,San Miguel Petapa,true,,INSERT,17396
TC-00056351,adulto_mayor,Zona 12,true,,INSERT,26384
TC-00056353,estudiante,Zona 9,true,,INSERT,25034
TC-00056357,trabajador,San Miguel Petapa,true,,UPDATE,24711
TC-00056361,estudiante,Zona 6,true,,INSERT,25647
TC-00056364,adulto_mayor,Zona 9,true,,UPDATE,20991
TC-00056368,adulto_mayor,Zona 9,true,,UPDATE,26612
TC-00056369,estudiante,Zona 4,true,,UPDATE,6483
TC-00056370,estudiante,Zona 9,true,,INSERT,20224
TC-00056372,trabajador,Villa Nueva,true,,INSERT,16003
TC-00056373,trabajador,Zona 10,true,,UPDATE,30609
TC-00056376,estudiante,Villa Nueva,true,,UPDATE,1924
TC-00056377,trabajador,Zona 12,true,,UPDATE,21265
TC-00056378,adulto_mayor,Zona 9,true,,UPDATE,17685
TC-00056380,estudiante,Zona 10,true,,UPDATE,15661
TC-00056382,estudiante,Villa Nueva,true,,UPDATE,23234
TC-00056389,estudiante,Zona 1,true,,UPDATE,28602
TC-00056391,,,false,2026-06-08 20:48:00,DELETE,5462
TC-00056393,trabajador,Zona 9,true,,UPDATE,461
TC-00056395,trabajador,Mixco,true,,INSERT,12651
TC-00056396,estudiante,Mixco,true,,INSERT,21395
TC-00056399,trabajador,Zona 7,true,,UPDATE,1709
TC-00056404,trabajador,Zona 7,true,,INSERT,18059
TC-00056405,adulto_mayor,Mixco,false,2026-07-13 04:46:00,DELETE,29607
TC-00056407,general,Zona 9,true,,UPDATE,13611
TC-00056418,general,Zona 11,true,,UPDATE,30729
TC-00056419,adulto_mayor,Zona 4,true,,INSERT,28469
TC-00056430,trabajador,Zona 13,true,,UPDATE,22429
TC-00056431,general,Zona 18,true,,INSERT,19475
TC-00056433,general,Zona 11,true,,UPDATE,1812
TC-00056438,general,Zona 8,true,,UPDATE,25391
TC-00056441,trabajador,Zona 11,true,,UPDATE,24552
TC-00056444,adulto_mayor,Zona 7,true,,INSERT,7611
TC-00056446,adulto_mayor,Zona 1,true,,UPDATE,28728
TC-00056451,,,false,2026-06-18 08:53:00,DELETE,12369
TC-00056454,general,Zona 1,true,,INSERT,10477
TC-00056455,adulto_mayor,Zona 8,true,,INSERT,27045
TC-00056459,general,San Miguel Petapa,true,,UPDATE,17641
TC-00056461,adulto_mayor,Zona 7,true,,UPDATE,26067
TC-00056465,estudiante,San Miguel Petapa,true,,UPDATE,20399
TC-00056467,,,false,2026-06-27 20:13:00,DELETE,18559
TC-00056482,adulto_mayor,San Miguel Petapa,true,,UPDATE,1881
TC-00056486,trabajador,Santa Catarina Pinula,true,,INSERT,22881
TC-00056496,estudiante,Zona 17,true,,UPDATE,942
TC-00056497,estudiante,Zona 13,true,,UPDATE,18359
TC-00056500,adulto_mayor,Zona 6,true,,UPDATE,21221
TC-00056512,trabajador,Zona 17,true,,INSERT,8517
TC-00056515,,,false,2026-07-15 03:24:00,DELETE,31000
TC-00056516,estudiante,Zona 13,true,,UPDATE,937
TC-00056521,estudiante,Villa Nueva,true,,INSERT,29029
TC-00056523,,,false,2026-06-29 10:39:00,DELETE,19988
TC-00056524,trabajador,Zona 11,true,,INSERT,157
TC-00056525,,,false,2026-07-06 20:04:00,DELETE,24816
TC-00056537,trabajador,Zona 9,true,,UPDATE,20512
TC-00056546,trabajador,Villa Nueva,true,,INSERT,26376
TC-00056548,trabajador,Zona 9,true,,UPDATE,25970
TC-00056549,trabajador,Mixco,true,,UPDATE,23837
TC-00056551,general,Zona 6,true,,UPDATE,25839
TC-00056552,estudiante,Zona 11,true,,UPDATE,28161
TC-00056556,general,Zona 11,true,,INSERT,8308
TC-00056557,general,San Miguel Petapa,false,2026-06-30 12:01:00,DELETE,20630
TC-00056558,trabajador,Santa Catarina Pinula,true,,INSERT,16744
TC-00056565,adulto_mayor,Santa Catarina Pinula,true,,UPDATE,17821
TC-00056576,estudiante,Zona 13,true,,INSERT,730
TC-00056581,trabajador,Zona 4,true,,INSERT,3473
TC-00056586,general,Zona 10,true,,INSERT,28403
TC-00056587,estudiante,Zona 17,true,,UPDATE,9275
TC-00056589,,,false,2026-06-06 08:06:00,DELETE,4053
TC-00056590,adulto_mayor,Zona 9,true,,UPDATE,22678
TC-00056593,trabajador,Zona 12,true,,UPDATE,6570
TC-00056597,,,false,2026-06-30 23:54:00,DELETE,20624
TC-00056601,adulto_mayor,Zona 7,true,,UPDATE,5970
TC-00056606,adulto_mayor,Zona 11,true,,UPDATE,25425
TC-00056609,,,false,2026-06-16 07:34:00,DELETE,11037
TC-00056610,trabajador,Zona 9,true,,INSERT,26398
TC-00056612,,,false,2026-06-13 21:48:00,DELETE,8892
TC-00056616,general,Zona 6,true,,INSERT,12547
TC-00056617,trabajador,Zona 1,true,,UPDATE,7455
TC-00056622,general,Zona 6,true,,UPDATE,6636
TC-00056626,estudiante,Zona 9,true,,UPDATE,8048
TC-00056630,trabajador,Santa Catarina Pinula,true,,INSERT,25063
TC-00056631,,,false,2026-07-11 23:05:00,DELETE,28232
TC-00056641,trabajador,Zona 18,true,,INSERT,23646
TC-00056655,trabajador,Villa Nueva,true,,INSERT,15327
TC-00056656,trabajador,Zona 1,true,,UPDATE,10928
TC-00056659,trabajador,Zona 17,true,,UPDATE,22627
TC-00056662,,,false,2026-06-27 13:10:00,DELETE,18564
TC-00056666,trabajador,Zona 11,true,,UPDATE,12190
TC-00056668,adulto_mayor,Zona 13,true,,UPDATE,9957
TC-00056673,general,Zona 13,true,,INSERT,13261
TC-00056675,adulto_mayor,Villa Nueva,true,,UPDATE,9442
TC-00056678,estudiante,Zona 17,true,,INSERT,25639
TC-00056680,trabajador,Zona 13,true,,INSERT,9110
TC-00056681,estudiante,Zona 6,true,,INSERT,16002
TC-00056687,general,Zona 6,true,,INSERT,28500
TC-00056688,trabajador,Zona 11,true,,INSERT,11166
TC-00056691,,,false,2026-07-14 22:51:00,DELETE,30273
TC-00056694,adulto_mayor,Zona 18,true,,UPDATE,29267
TC-00056699,estudiante,Mixco,true,,INSERT,9166
TC-00056701,,,false,2026-06-13 03:33:00,DELETE,8957
TC-00056708,,,false,2026-06-09 20:54:00,DELETE,6204
TC-00056710,estudiante,Zona 1,true,,UPDATE,21744
TC-00056714,adulto_mayor,Zona 7,true,,UPDATE,15532
TC-00056717,,,false,2026-07-11 00:04:00,DELETE,28237
TC-00056719,estudiante,Zona 10,false,2026-06-27 20:45:00,DELETE,18574
TC-00056726,adulto_mayor,Zona 4,true,,UPDATE,25416
TC-00056727,general,Zona 12,true,,UPDATE,6675
TC-00056736,estudiante,Zona 4,true,,UPDATE,19700
TC-00056741,estudiante,Zona 17,true,,UPDATE,23991
TC-00056745,adulto_mayor,Zona 7,true,,UPDATE,16383
TC-00056746,estudiante,Zona 10,true,,INSERT,26448
TC-00056747,adulto_mayor,Santa Catarina Pinula,true,,UPDATE,23820
TC-00056755,trabajador,Zona 11,false,2026-07-08 14:53:00,DELETE,26204
TC-00056758,adulto_mayor,San Miguel Petapa,true,,UPDATE,5882
TC-00056759,,,false,2026-06-30 14:19:00,DELETE,20614
TC-00056761,trabajador,Zona 9,true,,INSERT,22221
TC-00056763,general,Zona 4,true,,UPDATE,28031
TC-00056764,adulto_mayor,Santa Catarina Pinula,true,,UPDATE,10735
TC-00056765,,,false,2026-06-05 07:25:00,DELETE,3377
TC-00056766,estudiante,Zona 1,true,,UPDATE,26638
TC-00056771,,,false,2026-07-03 07:03:00,DELETE,22749
TC-00056779,trabajador,Villa Nueva,true,,INSERT,11197
TC-00056780,,,false,2026-06-04 08:27:00,DELETE,2695
TC-00056782,,,false,2026-06-17 06:30:00,DELETE,11708
TC-00056790,trabajador,Zona 9,true,,UPDATE,4618
TC-00056791,trabajador,Zona 17,true,,UPDATE,3316
TC-00056793,trabajador,Zona 13,true,,UPDATE,28679
TC-00056796,,,false,2026-06-26 00:55:00,DELETE,17860
TC-00056805,estudiante,San Miguel Petapa,true,,UPDATE,23263
TC-00056811,estudiante,Zona 10,true,,INSERT,18773
TC-00056815,adulto_mayor,Zona 17,true,,UPDATE,19154
TC-00056827,,,false,2026-06-21 08:14:00,DELETE,14436
TC-00056828,estudiante,Zona 1,true,,UPDATE,6107
TC-00056832,trabajador,Zona 6,true,,INSERT,9675
TC-00056837,adulto_mayor,Zona 18,true,,UPDATE,8760
TC-00056838,,,false,2026-07-15 06:35:00,DELETE,30978
TC-00056839,estudiante,Villa Nueva,true,,UPDATE,18409
TC-00056844,adulto_mayor,Zona 1,true,,UPDATE,26656
TC-00056850,trabajador,Zona 8,true,,INSERT,18768
TC-00056852,trabajador,Zona 10,true,,UPDATE,18268
TC-00056854,adulto_mayor,Zona 12,true,,UPDATE,7302
TC-00056857,adulto_mayor,Villa Nueva,true,,UPDATE,21870
TC-00056865,estudiante,Zona 13,true,,UPDATE,24445
TC-00056867,adulto_mayor,Zona 7,true,,INSERT,23515
TC-00056869,trabajador,Zona 4,true,,INSERT,9702
TC-00056871,general,Villa Nueva,true,,UPDATE,22456
TC-00056875,general,Zona 17,true,,UPDATE,17570
TC-00056877,estudiante,Zona 8,true,,INSERT,9776
TC-00056879,trabajador,Zona 7,true,,INSERT,15377
TC-00056880,estudiante,Zona 13,true,,UPDATE,29920
TC-00056885,trabajador,San Miguel Petapa,false,2026-06-13 06:51:00,DELETE,8925
TC-00056886,trabajador,Zona 10,true,,INSERT,12654
TC-00056887,trabajador,Zona 4,true,,INSERT,17989
TC-00056894,adulto_mayor,Zona 7,true,,UPDATE,19797
TC-00056896,estudiante,Zona 10,true,,UPDATE,25808
TC-00056898,general,Zona 12,true,,INSERT,18632
TC-00056900,estudiante,Zona 8,true,,UPDATE,7331
TC-00056901,adulto_mayor,Zona 8,true,,UPDATE,17624
TC-00056902,trabajador,Zona 9,true,,INSERT,9882
TC-00056903,adulto_mayor,Villa Nueva,true,,UPDATE,25897
TC-00056910,adulto_mayor,Villa Nueva,true,,UPDATE,14240
TC-00056911,trabajador,Zona 9,true,,UPDATE,23958
TC-00056918,estudiante,Zona 1,true,,INSERT,18765
TC-00056921,trabajador,Zona 12,true,,INSERT,15299
TC-00056922,adulto_mayor,Zona 9,true,,INSERT,30592
TC-00056925,trabajador,Zona 9,true,,INSERT,67
TC-00056926,estudiante,San Miguel Petapa,true,,UPDATE,17835
TC-00056928,general,Zona 13,false,2026-06-18 10:11:00,DELETE,12391
TC-00056929,,,false,2026-07-06 10:06:00,DELETE,24757
TC-00056933,trabajador,Santa Catarina Pinula,true,,INSERT,27829
TC-00056936,,,false,2026-06-15 22:05:00,DELETE,10312
TC-00056943,estudiante,Zona 8,true,,UPDATE,27331
TC-00056948,trabajador,Zona 7,true,,INSERT,29701
TC-00056950,,,false,2026-06-23 21:52:00,DELETE,15835
TC-00056954,trabajador,Zona 11,true,,INSERT,20725
TC-00056955,general,Zona 17,true,,UPDATE,19162
TC-00056958,trabajador,Zona 4,true,,UPDATE,3340
TC-00056959,estudiante,Zona 11,true,,UPDATE,18496
TC-00056967,estudiante,Zona 12,true,,UPDATE,1055
TC-00056968,general,Zona 18,true,,UPDATE,16299
TC-00056973,adulto_mayor,Zona 12,true,,INSERT,27093
TC-00056976,estudiante,Santa Catarina Pinula,true,,INSERT,25611
TC-00056979,general,Zona 11,true,,UPDATE,19791
TC-00056981,trabajador,Zona 7,true,,UPDATE,12317
TC-00056996,adulto_mayor,Santa Catarina Pinula,true,,UPDATE,6535
TC-00056997,adulto_mayor,Zona 6,true,,UPDATE,30913
TC-00057000,trabajador,Zona 8,true,,INSERT,12622
TC-00057004,trabajador,Zona 7,true,,INSERT,12556
TC-00057006,general,Zona 9,true,,INSERT,22156
TC-00057007,trabajador,Zona 9,true,,UPDATE,14759
TC-00057015,estudiante,Zona 7,true,,UPDATE,26795
TC-00057017,general,Zona 12,true,,UPDATE,12832
TC-00057024,general,Villa Nueva,true,,UPDATE,4624
TC-00057025,trabajador,Zona 1,true,,UPDATE,17798
TC-00057033,trabajador,Santa Catarina Pinula,true,,UPDATE,332
TC-00057035,estudiante,Zona 13,true,,UPDATE,11440
TC-00057038,estudiante,Zona 4,true,,UPDATE,28164
TC-00057044,trabajador,Villa Nueva,true,,UPDATE,25096
TC-00057051,trabajador,Santa Catarina Pinula,true,,INSERT,18821
TC-00057062,adulto_mayor,San Miguel Petapa,true,,UPDATE,26618
TC-00057063,trabajador,Zona 12,true,,UPDATE,26034
TC-00057065,estudiante,Mixco,true,,UPDATE,20501
TC-00057071,general,Villa Nueva,true,,UPDATE,25175
TC-00057075,general,Zona 6,true,,UPDATE,12233
TC-00057077,estudiante,Zona 8,true,,UPDATE,5254
TC-00057088,estudiante,Villa Nueva,true,,UPDATE,3321
TC-00057089,trabajador,Zona 7,true,,UPDATE,10934
TC-00057095,trabajador,Zona 7,true,,INSERT,30392
TC-00057098,trabajador,San Miguel Petapa,true,,INSERT,29823
TC-00057100,adulto_mayor,Zona 12,true,,UPDATE,22350
TC-00057102,estudiante,Zona 11,true,,UPDATE,23329
TC-00057103,general,Zona 7,true,,INSERT,27648
TC-00057107,trabajador,Zona 11,true,,INSERT,11110
TC-00057108,general,Zona 12,true,,INSERT,18077
TC-00057109,trabajador,Zona 12,true,,UPDATE,21100
TC-00057116,general,Zona 18,true,,UPDATE,11988
TC-00057119,trabajador,Zona 4,false,2026-07-04 04:19:00,DELETE,23372
TC-00057122,adulto_mayor,Zona 13,true,,UPDATE,8701
TC-00057125,estudiante,Zona 17,true,,UPDATE,1813
TC-00057130,estudiante,Zona 8,true,,UPDATE,29965
TC-00057134,,,false,2026-06-09 07:47:00,DELETE,6145
TC-00057135,trabajador,Zona 17,true,,INSERT,13258
TC-00057143,adulto_mayor,San Miguel Petapa,true,,UPDATE,24586
TC-00057147,adulto_mayor,Villa Nueva,true,,UPDATE,17025
TC-00057150,adulto_mayor,Zona 6,true,,INSERT,7600
TC-00057152,trabajador,San Miguel Petapa,true,,INSERT,7088
TC-00057157,,,false,2026-06-15 20:59:00,DELETE,10305
TC-00057158,adulto_mayor,Santa Catarina Pinula,true,,UPDATE,23211
TC-00057162,trabajador,Zona 7,true,,INSERT,27839
TC-00057164,trabajador,Zona 1,false,2026-07-14 05:33:00,DELETE,30324
TC-00057167,trabajador,Zona 10,true,,INSERT,19526
TC-00057170,trabajador,Mixco,true,,INSERT,20857
TC-00057179,general,Mixco,true,,UPDATE,17035
TC-00057182,general,Zona 7,true,,UPDATE,17604
TC-00057186,adulto_mayor,Zona 12,false,2026-06-29 05:36:00,DELETE,19999
TC-00057189,general,Zona 17,true,,UPDATE,26051
TC-00057190,trabajador,Villa Nueva,true,,UPDATE,8008
TC-00057191,trabajador,Zona 10,true,,UPDATE,27293
TC-00057199,trabajador,Zona 1,true,,UPDATE,302
TC-00057204,estudiante,Zona 6,true,,UPDATE,23899
TC-00057212,general,Mixco,true,,UPDATE,25972
TC-00057214,estudiante,Zona 4,true,,INSERT,20013
TC-00057216,trabajador,Zona 7,true,,UPDATE,12042
TC-00057222,trabajador,Zona 9,true,,UPDATE,5179
TC-00057228,adulto_mayor,Zona 4,true,,UPDATE,19011
TC-00057229,,,false,2026-07-05 08:16:00,DELETE,24066
TC-00057230,trabajador,Zona 12,true,,UPDATE,21099
TC-00057235,trabajador,Zona 10,true,,INSERT,23499
TC-00057236,general,Zona 17,true,,UPDATE,30875
TC-00057237,estudiante,Zona 7,true,,UPDATE,19768
TC-00057242,general,Zona 17,true,,UPDATE,2440
TC-00057244,trabajador,Villa Nueva,true,,INSERT,25700
TC-00057245,estudiante,Zona 6,true,,UPDATE,15083
TC-00057246,general,Zona 18,true,,UPDATE,14073
TC-00057248,trabajador,Zona 17,true,,INSERT,29162
TC-00057250,adulto_mayor,Zona 17,true,,UPDATE,10159
TC-00057252,trabajador,Zona 9,true,,INSERT,13849
TC-00057256,adulto_mayor,Zona 9,true,,UPDATE,4578
TC-00057259,estudiante,San Miguel Petapa,true,,INSERT,28294
TC-00057272,trabajador,San Miguel Petapa,true,,INSERT,13802
TC-00057277,estudiante,Zona 11,true,,UPDATE,958
TC-00057280,estudiante,Zona 1,true,,UPDATE,3008
TC-00057283,adulto_mayor,Zona 11,true,,UPDATE,20479
TC-00057285,general,Villa Nueva,true,,UPDATE,18909
TC-00057286,adulto_mayor,Zona 7,true,,UPDATE,23980
TC-00057288,general,Zona 18,true,,INSERT,4221
TC-00057290,adulto_mayor,Mixco,true,,INSERT,30440
TC-00057291,adulto_mayor,Zona 6,true,,UPDATE,27902
TC-00057295,trabajador,Zona 8,true,,INSERT,17324
TC-00057297,trabajador,Zona 10,true,,UPDATE,30833
TC-00057300,,,false,2026-06-04 07:13:00,DELETE,2675
TC-00057301,estudiante,Zona 18,true,,INSERT,875
TC-00057305,trabajador,Zona 7,true,,INSERT,27642
TC-00057307,,,false,2026-07-12 14:02:00,DELETE,28967
TC-00057311,estudiante,Zona 11,true,,INSERT,24876
TC-00057314,estudiante,Zona 13,true,,UPDATE,23866
TC-00057318,general,Zona 12,true,,UPDATE,3181
TC-00057321,general,Santa Catarina Pinula,false,2026-06-13 00:23:00,DELETE,8939
TC-00057322,general,Villa Nueva,true,,INSERT,14009
TC-00057324,,,false,2026-07-01 23:51:00,DELETE,21369
TC-00057331,trabajador,Zona 6,true,,INSERT,18818
TC-00057335,trabajador,Zona 18,true,,UPDATE,21197
TC-00057337,adulto_mayor,Mixco,true,,UPDATE,12265
TC-00057339,,,false,2026-07-01 09:16:00,DELETE,21364
TC-00057340,adulto_mayor,Villa Nueva,true,,UPDATE,20471
TC-00057346,trabajador,Zona 18,true,,INSERT,19421
TC-00057349,adulto_mayor,Santa Catarina Pinula,true,,UPDATE,29375
TC-00057352,trabajador,Zona 12,true,,INSERT,27704
TC-00057355,estudiante,Zona 12,true,,INSERT,30449
TC-00057361,adulto_mayor,Zona 18,true,,INSERT,26936
TC-00057364,adulto_mayor,Zona 18,true,,INSERT,6324
TC-00057367,,,false,2026-06-16 01:27:00,DELETE,11005
TC-00057376,trabajador,Zona 10,true,,UPDATE,9353
TC-00057378,estudiante,Zona 13,true,,UPDATE,1761
TC-00057385,estudiante,Zona 10,true,,UPDATE,10834
TC-00057388,general,Zona 8,true,,UPDATE,10828
TC-00057402,adulto_mayor,Zona 18,true,,UPDATE,12928
TC-00057405,estudiante,Santa Catarina Pinula,true,,UPDATE,11524
TC-00057407,,,false,2026-07-01 02:41:00,DELETE,21334
TC-00057408,trabajador,Zona 8,true,,UPDATE,13383
TC-00057409,adulto_mayor,Zona 11,true,,UPDATE,29456
TC-00057416,adulto_mayor,Mixco,true,,UPDATE,11432
TC-00057417,,,false,2026-06-30 11:14:00,DELETE,20664
TC-00057418,general,Zona 10,true,,INSERT,30599
TC-00057420,general,Zona 11,true,,UPDATE,16876
TC-00057425,estudiante,Zona 18,true,,UPDATE,20409
TC-00057428,estudiante,Zona 13,true,,UPDATE,20263
TC-00057429,trabajador,Zona 13,true,,UPDATE,30625
TC-00057430,general,Santa Catarina Pinula,false,2026-06-27 02:13:00,DELETE,18582
TC-00057434,trabajador,Villa Nueva,true,,INSERT,26922
TC-00057437,estudiante,Zona 8,true,,INSERT,21544
TC-00057443,trabajador,Villa Nueva,true,,INSERT,30422
TC-00057444,,,false,2026-07-02 23:32:00,DELETE,22070
TC-00057446,trabajador,Zona 9,true,,UPDATE,16406
TC-00057447,general,Villa Nueva,true,,UPDATE,9960
TC-00057449,trabajador,Zona 4,true,,INSERT,28433
TC-00057450,,,false,2026-06-05 05:49:00,DELETE,3393
TC-00057460,estudiante,Zona 11,true,,INSERT,13945
TC-00057464,trabajador,Santa Catarina Pinula,true,,UPDATE,20394
TC-00057467,trabajador,Zona 7,true,,UPDATE,7145
TC-00057476,trabajador,Zona 12,true,,INSERT,10450
TC-00057481,adulto_mayor,Zona 12,true,,UPDATE,29416
TC-00057486,trabajador,Zona 17,true,,UPDATE,27910
TC-00057488,adulto_mayor,Zona 12,true,,UPDATE,12690
TC-00057489,trabajador,Zona 9,true,,UPDATE,5764
TC-00057490,,,false,2026-07-04 05:46:00,DELETE,23422
TC-00057491,adulto_mayor,San Miguel Petapa,true,,UPDATE,5807
TC-00057493,trabajador,Zona 11,true,,INSERT,28316
TC-00057497,,,false,2026-06-27 11:56:00,DELETE,18551
TC-00057499,adulto_mayor,Zona 9,true,,UPDATE,26719
TC-00057505,estudiante,Zona 4,true,,INSERT,1489
TC-00057520,general,Zona 1,true,,UPDATE,22454
TC-00057521,general,Zona 9,true,,UPDATE,17576
TC-00057522,trabajador,Santa Catarina Pinula,true,,INSERT,23606
TC-00057523,general,Zona 11,true,,UPDATE,18968
TC-00057525,trabajador,Zona 18,true,,INSERT,13167
TC-00057535,general,Mixco,true,,UPDATE,18402
TC-00057538,estudiante,Zona 7,true,,UPDATE,28621
TC-00057540,adulto_mayor,Zona 12,true,,UPDATE,3333
TC-00057545,estudiante,Santa Catarina Pinula,true,,INSERT,22283
TC-00057546,,,false,2026-07-03 20:27:00,DELETE,22754
TC-00057550,adulto_mayor,Mixco,true,,UPDATE,1857
TC-00057553,trabajador,Mixco,true,,UPDATE,26582
TC-00057554,trabajador,Zona 9,true,,INSERT,4165
TC-00057556,trabajador,Zona 7,true,,INSERT,22948
TC-00057561,adulto_mayor,Zona 13,true,,INSERT,7066
TC-00057562,general,Zona 9,true,,UPDATE,25124
TC-00057564,trabajador,Zona 9,true,,UPDATE,21930
TC-00057566,estudiante,Zona 10,true,,UPDATE,29332
TC-00057569,trabajador,Mixco,true,,UPDATE,22526
TC-00057571,,,false,2026-06-18 07:35:00,DELETE,12417
TC-00057573,adulto_mayor,Zona 11,true,,INSERT,15336
TC-00057574,trabajador,Zona 18,true,,UPDATE,17737
TC-00057578,trabajador,Zona 8,true,,UPDATE,21774
TC-00057581,adulto_mayor,Zona 11,true,,INSERT,19422
TC-00057582,trabajador,Zona 8,true,,INSERT,20772
TC-00057583,,,false,2026-07-04 22:59:00,DELETE,23406
TC-00057584,trabajador,Zona 10,true,,UPDATE,4694
TC-00057586,estudiante,Zona 6,true,,INSERT,13975
TC-00057589,,,false,2026-06-22 04:33:00,DELETE,15121
TC-00057592,estudiante,San Miguel Petapa,true,,INSERT,5757
TC-00057596,adulto_mayor,Zona 11,true,,UPDATE,19802
TC-00057611,general,Villa Nueva,true,,UPDATE,5911
TC-00057613,estudiante,Zona 17,true,,UPDATE,9488
TC-00057614,general,Zona 10,true,,INSERT,2092
TC-00057615,estudiante,Zona 9,true,,UPDATE,5300
TC-00057616,general,Zona 7,true,,UPDATE,5402
TC-00057618,trabajador,Zona 9,true,,UPDATE,17580
TC-00057623,trabajador,Zona 9,true,,INSERT,9074
TC-00057638,estudiante,Santa Catarina Pinula,true,,UPDATE,1735
TC-00057645,general,Mixco,true,,INSERT,23539
TC-00057648,estudiante,Zona 7,true,,INSERT,24365
TC-00057660,adulto_mayor,San Miguel Petapa,true,,INSERT,2800
TC-00057661,,,false,2026-06-04 18:08:00,DELETE,2721
TC-00057663,trabajador,Zona 4,true,,INSERT,13953
TC-00057668,general,San Miguel Petapa,true,,UPDATE,20574
TC-00057672,,,false,2026-06-23 03:23:00,DELETE,15826
TC-00057675,trabajador,Zona 6,true,,UPDATE,11323
TC-00057678,trabajador,Zona 17,true,,UPDATE,28643
TC-00057681,adulto_mayor,Zona 6,false,2026-07-12 17:40:00,DELETE,28918
TC-00057686,trabajador,Zona 12,true,,INSERT,16584
TC-00057689,trabajador,Villa Nueva,true,,UPDATE,29503
TC-00057690,estudiante,Zona 6,true,,UPDATE,12949
TC-00057695,general,Zona 11,true,,INSERT,27736
TC-00057696,general,Santa Catarina Pinula,true,,UPDATE,26105
TC-00057698,general,Zona 8,true,,UPDATE,4049
TC-00057699,,,false,2026-07-13 12:51:00,DELETE,29625
TC-00057704,estudiante,Zona 9,true,,INSERT,9802
TC-00057710,trabajador,Zona 12,true,,INSERT,5042
TC-00057713,estudiante,Zona 12,true,,INSERT,14524
TC-00057715,trabajador,Zona 13,true,,INSERT,5668
TC-00057720,estudiante,Zona 6,false,2026-06-26 22:08:00,DELETE,17858
TC-00057722,estudiante,Zona 1,true,,UPDATE,12099
TC-00057725,adulto_mayor,Zona 18,true,,UPDATE,28004
TC-00057735,estudiante,Zona 18,true,,INSERT,9687
TC-00057737,trabajador,Zona 6,true,,UPDATE,25876
TC-00057743,adulto_mayor,Zona 6,true,,UPDATE,23077
TC-00057747,adulto_mayor,Zona 8,true,,UPDATE,18468
TC-00057755,estudiante,Zona 10,true,,UPDATE,9569
TC-00057758,adulto_mayor,Zona 10,true,,UPDATE,29427
TC-00057760,,,false,2026-06-17 19:22:00,DELETE,11657
TC-00057761,,,false,2026-06-06 23:09:00,DELETE,4135
TC-00057763,trabajador,Zona 1,true,,INSERT,7726
TC-00057766,estudiante,Zona 1,true,,UPDATE,9284
TC-00057769,general,Zona 18,true,,UPDATE,11284
TC-00057770,trabajador,Zona 12,true,,INSERT,4911
TC-00057774,adulto_mayor,Zona 1,true,,UPDATE,11516
TC-00057776,adulto_mayor,Zona 4,true,,INSERT,16079
TC-00057777,,,false,2026-06-30 05:31:00,DELETE,20627
TC-00057779,,,false,2026-06-10 23:52:00,DELETE,6838
TC-00057781,general,Zona 12,true,,UPDATE,4405
TC-00057782,adulto_mayor,Zona 1,true,,UPDATE,9439
TC-00057783,,,false,2026-06-18 21:32:00,DELETE,12348
TC-00057784,estudiante,Zona 8,true,,INSERT,22994
TC-00057785,trabajador,Zona 12,true,,INSERT,10402
TC-00057787,general,Zona 11,true,,INSERT,28350
TC-00057789,adulto_mayor,Zona 8,true,,UPDATE,30617
TC-00057791,adulto_mayor,Zona 11,true,,UPDATE,28759
TC-00057792,trabajador,Villa Nueva,true,,UPDATE,9465
TC-00057795,,,false,2026-07-10 22:54:00,DELETE,27598
TC-00057798,general,Zona 9,true,,INSERT,17283
TC-00057802,general,Zona 8,true,,UPDATE,24046
TC-00057803,trabajador,Zona 17,true,,UPDATE,13476
TC-00057804,trabajador,Zona 4,true,,INSERT,22831
TC-00057807,trabajador,Zona 10,false,2026-06-14 12:02:00,DELETE,9628
TC-00057810,estudiante,Zona 10,true,,UPDATE,17615
TC-00057819,trabajador,Zona 11,true,,UPDATE,1223
TC-00057826,trabajador,Zona 10,true,,UPDATE,12123
TC-00057828,adulto_mayor,Zona 11,true,,UPDATE,5092
TC-00057830,trabajador,Zona 12,false,2026-06-28 20:39:00,DELETE,19269
TC-00057833,,,false,2026-06-22 07:38:00,DELETE,15106
TC-00057835,trabajador,Santa Catarina Pinula,true,,INSERT,69
TC-00057840,trabajador,Zona 8,true,,UPDATE,27329
TC-00057841,general,Zona 18,true,,UPDATE,522
TC-00057854,trabajador,Zona 8,true,,INSERT,2933
TC-00057856,general,Zona 13,true,,UPDATE,26052
TC-00057861,general,Zona 10,true,,INSERT,15225
TC-00057863,general,Zona 4,true,,UPDATE,10119
TC-00057864,trabajador,Zona 10,true,,INSERT,24286
TC-00057865,estudiante,Villa Nueva,true,,INSERT,11161
TC-00057874,,,false,2026-06-25 01:05:00,DELETE,17176
TC-00057877,estudiante,Santa Catarina Pinula,true,,INSERT,30554
TC-00057880,estudiante,Mixco,true,,UPDATE,30205
TC-00057885,estudiante,Zona 12,true,,UPDATE,9994
TC-00057888,general,Zona 4,true,,UPDATE,14124
TC-00057900,,,false,2026-06-21 02:47:00,DELETE,14485
TC-00057903,trabajador,Zona 18,true,,UPDATE,16291
TC-00057904,,,false,2026-06-05 13:46:00,DELETE,3381
TC-00057905,,,false,2026-07-01 16:09:00,DELETE,21314
TC-00057907,estudiante,Zona 9,true,,INSERT,205
TC-00057909,estudiante,Zona 11,true,,UPDATE,2333
TC-00057910,trabajador,Zona 1,true,,UPDATE,5279
TC-00057912,trabajador,Zona 4,true,,UPDATE,28764
TC-00057913,trabajador,Mixco,true,,UPDATE,18190
TC-00057922,trabajador,Zona 18,true,,INSERT,20099
TC-00057923,general,Zona 9,true,,INSERT,2285
TC-00057924,trabajador,Zona 13,true,,UPDATE,7258
TC-00057926,trabajador,Zona 18,true,,INSERT,23653
TC-00057937,general,Zona 9,true,,INSERT,4379
TC-00057941,estudiante,Santa Catarina Pinula,true,,UPDATE,27506
TC-00057943,general,Zona 9,true,,UPDATE,26557
TC-00057944,general,Zona 18,true,,UPDATE,2456
TC-00057946,adulto_mayor,Zona 17,true,,UPDATE,26003
TC-00057948,trabajador,Zona 8,true,,INSERT,5585
TC-00057950,estudiante,Villa Nueva,true,,INSERT,6326
TC-00057951,estudiante,Mixco,true,,INSERT,5026
TC-00057954,trabajador,Zona 7,true,,UPDATE,20408
TC-00057955,trabajador,Zona 13,false,2026-06-29 09:35:00,DELETE,19945
TC-00057956,trabajador,Zona 17,true,,INSERT,22824
TC-00057960,trabajador,Zona 17,true,,INSERT,6247
TC-00057970,adulto_mayor,Zona 18,true,,UPDATE,12132
TC-00057975,general,Zona 9,true,,UPDATE,2627
TC-00057976,general,San Miguel Petapa,true,,UPDATE,16148
TC-00057979,trabajador,San Miguel Petapa,true,,INSERT,26353
TC-00057981,trabajador,Zona 6,true,,UPDATE,17734
TC-00057986,trabajador,Zona 11,true,,INSERT,12434
TC-00057988,trabajador,Mixco,true,,INSERT,22844
TC-00057996,estudiante,Zona 8,true,,UPDATE,16403
TC-00057998,trabajador,Mixco,true,,INSERT,26254
TC-00058001,estudiante,Zona 18,true,,UPDATE,25915
TC-00058002,general,Mixco,true,,UPDATE,18228
TC-00058005,general,Zona 18,true,,UPDATE,5269
TC-00058009,trabajador,Zona 8,true,,UPDATE,14210
TC-00058015,general,Zona 1,true,,UPDATE,21860
TC-00058022,,,false,2026-06-18 05:29:00,DELETE,12410
TC-00058026,adulto_mayor,Zona 9,true,,INSERT,13851
TC-00058029,estudiante,Zona 4,true,,UPDATE,22323
TC-00058030,trabajador,Zona 17,true,,INSERT,15259
TC-00058034,trabajador,Zona 11,true,,INSERT,22163
TC-00058047,estudiante,Zona 9,true,,INSERT,10369
TC-00058050,general,Zona 1,true,,UPDATE,23176
TC-00058052,,,false,2026-06-29 20:25:00,DELETE,19986
TC-00058056,trabajador,Zona 4,true,,INSERT,184
TC-00058058,,,false,2026-07-11 21:12:00,DELETE,28224
TC-00058061,,,false,2026-06-16 05:35:00,DELETE,10981
TC-00058063,,,false,2026-06-23 23:00:00,DELETE,15801
TC-00058065,estudiante,Mixco,true,,UPDATE,29247
TC-00058067,estudiante,Zona 18,true,,UPDATE,9543
TC-00058069,general,Villa Nueva,true,,UPDATE,10905
TC-00058070,general,Zona 12,true,,INSERT,14635
TC-00058075,general,Zona 18,true,,UPDATE,12245
TC-00058080,general,Zona 6,true,,UPDATE,25160
TC-00058083,general,Zona 1,true,,INSERT,13968
TC-00058086,estudiante,Zona 1,true,,UPDATE,15049
TC-00058089,adulto_mayor,Zona 18,true,,UPDATE,7368
TC-00058090,estudiante,Zona 1,true,,UPDATE,1276
TC-00058096,adulto_mayor,Zona 13,true,,UPDATE,16889
TC-00058100,estudiante,Zona 12,true,,UPDATE,15674
TC-00058102,trabajador,Zona 1,true,,UPDATE,16858
TC-00058103,,,false,2026-07-10 22:55:00,DELETE,27535
TC-00058116,trabajador,Zona 7,true,,INSERT,28987
TC-00058125,estudiante,Zona 8,true,,UPDATE,5865
TC-00058128,trabajador,Santa Catarina Pinula,true,,UPDATE,21958
TC-00058134,general,Zona 11,true,,UPDATE,7340
TC-00058136,,,false,2026-06-18 03:07:00,DELETE,12342
TC-00058138,trabajador,Zona 18,true,,INSERT,17487
TC-00058150,,,false,2026-07-11 14:44:00,DELETE,28206
TC-00058155,,,false,2026-06-10 19:42:00,DELETE,6877
TC-00058156,,,false,2026-06-10 21:43:00,DELETE,6814
TC-00058164,trabajador,San Miguel Petapa,true,,INSERT,23002
TC-00058168,estudiante,Zona 12,true,,UPDATE,3969
TC-00058175,general,Zona 4,true,,INSERT,7663
TC-00058180,adulto_mayor,Zona 10,true,,UPDATE,7395
TC-00058186,general,Zona 9,true,,UPDATE,3198
TC-00058188,trabajador,Zona 12,true,,UPDATE,23918
TC-00058191,trabajador,Zona 7,true,,INSERT,2084
TC-00058193,adulto_mayor,Mixco,true,,UPDATE,7992
TC-00058194,trabajador,Zona 8,true,,UPDATE,6687
TC-00058197,trabajador,Santa Catarina Pinula,true,,UPDATE,26602
TC-00058200,trabajador,Zona 7,true,,UPDATE,27486
TC-00058202,estudiante,Zona 13,true,,INSERT,22257
TC-00058203,trabajador,Zona 8,true,,INSERT,11063
TC-00058207,estudiante,Zona 17,true,,INSERT,5660
TC-00058214,general,Zona 9,true,,UPDATE,25833
TC-00058215,estudiante,Zona 8,true,,UPDATE,27408
TC-00058217,trabajador,Zona 8,true,,INSERT,28320
TC-00058218,trabajador,Zona 1,false,2026-07-14 10:38:00,DELETE,30360
TC-00058220,general,Zona 13,true,,UPDATE,29287
TC-00058227,trabajador,Zona 11,true,,INSERT,11823
TC-00058228,trabajador,Santa Catarina Pinula,true,,UPDATE,13497
TC-00058232,,,false,2026-07-14 14:42:00,DELETE,30320
TC-00058234,trabajador,Zona 18,true,,UPDATE,30717
TC-00058235,adulto_mayor,Zona 1,true,,UPDATE,26130
TC-00058236,trabajador,Zona 11,false,2026-07-05 06:15:00,DELETE,24126
TC-00058238,,,false,2026-06-12 16:10:00,DELETE,8243
TC-00058241,trabajador,Zona 11,true,,INSERT,13292
TC-00058243,trabajador,Zona 4,true,,UPDATE,28663
TC-00058248,,,false,2026-06-18 05:01:00,DELETE,12376
TC-00058250,trabajador,Villa Nueva,true,,INSERT,15322
TC-00058254,adulto_mayor,Zona 18,true,,UPDATE,14067
TC-00058255,estudiante,Zona 8,true,,INSERT,30403
TC-00058261,trabajador,Zona 6,false,2026-07-09 07:32:00,DELETE,26882
TC-00058266,adulto_mayor,Villa Nueva,true,,UPDATE,11378
TC-00058270,estudiante,Villa Nueva,true,,UPDATE,19759
TC-00058275,trabajador,Zona 6,true,,UPDATE,7464
TC-00058280,adulto_mayor,Santa Catarina Pinula,true,,INSERT,29058
TC-00058282,estudiante,Zona 12,true,,INSERT,14496
TC-00058283,estudiante,Zona 11,true,,UPDATE,27298
TC-00058286,trabajador,Zona 18,true,,UPDATE,28719
TC-00058287,trabajador,Mixco,true,,INSERT,9154
TC-00058288,estudiante,Villa Nueva,true,,INSERT,30527
TC-00058293,trabajador,Zona 11,true,,INSERT,22908
TC-00058296,general,San Miguel Petapa,true,,UPDATE,19645
TC-00058297,estudiante,Zona 12,true,,UPDATE,12147
TC-00058302,trabajador,Zona 11,true,,INSERT,11211
TC-00058303,general,Zona 9,true,,UPDATE,17512
TC-00058311,adulto_mayor,Zona 4,true,,UPDATE,21778
TC-00058312,adulto_mayor,Zona 8,true,,UPDATE,1659
TC-00058315,adulto_mayor,Zona 12,true,,UPDATE,12310
TC-00058321,trabajador,Zona 17,true,,UPDATE,3284
TC-00058324,estudiante,Zona 18,true,,UPDATE,15007
TC-00058325,general,Zona 7,true,,INSERT,7636
TC-00058327,trabajador,Zona 13,true,,INSERT,15884
TC-00058330,,,false,2026-07-09 08:07:00,DELETE,26845
TC-00058331,trabajador,Zona 1,true,,UPDATE,6808
TC-00058332,general,Santa Catarina Pinula,true,,INSERT,7647
TC-00058335,trabajador,Villa Nueva,true,,UPDATE,16245
TC-00058340,trabajador,Zona 6,false,2026-06-22 09:36:00,DELETE,15138
TC-00058342,adulto_mayor,Zona 12,true,,INSERT,14664
TC-00058344,adulto_mayor,Zona 13,true,,UPDATE,27916
TC-00058351,general,Santa Catarina Pinula,true,,UPDATE,2437
TC-00058353,adulto_mayor,Zona 10,true,,UPDATE,19712
TC-00058354,general,Zona 4,true,,INSERT,29102
TC-00058358,adulto_mayor,Zona 17,true,,UPDATE,279
TC-00058360,estudiante,Zona 4,true,,UPDATE,6713
TC-00058362,adulto_mayor,Santa Catarina Pinula,true,,UPDATE,21868
TC-00058368,estudiante,Zona 4,true,,INSERT,2072
TC-00058375,estudiante,Zona 7,true,,INSERT,7026
TC-00058377,estudiante,Mixco,true,,INSERT,8503
TC-00058381,general,Zona 11,false,2026-07-06 14:40:00,DELETE,24822
TC-00058383,general,Zona 17,true,,UPDATE,17761
TC-00058390,trabajador,Zona 11,true,,INSERT,1536
TC-00058392,,,false,2026-06-03 23:11:00,DELETE,2054
TC-00058394,adulto_mayor,Zona 6,true,,UPDATE,12287
TC-00058399,trabajador,Zona 9,true,,UPDATE,7957
TC-00058400,trabajador,Zona 6,true,,INSERT,29169
TC-00058401,general,Zona 10,true,,INSERT,20716
TC-00058403,trabajador,Zona 7,true,,UPDATE,23985
TC-00058406,trabajador,Zona 12,true,,UPDATE,10811
TC-00058407,,,false,2026-06-15 13:05:00,DELETE,10291
TC-00058412,,,false,2026-07-15 17:58:00,DELETE,31014
TC-00058416,general,San Miguel Petapa,true,,UPDATE,28182
TC-00058418,trabajador,Santa Catarina Pinula,true,,INSERT,17282
TC-00058424,,,false,2026-07-10 04:25:00,DELETE,27562
TC-00058425,estudiante,Zona 17,true,,UPDATE,7964
TC-00058427,trabajador,Mixco,true,,INSERT,28486
TC-00058430,,,false,2026-06-21 01:56:00,DELETE,14415
TC-00058438,general,Zona 18,true,,UPDATE,15588
TC-00058440,general,Zona 13,true,,INSERT,21623
TC-00058441,trabajador,Zona 13,true,,INSERT,18680
TC-00058443,estudiante,Zona 10,true,,INSERT,25587
TC-00058445,estudiante,San Miguel Petapa,true,,UPDATE,20513
TC-00058448,adulto_mayor,Villa Nueva,true,,INSERT,30456
TC-00058455,estudiante,Zona 13,true,,UPDATE,21042
TC-00058457,adulto_mayor,Zona 12,true,,UPDATE,17077
TC-00058459,trabajador,Zona 6,true,,INSERT,24379
TC-00058466,estudiante,Mixco,true,,UPDATE,3217
TC-00058467,,,false,2026-06-24 07:42:00,DELETE,16506
TC-00058468,trabajador,Zona 10,true,,INSERT,7626
TC-00058471,trabajador,Zona 4,true,,UPDATE,1104
TC-00058474,general,Zona 11,true,,UPDATE,13495
TC-00058476,adulto_mayor,San Miguel Petapa,true,,UPDATE,18442
TC-00058477,general,Zona 12,true,,UPDATE,5126
TC-00058479,,,false,2026-06-20 00:08:00,DELETE,13793
TC-00058486,general,San Miguel Petapa,true,,UPDATE,372
TC-00058489,general,Zona 1,true,,UPDATE,14773
TC-00058491,,,false,2026-07-03 10:05:00,DELETE,22686
TC-00058493,trabajador,Zona 12,true,,UPDATE,16351
TC-00058494,adulto_mayor,Zona 18,true,,UPDATE,25255
TC-00058495,trabajador,Zona 8,true,,INSERT,5031
TC-00058501,trabajador,Zona 7,true,,UPDATE,6554
TC-00058505,adulto_mayor,Zona 10,true,,UPDATE,18900
TC-00058507,estudiante,Zona 13,true,,INSERT,25718
TC-00058511,estudiante,Zona 10,true,,UPDATE,11560
TC-00058516,adulto_mayor,Zona 12,true,,INSERT,18815
TC-00058528,trabajador,Zona 10,true,,INSERT,12506
TC-00058530,general,Zona 6,true,,UPDATE,2563
TC-00058533,adulto_mayor,Zona 4,true,,UPDATE,16276
TC-00058536,estudiante,Zona 6,true,,INSERT,29
TC-00058541,general,Santa Catarina Pinula,true,,UPDATE,5406
TC-00058543,trabajador,Zona 6,true,,INSERT,10535
TC-00058546,general,Zona 6,true,,UPDATE,11312
TC-00058549,trabajador,Zona 11,true,,INSERT,18061
TC-00058552,general,Zona 4,true,,UPDATE,1689
TC-00058560,estudiante,Mixco,true,,UPDATE,23749
TC-00058568,trabajador,Mixco,true,,INSERT,12496
TC-00058574,general,Zona 6,true,,UPDATE,17726
TC-00058582,trabajador,Zona 8,false,2026-06-27 04:56:00,DELETE,18599
TC-00058583,adulto_mayor,Zona 8,true,,UPDATE,12046
TC-00058591,trabajador,Zona 7,true,,INSERT,30546
TC-00058592,,,false,2026-07-01 17:00:00,DELETE,21359
TC-00058594,general,Zona 1,true,,UPDATE,28784
TC-00058596,trabajador,Zona 8,true,,UPDATE,10615
TC-00058600,adulto_mayor,Villa Nueva,true,,UPDATE,23038
TC-00058605,estudiante,Mixco,true,,UPDATE,17065
TC-00058608,general,Villa Nueva,true,,UPDATE,3966
TC-00058609,,,false,2026-07-12 21:47:00,DELETE,28925
TC-00058616,adulto_mayor,Villa Nueva,true,,UPDATE,23275
TC-00058617,estudiante,Santa Catarina Pinula,true,,UPDATE,25846
TC-00058619,general,Zona 12,true,,INSERT,10573
TC-00058628,trabajador,Zona 6,true,,UPDATE,8846
TC-00058635,general,Zona 7,true,,INSERT,26441
TC-00058648,trabajador,Zona 11,true,,INSERT,8449
TC-00058650,trabajador,Santa Catarina Pinula,true,,UPDATE,11601
TC-00058651,estudiante,Zona 4,true,,INSERT,22284
TC-00058653,trabajador,Zona 6,false,2026-06-17 20:47:00,DELETE,11661
TC-00058657,estudiante,San Miguel Petapa,true,,UPDATE,20947
TC-00058661,general,Zona 11,true,,UPDATE,29996
TC-00058666,adulto_mayor,Zona 17,true,,UPDATE,21948
TC-00058668,estudiante,Zona 4,true,,INSERT,167
TC-00058671,trabajador,Zona 17,true,,INSERT,30424
TC-00058672,adulto_mayor,Villa Nueva,true,,UPDATE,366
TC-00058678,adulto_mayor,Zona 8,true,,UPDATE,10748
TC-00058679,general,Zona 1,true,,INSERT,7635
TC-00058680,general,Santa Catarina Pinula,true,,UPDATE,10054
TC-00058682,estudiante,Villa Nueva,true,,UPDATE,7938
TC-00058685,estudiante,Zona 13,true,,UPDATE,30727
TC-00058688,,,false,2026-06-18 13:04:00,DELETE,12363
TC-00058690,general,Zona 6,true,,UPDATE,7408
TC-00058691,trabajador,Zona 12,true,,UPDATE,29961
TC-00058694,estudiante,Zona 8,true,,INSERT,30493
TC-00058700,general,Zona 13,true,,INSERT,7713
TC-00058702,trabajador,Villa Nueva,true,,INSERT,28462
TC-00058711,adulto_mayor,Mixco,true,,UPDATE,14903
TC-00058713,general,Villa Nueva,true,,INSERT,7788
TC-00058719,general,Zona 18,true,,UPDATE,20268
TC-00058723,trabajador,Zona 6,true,,UPDATE,1213
TC-00058727,adulto_mayor,Zona 10,true,,UPDATE,27890
TC-00058729,trabajador,Zona 13,true,,INSERT,8990
TC-00058730,estudiante,Mixco,true,,UPDATE,11329
TC-00058733,trabajador,Zona 11,true,,INSERT,5662
TC-00058739,estudiante,Zona 18,true,,INSERT,15287
TC-00058741,trabajador,Villa Nueva,true,,INSERT,22821
TC-00058743,general,Zona 6,true,,INSERT,22827
TC-00058749,trabajador,Villa Nueva,true,,UPDATE,3704
TC-00058754,estudiante,Mixco,true,,UPDATE,11289
TC-00058755,estudiante,Zona 13,true,,UPDATE,19077
TC-00058759,estudiante,Zona 10,true,,UPDATE,30783
TC-00058761,trabajador,Zona 13,true,,INSERT,1392
TC-00058766,trabajador,Villa Nueva,true,,UPDATE,21769
TC-00058771,general,San Miguel Petapa,true,,UPDATE,24605
TC-00058772,trabajador,Zona 11,true,,INSERT,2773
TC-00058774,trabajador,Zona 6,true,,INSERT,20130
TC-00058780,trabajador,Zona 1,true,,UPDATE,25171
TC-00058783,trabajador,Zona 8,true,,UPDATE,8861
TC-00058784,trabajador,Zona 4,true,,INSERT,3484
TC-00058787,trabajador,Zona 9,true,,INSERT,10462
TC-00058791,estudiante,Zona 18,true,,UPDATE,23904
TC-00058794,general,Zona 10,true,,UPDATE,4687
TC-00058795,,,false,2026-07-14 14:15:00,DELETE,30286
TC-00058798,estudiante,Zona 8,true,,UPDATE,16422
TC-00058800,estudiante,Zona 17,true,,UPDATE,14771
TC-00058802,adulto_mayor,Zona 4,true,,UPDATE,27216
TC-00058804,estudiante,Zona 4,true,,INSERT,14650
TC-00058805,general,Zona 1,true,,UPDATE,15771
TC-00058806,general,Zona 10,true,,INSERT,29751
TC-00058810,trabajador,Zona 8,true,,INSERT,3476
TC-00058813,estudiante,Santa Catarina Pinula,true,,UPDATE,30261
TC-00058819,trabajador,Santa Catarina Pinula,true,,INSERT,2159
TC-00058820,,,false,2026-06-10 18:38:00,DELETE,6860
TC-00058822,general,Villa Nueva,true,,INSERT,25722
TC-00058823,,,false,2026-07-02 02:05:00,DELETE,22032
TC-00058826,adulto_mayor,Zona 1,true,,UPDATE,20400
TC-00058828,trabajador,Zona 13,true,,UPDATE,15044
TC-00058830,general,Villa Nueva,true,,UPDATE,7165
TC-00058834,trabajador,Zona 13,true,,INSERT,3572
TC-00058848,trabajador,Zona 9,true,,INSERT,1592
TC-00058850,trabajador,Santa Catarina Pinula,true,,INSERT,11844
TC-00058851,general,Zona 8,true,,UPDATE,13558
TC-00058856,estudiante,Zona 11,true,,INSERT,16561
TC-00058859,adulto_mayor,Santa Catarina Pinula,true,,UPDATE,25793
TC-00058862,estudiante,Zona 13,true,,UPDATE,8659
TC-00058865,adulto_mayor,Villa Nueva,true,,UPDATE,7374
TC-00058866,trabajador,Zona 11,true,,INSERT,18649
TC-00058867,adulto_mayor,Zona 4,true,,UPDATE,26018
TC-00058873,general,Zona 18,true,,INSERT,13135
TC-00058874,general,Zona 18,true,,UPDATE,16857
TC-00058876,general,Zona 8,true,,UPDATE,2503
TC-00058877,trabajador,Zona 10,true,,INSERT,23535
TC-00058880,general,Zona 11,true,,INSERT,21595
TC-00058883,adulto_mayor,Zona 4,true,,UPDATE,10260
TC-00058885,adulto_mayor,Zona 6,true,,UPDATE,7862
TC-00058891,trabajador,San Miguel Petapa,true,,INSERT,4939
TC-00058896,trabajador,Zona 4,true,,UPDATE,29946
TC-00058897,general,Zona 8,true,,UPDATE,25150
TC-00058898,general,Zona 17,true,,INSERT,13250
TC-00058905,adulto_mayor,Zona 18,true,,INSERT,1535
TC-00058906,general,Zona 7,true,,INSERT,8309
TC-00058909,estudiante,Zona 9,true,,UPDATE,12828
TC-00058910,adulto_mayor,Zona 4,true,,INSERT,27781
TC-00058913,general,Zona 13,true,,UPDATE,15020
TC-00058914,adulto_mayor,Zona 17,true,,UPDATE,8734
TC-00058922,estudiante,Zona 18,true,,UPDATE,16366
TC-00058928,estudiante,Zona 18,true,,UPDATE,28043
TC-00058930,estudiante,Zona 12,true,,UPDATE,7168
TC-00058934,estudiante,Zona 12,true,,UPDATE,25411
TC-00058940,estudiante,Zona 7,true,,UPDATE,21071
TC-00058945,general,Zona 18,true,,INSERT,11739
TC-00058946,estudiante,Zona 9,true,,UPDATE,10259
TC-00058949,trabajador,Zona 12,true,,UPDATE,9945
TC-00058950,,,false,2026-06-20 20:53:00,DELETE,13799
TC-00058963,adulto_mayor,Villa Nueva,true,,UPDATE,7211
TC-00058964,adulto_mayor,Zona 6,true,,UPDATE,27491
TC-00058974,general,Villa Nueva,true,,INSERT,27096
TC-00058975,trabajador,Zona 1,true,,UPDATE,23352
TC-00058981,trabajador,San Miguel Petapa,true,,INSERT,5534
TC-00058985,estudiante,Zona 7,true,,UPDATE,26746
TC-00058987,estudiante,San Miguel Petapa,true,,UPDATE,19023
TC-00058991,trabajador,Zona 11,true,,UPDATE,24012
TC-00058996,estudiante,Zona 17,true,,INSERT,11275
TC-00058997,,,false,2026-06-06 18:56:00,DELETE,4128
TC-00058999,general,Zona 1,false,2026-07-12 03:48:00,DELETE,28905
TC-00059002,general,Zona 7,true,,UPDATE,25250
TC-00059012,general,Zona 17,true,,INSERT,27777
TC-00059014,trabajador,Santa Catarina Pinula,true,,INSERT,26381
TC-00059019,estudiante,Zona 1,true,,UPDATE,22507
TC-00059024,trabajador,Zona 4,true,,UPDATE,1026
TC-00059026,general,Zona 6,true,,UPDATE,23953
TC-00059028,trabajador,Zona 9,false,2026-06-12 10:55:00,DELETE,8228
TC-00059029,trabajador,Zona 10,true,,INSERT,25595
TC-00059031,trabajador,Zona 7,true,,UPDATE,27957
TC-00059032,estudiante,Zona 9,true,,UPDATE,14979
TC-00059034,adulto_mayor,Zona 7,true,,UPDATE,6071
TC-00059039,trabajador,Zona 4,true,,INSERT,9689
TC-00059045,general,Zona 12,true,,UPDATE,28597
TC-00059046,estudiante,Zona 7,true,,INSERT,7022
TC-00059049,estudiante,Zona 13,true,,UPDATE,14221
TC-00059051,trabajador,Zona 7,true,,INSERT,11151
TC-00059053,adulto_mayor,Zona 8,true,,UPDATE,21652
TC-00059055,adulto_mayor,Zona 8,true,,UPDATE,21943
TC-00059057,,,false,2026-07-08 10:23:00,DELETE,26216
TC-00059058,trabajador,Zona 8,true,,INSERT,4979
TC-00059060,,,false,2026-07-07 14:17:00,DELETE,25500
TC-00059062,trabajador,Zona 1,true,,INSERT,29804
TC-00059063,general,Villa Nueva,true,,UPDATE,19595
TC-00059064,,,false,2026-07-14 22:33:00,DELETE,30328
TC-00059065,trabajador,Zona 13,true,,UPDATE,14272
TC-00059067,general,Zona 11,true,,UPDATE,8010
TC-00059068,estudiante,Zona 6,true,,UPDATE,19841
TC-00059069,adulto_mayor,San Miguel Petapa,true,,UPDATE,2492
TC-00059070,estudiante,Zona 6,true,,UPDATE,27993
TC-00059074,estudiante,Zona 11,false,2026-06-10 16:21:00,DELETE,6815
TC-00059078,adulto_mayor,Zona 4,true,,INSERT,21419
TC-00059080,general,Villa Nueva,true,,INSERT,15227
TC-00059082,estudiante,Zona 1,false,2026-07-15 22:09:00,DELETE,31015
TC-00059088,general,Zona 1,true,,INSERT,22130
TC-00059089,estudiante,Zona 13,true,,UPDATE,17678
TC-00059094,general,Zona 8,true,,UPDATE,10235
TC-00059096,estudiante,Zona 1,true,,UPDATE,26113
TC-00059097,trabajador,Zona 4,true,,INSERT,30407
TC-00059098,general,Villa Nueva,true,,UPDATE,14857
TC-00059100,adulto_mayor,Zona 7,true,,UPDATE,6451
TC-00059102,trabajador,Zona 13,true,,UPDATE,27853
TC-00059104,,,false,2026-07-13 07:20:00,DELETE,29600
TC-00059105,adulto_mayor,Zona 4,true,,INSERT,18033
TC-00059108,general,Zona 4,true,,UPDATE,15004
TC-00059109,estudiante,Zona 11,true,,UPDATE,7999
TC-00059111,,,false,2026-06-27 17:10:00,DELETE,18568
TC-00059114,,,false,2026-06-17 18:51:00,DELETE,11700
TC-00059115,trabajador,Santa Catarina Pinula,true,,INSERT,22841
TC-00059118,trabajador,Zona 6,true,,UPDATE,19115
TC-00059121,trabajador,Zona 13,true,,UPDATE,27842
TC-00059124,general,Zona 10,true,,UPDATE,30621
TC-00059126,estudiante,Zona 11,true,,UPDATE,16927
TC-00059134,general,Zona 4,true,,INSERT,30534
TC-00059140,estudiante,Zona 17,true,,UPDATE,24597
TC-00059142,general,Santa Catarina Pinula,true,,INSERT,28460
TC-00059143,trabajador,Santa Catarina Pinula,true,,UPDATE,17781
TC-00059144,trabajador,Zona 1,true,,INSERT,3470
TC-00059147,trabajador,Villa Nueva,true,,INSERT,21594
TC-00059150,general,Zona 13,true,,UPDATE,18489
TC-00059152,trabajador,Zona 12,true,,INSERT,5000
TC-00059153,estudiante,San Miguel Petapa,true,,UPDATE,1918
TC-00059154,trabajador,Zona 4,true,,INSERT,30501
TC-00059157,trabajador,Zona 12,true,,UPDATE,12302
TC-00059169,,,false,2026-06-01 03:10:00,DELETE,622
TC-00059171,trabajador,Zona 8,true,,INSERT,24201
TC-00059175,adulto_mayor,Zona 11,true,,UPDATE,28698
TC-00059179,estudiante,Zona 17,true,,UPDATE,20454
TC-00059184,adulto_mayor,Zona 4,true,,UPDATE,28757
TC-00059192,,,false,2026-06-15 01:41:00,DELETE,10348
TC-00059193,,,false,2026-06-13 02:02:00,DELETE,8969
TC-00059196,general,Zona 17,true,,UPDATE,6617
TC-00059201,trabajador,Zona 1,true,,UPDATE,16226
TC-00059207,general,Zona 6,true,,UPDATE,2495
TC-00059211,general,Zona 17,true,,UPDATE,4630
TC-00059216,estudiante,Zona 6,true,,UPDATE,23127
TC-00059229,trabajador,Zona 10,true,,UPDATE,12127
TC-00059230,general,San Miguel Petapa,true,,UPDATE,4528
TC-00059233,general,Zona 13,true,,UPDATE,15459
TC-00059235,trabajador,Zona 17,true,,UPDATE,28694
TC-00059237,,,false,2026-06-10 20:14:00,DELETE,6853
TC-00059241,trabajador,Zona 13,true,,INSERT,23642
TC-00059244,adulto_mayor,Zona 9,true,,UPDATE,9219
TC-00059252,trabajador,Zona 9,true,,INSERT,18027
TC-00059253,adulto_mayor,San Miguel Petapa,true,,UPDATE,26756
TC-00059260,estudiante,Villa Nueva,true,,UPDATE,29285
TC-00059261,trabajador,Zona 7,true,,INSERT,3495
TC-00059263,estudiante,Santa Catarina Pinula,true,,UPDATE,3998
TC-00059264,trabajador,Zona 6,true,,INSERT,14634
TC-00059272,trabajador,Zona 12,true,,UPDATE,18411
TC-00059275,estudiante,Santa Catarina Pinula,true,,UPDATE,8715
TC-00059277,trabajador,Zona 10,true,,INSERT,7002
TC-00059278,adulto_mayor,Zona 17,true,,UPDATE,22592
TC-00059282,trabajador,Zona 7,true,,INSERT,19380
TC-00059284,adulto_mayor,Zona 11,true,,UPDATE,21161
TC-00059289,adulto_mayor,Zona 13,true,,INSERT,25589
TC-00059290,general,Zona 17,true,,INSERT,25062
TC-00059297,trabajador,Zona 12,true,,UPDATE,23769
TC-00059301,general,Villa Nueva,true,,INSERT,16086
TC-00059302,trabajador,Villa Nueva,true,,INSERT,19483
TC-00059305,general,Zona 7,true,,UPDATE,1722
TC-00059313,trabajador,San Miguel Petapa,true,,INSERT,15989
TC-00059321,trabajador,Zona 18,true,,UPDATE,14381
TC-00059324,trabajador,Zona 13,true,,INSERT,11831
TC-00059332,trabajador,Mixco,true,,INSERT,15339
TC-00059342,adulto_mayor,Zona 18,true,,UPDATE,19652
TC-00059346,general,Mixco,true,,INSERT,23672
TC-00059350,general,Zona 6,true,,UPDATE,5833
TC-00059355,,,false,2026-06-22 20:07:00,DELETE,15177
TC-00059358,estudiante,Zona 1,true,,INSERT,29765
TC-00059359,general,Zona 18,true,,UPDATE,314
TC-00059360,trabajador,Zona 7,true,,INSERT,28302
TC-00059363,trabajador,Zona 12,true,,UPDATE,28625
TC-00059364,adulto_mayor,Zona 7,true,,UPDATE,7183
TC-00059365,general,Villa Nueva,false,2026-07-06 19:05:00,DELETE,24791
TC-00059369,estudiante,Zona 13,true,,UPDATE,28032
TC-00059372,adulto_mayor,Zona 12,true,,INSERT,23604
TC-00059375,trabajador,Zona 17,true,,INSERT,20072
TC-00059380,general,Mixco,true,,UPDATE,28070
TC-00059383,trabajador,Zona 18,true,,INSERT,24233
TC-00059387,trabajador,Zona 13,true,,INSERT,29725
TC-00059388,estudiante,San Miguel Petapa,true,,UPDATE,16224
TC-00059389,trabajador,Mixco,true,,INSERT,23521
TC-00059393,,,false,2026-06-12 00:51:00,DELETE,8274
TC-00059398,trabajador,Santa Catarina Pinula,true,,INSERT,8319
TC-00059406,general,Zona 9,false,2026-07-06 16:37:00,DELETE,24807
TC-00059409,,,false,2026-06-10 17:12:00,DELETE,6820
TC-00059411,trabajador,Zona 10,true,,INSERT,26982
TC-00059414,general,Zona 13,true,,UPDATE,10189
TC-00059418,trabajador,Zona 11,true,,INSERT,15229
TC-00059420,estudiante,Mixco,true,,UPDATE,23743
TC-00059422,trabajador,Zona 7,true,,INSERT,18687
TC-00059423,trabajador,Zona 8,true,,INSERT,26315
TC-00059424,,,false,2026-06-03 12:28:00,DELETE,2061
TC-00059427,estudiante,Zona 8,true,,UPDATE,21231
TC-00059433,general,Zona 7,false,2026-06-13 04:04:00,DELETE,8935
TC-00059434,trabajador,Zona 13,true,,UPDATE,23799
TC-00059438,estudiante,Zona 4,true,,UPDATE,7228
TC-00059439,trabajador,Zona 6,true,,UPDATE,5087
TC-00059440,trabajador,Mixco,true,,UPDATE,12894
TC-00059445,,,false,2026-07-06 13:20:00,DELETE,24774
TC-00059449,trabajador,Zona 4,true,,UPDATE,13706
TC-00059450,estudiante,Zona 17,true,,UPDATE,12089
TC-00059451,trabajador,Santa Catarina Pinula,true,,INSERT,19470
TC-00059458,general,Zona 11,true,,UPDATE,30613
TC-00059461,estudiante,Zona 6,true,,UPDATE,12743
TC-00059464,estudiante,Santa Catarina Pinula,true,,UPDATE,9218
TC-00059469,trabajador,Zona 18,true,,INSERT,84
TC-00059470,estudiante,Zona 6,true,,UPDATE,319
TC-00059473,general,San Miguel Petapa,true,,INSERT,11785
TC-00059477,adulto_mayor,Zona 10,true,,UPDATE,16437
TC-00059481,estudiante,Zona 11,false,2026-07-08 22:44:00,DELETE,26151
TC-00059483,adulto_mayor,San Miguel Petapa,true,,INSERT,26429
TC-00059485,trabajador,Santa Catarina Pinula,true,,INSERT,18820
TC-00059486,estudiante,Zona 8,true,,UPDATE,28105
TC-00059491,trabajador,Zona 1,true,,INSERT,9867
TC-00059496,trabajador,Zona 6,false,2026-07-02 21:28:00,DELETE,22012
TC-00059497,trabajador,Mixco,true,,INSERT,115
TC-00059498,trabajador,Zona 6,true,,INSERT,21612
TC-00059500,general,Zona 13,true,,INSERT,18156
TC-00059502,trabajador,Zona 12,true,,INSERT,25054
TC-00059512,adulto_mayor,Zona 9,true,,INSERT,26351
TC-00059519,general,Zona 11,true,,UPDATE,15479
TC-00059522,,,false,2026-06-09 19:51:00,DELETE,6158
TC-00059524,general,San Miguel Petapa,true,,UPDATE,25801
TC-00059527,general,Zona 8,true,,UPDATE,29570
TC-00059530,general,Santa Catarina Pinula,true,,UPDATE,9926
TC-00059531,trabajador,Santa Catarina Pinula,true,,UPDATE,10911
TC-00059539,,,false,2026-06-14 19:13:00,DELETE,9579
TC-00059544,estudiante,Zona 12,true,,UPDATE,6707
TC-00059546,adulto_mayor,Zona 12,true,,UPDATE,14763
TC-00059549,estudiante,Santa Catarina Pinula,true,,INSERT,26385
TC-00059551,trabajador,San Miguel Petapa,true,,UPDATE,5306
TC-00059554,adulto_mayor,Zona 12,true,,UPDATE,25139
TC-00059555,estudiante,Zona 8,true,,UPDATE,30001
TC-00059559,trabajador,Zona 10,true,,INSERT,13956
TC-00059563,adulto_mayor,Zona 18,true,,INSERT,14533
TC-00059564,estudiante,Zona 13,true,,UPDATE,1079
TC-00059565,general,Zona 6,true,,INSERT,8464
TC-00059566,trabajador,Zona 10,true,,INSERT,11243
TC-00059568,estudiante,Zona 17,true,,UPDATE,30771
TC-00059572,,,false,2026-06-19 01:12:00,DELETE,13095
TC-00059573,,,false,2026-07-07 09:20:00,DELETE,25490
TC-00059583,trabajador,Zona 12,true,,INSERT,21496
TC-00059593,,,false,2026-06-06 16:45:00,DELETE,4065
TC-00059594,estudiante,Zona 6,true,,INSERT,30479
TC-00059595,estudiante,Santa Catarina Pinula,true,,UPDATE,10111
TC-00059596,general,Zona 8,true,,UPDATE,19654
TC-00059597,,,false,2026-07-10 07:57:00,DELETE,27536
TC-00059599,general,San Miguel Petapa,true,,UPDATE,30077
TC-00059600,trabajador,Zona 6,true,,INSERT,28511
TC-00059605,estudiante,Zona 17,true,,UPDATE,1806
TC-00059606,trabajador,Zona 9,true,,INSERT,18087
TC-00059607,adulto_mayor,Zona 8,true,,UPDATE,3303
TC-00059608,adulto_mayor,Zona 6,true,,INSERT,24891
TC-00059609,trabajador,Zona 7,true,,UPDATE,27287
TC-00059610,trabajador,San Miguel Petapa,false,2026-06-29 16:56:00,DELETE,19944
TC-00059611,,,false,2026-06-02 22:36:00,DELETE,1362
TC-00059612,adulto_mayor,Zona 11,true,,UPDATE,7484
TC-00059614,estudiante,San Miguel Petapa,true,,INSERT,26349
TC-00059617,trabajador,Mixco,false,2026-06-20 19:51:00,DELETE,13721
TC-00059620,adulto_mayor,Zona 9,true,,INSERT,22906
TC-00059629,estudiante,Santa Catarina Pinula,true,,UPDATE,7251
TC-00059635,trabajador,Villa Nueva,true,,UPDATE,27505
TC-00059640,estudiante,Zona 6,true,,UPDATE,19887
TC-00059642,estudiante,Zona 7,true,,UPDATE,17548
TC-00059644,estudiante,Zona 8,true,,INSERT,29075
TC-00059649,general,Zona 1,true,,INSERT,22794
TC-00059650,general,Zona 11,true,,UPDATE,13473
TC-00059652,general,Zona 7,true,,INSERT,14515
TC-00059654,general,Zona 6,true,,INSERT,9047
TC-00059655,adulto_mayor,Zona 18,true,,UPDATE,23089
TC-00059657,,,false,2026-07-02 14:59:00,DELETE,22031
TC-00059663,trabajador,Zona 4,true,,INSERT,23530
TC-00059665,estudiante,Mixco,true,,UPDATE,29554
TC-00059668,,,false,2026-06-27 12:43:00,DELETE,18615
TC-00059669,general,Zona 6,true,,UPDATE,26812
TC-00059671,estudiante,Santa Catarina Pinula,true,,UPDATE,30051
TC-00059672,trabajador,Zona 4,true,,INSERT,4836
TC-00059673,,,false,2026-06-20 20:34:00,DELETE,13756
TC-00059674,adulto_mayor,Zona 11,true,,UPDATE,2396
TC-00059681,adulto_mayor,Zona 4,true,,UPDATE,26095
TC-00059685,adulto_mayor,Mixco,true,,UPDATE,29941
TC-00059690,trabajador,Zona 4,false,2026-07-03 11:47:00,DELETE,22699
TC-00059697,adulto_mayor,Zona 18,true,,UPDATE,27909
TC-00059698,estudiante,Zona 18,true,,INSERT,20782
TC-00059699,trabajador,Zona 6,true,,INSERT,11953
TC-00059700,trabajador,San Miguel Petapa,true,,INSERT,24216
TC-00059704,adulto_mayor,Villa Nueva,true,,UPDATE,29244
TC-00059705,estudiante,Zona 12,true,,INSERT,5584
TC-00059708,trabajador,Zona 18,true,,INSERT,7115
TC-00059711,,,false,2026-06-19 12:39:00,DELETE,13057
TC-00059712,general,San Miguel Petapa,true,,INSERT,16562
TC-00059714,trabajador,San Miguel Petapa,true,,INSERT,17990
TC-00059717,trabajador,Mixco,true,,INSERT,9078
TC-00059721,general,San Miguel Petapa,true,,INSERT,5579
TC-00059722,general,Zona 13,true,,INSERT,30585
TC-00059723,estudiante,Zona 9,true,,INSERT,9139
TC-00059727,general,Zona 6,true,,UPDATE,28870
TC-00059730,,,false,2026-06-24 04:52:00,DELETE,16519
TC-00059733,general,Zona 7,true,,UPDATE,14125
TC-00059738,adulto_mayor,Zona 6,true,,UPDATE,2318
TC-00059741,trabajador,Zona 6,true,,UPDATE,12735
TC-00059742,trabajador,Zona 12,true,,INSERT,8365
TC-00059743,trabajador,Zona 1,true,,INSERT,19410
TC-00059746,trabajador,Zona 13,true,,UPDATE,472
TC-00059749,,,false,2026-07-01 20:03:00,DELETE,21312
TC-00059752,estudiante,Zona 13,true,,UPDATE,7378
TC-00059753,trabajador,Zona 4,true,,INSERT,11811
TC-00059761,trabajador,Zona 6,true,,INSERT,23481
TC-00059767,adulto_mayor,Zona 18,true,,UPDATE,25974
TC-00059768,trabajador,Mixco,true,,UPDATE,15484
TC-00059770,estudiante,Zona 18,true,,UPDATE,19196
TC-00059776,adulto_mayor,Zona 9,true,,UPDATE,26645
TC-00059777,trabajador,Zona 10,true,,INSERT,29002
TC-00059785,trabajador,Santa Catarina Pinula,true,,INSERT,29178
TC-00059787,trabajador,Villa Nueva,true,,INSERT,29813
TC-00059788,trabajador,Villa Nueva,true,,INSERT,26396
TC-00059791,adulto_mayor,Zona 9,true,,UPDATE,7388
TC-00059793,trabajador,Zona 17,true,,UPDATE,27444
TC-00059794,estudiante,Zona 17,true,,UPDATE,24466
TC-00059795,trabajador,Zona 13,true,,INSERT,27097
TC-00059798,,,false,2026-07-12 11:47:00,DELETE,28913
TC-00059799,general,San Miguel Petapa,true,,UPDATE,10856
TC-00059800,general,Villa Nueva,true,,INSERT,23694
TC-00059803,adulto_mayor,Villa Nueva,true,,UPDATE,16814
TC-00059804,trabajador,Mixco,true,,INSERT,113
TC-00059807,,,false,2026-06-13 20:31:00,DELETE,8893
TC-00059812,adulto_mayor,Zona 13,true,,UPDATE,4501
TC-00059817,trabajador,Santa Catarina Pinula,true,,UPDATE,26742
TC-00059820,trabajador,Zona 13,true,,INSERT,27126
TC-00059825,general,Zona 9,true,,INSERT,16023
TC-00059829,estudiante,Zona 11,true,,UPDATE,8542
TC-00059833,general,Villa Nueva,true,,INSERT,8466
TC-00059835,,,false,2026-07-14 15:58:00,DELETE,30329
TC-00059837,adulto_mayor,Zona 8,true,,UPDATE,15675
TC-00059838,estudiante,Zona 8,true,,UPDATE,14313
TC-00059844,,,false,2026-06-11 11:14:00,DELETE,7587
TC-00059846,general,Zona 13,true,,INSERT,27660
TC-00059848,trabajador,Zona 4,true,,INSERT,15291
TC-00059855,adulto_mayor,Zona 17,true,,INSERT,10456
TC-00059859,adulto_mayor,Zona 1,true,,INSERT,4244
TC-00059860,adulto_mayor,Zona 7,true,,UPDATE,17030
TC-00059862,adulto_mayor,Zona 6,true,,UPDATE,20449
TC-00059864,trabajador,Zona 18,true,,UPDATE,21144
TC-00059868,estudiante,Villa Nueva,false,2026-07-12 12:56:00,DELETE,28978
TC-00059872,trabajador,Zona 6,true,,INSERT,14719
TC-00059873,adulto_mayor,Santa Catarina Pinula,true,,UPDATE,3311
TC-00059876,trabajador,San Miguel Petapa,true,,INSERT,27006
TC-00059879,general,Zona 4,true,,UPDATE,16247
TC-00059884,trabajador,Zona 17,true,,UPDATE,11382
TC-00059888,general,Mixco,true,,INSERT,22113
TC-00059903,adulto_mayor,Zona 18,true,,UPDATE,5789
TC-00059906,adulto_mayor,San Miguel Petapa,true,,UPDATE,16397
TC-00059907,estudiante,Zona 9,true,,UPDATE,23115
TC-00059912,estudiante,Mixco,true,,INSERT,20774
TC-00059913,trabajador,San Miguel Petapa,true,,UPDATE,15024
TC-00059917,,,false,2026-07-10 15:51:00,DELETE,27585
TC-00059918,estudiante,Zona 10,true,,UPDATE,30073
TC-00059919,estudiante,Zona 4,true,,INSERT,23600
TC-00059928,trabajador,Zona 12,true,,INSERT,9860
TC-00059936,general,Santa Catarina Pinula,true,,UPDATE,8545
TC-00059939,trabajador,Zona 10,true,,INSERT,16652
TC-00059942,,,false,2026-07-12 11:50:00,DELETE,28936
TC-00059951,trabajador,Zona 18,true,,INSERT,22880
TC-00059959,,,false,2026-07-09 22:22:00,DELETE,26854
TC-00059969,general,Zona 17,true,,UPDATE,13428
TC-00059971,general,Zona 18,true,,UPDATE,10669
TC-00059975,adulto_mayor,Villa Nueva,true,,UPDATE,27232
TC-00059976,estudiante,Zona 9,false,2026-07-06 13:45:00,DELETE,24798
TC-00059981,trabajador,Zona 13,true,,INSERT,14574
TC-00059983,estudiante,Zona 11,true,,UPDATE,12999
TC-00059986,estudiante,Zona 8,true,,UPDATE,26053
TC-00059989,adulto_mayor,Zona 17,true,,UPDATE,30731
TC-00059994,trabajador,Zona 1,true,,UPDATE,14181
TC-00059997,trabajador,Mixco,true,,INSERT,27621
